Unnamed: 0,citation_items
0,"Pado and Lapata, 2006"
1,"Li and Yamanishi, 1997"
2,"Titov and McDonald, 2008"
3,"Bejan and Harabagiu, 2014"
4,"Cahill and Forst, 2010"
5,"Kuzman et al., 2009"
6,"Stratos et al., 2015"
7,"Mancini et al., 2007"
8,"Heilman and Smith, 2010"
9,"Neelakantan et al., 2015"
10,"Schwartz et al., 2014"
11,"Lau et al., 2011"
12,"Niu et al., 2004"
13,"Holen, 2013"
14,"Specia et al., 2012"
15,"Qazvinian et al., 2011"
16,"Nederhof, 2009"
17,"Edmonds and Hirst, 2002"
18,"Deoskar et al., 2014"
19,"Kuhlmann, 2013"
20,"Tan and Cheng, 2009"
21,"Uzuner et al., 2005"
22,"Cucchiarelli et al., 1998"
23,"Okanohara and Tsujii, 2007"
24,"Herbelot and Copestake, 2011"
25,"Ruifang and Mooney, 2006"
26,"Holt and Klein, 1999"
27,"Riedel et al., 2010"
28,"Sim et al., 2012"
29,"Rajkumar and White, 2011"
30,"Hasegawa et al., 2004"
31,"Mohammad et al., 2009"
32,"Balasubramanian et al., 2013"
33,"Morrill, 1999"
34,"Levin et al., 2003"
35,"Byrne et al., 2013"
36,"Sumita, 2000"
37,"Baker and Fillmore, 1998"
38,"Lin, 1999"
39,"Vaidya et al., 2011"
40,"Mazidi and Nielsen, 2014"
41,"Bloom et al., 2007"
42,"Veale and Hao, 2007"
43,"Lavoie and Rambow, 1997"
44,"Mohamed et al., 2015"
45,"Taboada et al., 2009"
46,"Krovetz, 1997"
47,"Whittaker and Stenton, 1988"
48,"Farkas and Schmid, 2012"
49,"Tillmann, 2008"
50,"Ortiz-Martinez et al., 2010"
51,"Barzilay and McKeown, 2001"
52,"Lin and Cherry, 2003"
53,"Cheng, 1998"
54,"Moens et al., 2006"
55,"Gaizauskas et al., 2015"
56,"Lampos et al., 2014"
57,"Packard, 2014"
58,"Mizuta and Collier, 2004"
59,"Haghighi et al., 2009"
60,"Venugopal et al., 2007"
61,"Kökciyan et al., 2013"
62,"Bod, 1998"
63,"Fort et al., 2009"
64,"Coyne et al., 2011"
65,"Tetreault et al., 2007"
66,"Heinz and Rogers, 2010"
67,"Horvat and Byrne, 2014"
68,"Canny et al., 2013"
69,"Demberg et al., 2012"
70,"Durrani et al., 2013"
71,"Filippova and Altun, 2013"
72,"Pantel et al., 2007"
73,"Navarretta, 2000"
74,"Pyysalo et al., 2009"
75,"Ilhan et al., 2001"
76,"Tuggener, 2014"
77,"Dale and Viethen, 2009"
78,"Thompson et al., 2004"
79,"Lin and Hovy, 1997"
80,"Pitler and Nenkova, 2008"
81,"Suchanek et al., 2006"
82,"Poon and Vanderwende, 2010"
83,"Riedel and Meza-Ruiz, 2008"
84,"Fossati et al., 2013"
85,"Skory and Eskenazi, 2010"
86,"Balasuriya et al., 2009"
87,"Grenager and Manning, 2006"
88,"Federmann et al., 2010"
89,"Poveda et al., 2009"
90,"Ginsparg, 1983"
91,"Henderson and Lane, 1998"
92,"Mani and Pustejovsky, 2004"
93,"Wong and Mooney, 2006"
94,"Nesson and Shieber, 2007"
95,"Zarrieβ and Richardson, 2013"
96,"Gorinski et al., 2013"
97,"Gong et al., 2012"
98,"Charniak and Berland, 1999"
99,"Hindle and Rooth, 1991"
100,"Pighin and Moschitti, 2009"
101,"Kulkarni and Pedersen, 2005"
102,"Rimell and Clark, 2008"
103,"Hassanali et al., 2013"
104,"Elsner et al., 2007"
105,"DeNero and Macherey, 2011"
106,"Hana et al., 2006"
107,"McNamee and Mayfield, 2002"
108,"Litman et al., 2001"
109,"Ryu and Choi, 2006"
110,"Creutz and Lagus, 2004"
111,"Joanis et al., 2007"
112,"Hagen et al., 2015"
113,"Gandrabur and Foster, 2003"
114,"Ghosh et al., 2014"
115,"Don, 1993"
116,"Leung et al., 2011"
117,"Shen et al., 2005"
118,"Blackburn et al., 1993"
119,"Ekbal and Bandyopadhyay, 2009"
120,"Snyder et al., 2013"
121,"Snyder and Barzilay, 2007"
122,"Hayes, 1984"
123,"Macherey et al., 2011"
124,"Yano et al., 2010"
125,"Coch, 1996"
126,"Powers and Huang, 2004"
127,"Higashinaka et al., 2003"
128,"Fitzgerald et al., 2009"
129,"Marrafa and Mendes, 2006"
130,"Demirsahin and Zeyrek, 2014"
131,"Ide et al., 2009"
132,"Medelyan, 2007"
133,"Faruqui et al., 2015"
134,"Jing and McKeown, 2000"
135,"Bach et al., 2009"
136,"Elhadad and Sutaria, 2007"
137,"Liu and Gildea, 2005"
138,"Nomoto and Matsumoto, 1999"
139,"Curto et al., 2011"
140,"Charniak, 2005"
141,"Kilicoglu and Bergler, 2009"
142,"Hunsicker et al., 2012"
143,"Corley and Mihalcea, 2005"
144,"Hovy and Søgaard, 2015"
145,"Stymne, 2011"
146,"Cortes et al., 2014"
147,"Olteanu et al., 2006"
148,"Johnson, 2009"
149,"Munteanu and Marcu, 2006"
150,"Fader et al., 2013"
151,"Zitouni and Florian, 2008"
152,"Berwick, 1980"
153,"Strappavara and Mihalcea, 2007"
154,"Shemtov, 1993"
155,"Johansson, 2013"
156,"Selfridge and Heeman, 2010"
157,"Moore et al., 2006"
158,"Garrido et al., 2012"
159,"Cohn and Blunsom, 2009"
160,"Comelles and Atserias, 2014"
161,"Hartrumpf, 2006"
162,"Stoness et al., 2004"
163,"Pustejovsky, 2013"
164,"Higashinaka et al., 2010"
165,"Mikhailian et al., 2009"
166,"Kurz, 2000"
167,"Dickinson and Meurers, 2003"
168,"Tu, 2012"
169,"Toutanova et al., 2008"
170,"Zhang and DeNero, 2014"
171,"Kloft et al., 2014"
172,"Dyer et al., 2008"
173,"Bohus and Horvitz, 2009"
174,"Lukasik et al., 2015"
175,"Kwiatowski et al., 2013"
176,"Liu and Gildea, 2006"
177,"Banik et al., 2013"
178,"Li and Wu, 2012"
179,"Carlson et al., 2009"
180,"Feldman et al., 2009"
181,"Schütze, 1995"
182,"Culotta and Jeffrey, 2004"
183,"Riedel and McCallum, 2011"
184,"Llopis et al., 2002"
185,"Borisov et al., 2013"
186,"Kim et al., 2004"
187,"Moore, 2000"
188,"Gorman and Curran, 2005"
189,"Petrov et al., 2006"
190,"Ferret et al., 1998"
191,"Knight and Graehl, 1998"
192,"Barzilay and Lapata, 2006"
193,"Petrovic et al., 2012"
194,"Manning, 2003"
195,"Willis, 2015"
196,"Chalothorn and Ellman, 2013"
197,"Mitkov, 1998"
198,"Sutton and McCallum, 2005"
199,"Brants, 2000"
200,"Kumar and Byrne, 2004"
201,"Tanaka et al., 2009"
202,"Stevenson and Greenwood, 2005"
203,"Culotta et al., 2007"
204,"Popovic, 2012"
205,"Lerman and McDonald, 2009"
206,"Jokinen et al., 1998"
207,"Pauls et al., 2010"
208,"Vita et al., 2003"
209,"Chung, 2004"
210,"Rafferty and Manning, 2008"
211,"O'Donnell, 1996"
212,"Engonopoulos et al., 2013"
213,"Konstas and Lapata, 2012"
214,"Feng et al., 2012"
215,"Clarke et al., 2008"
216,"Dogan and Lu, 2012"
217,"Nakashole et al., 2012"
218,"Eom et al., 2012"
219,"Lin et al., 2011"
220,"Loáiciga and Wehrli, 2015"
221,"Prochasson and Fung, 2011"
222,"Jiang et al., 2009"
223,"Garg and Henderson, 2011"
224,"Herdadelen and Baroni, 2009"
225,"Teufel and Moens, 1997"
226,"Alshawi, 2003"
227,"Chu-Carroll and Carpenter, 1998"
228,"Peirsman and Speelman, 2009"
229,"Lewis and Steedman, 2013"
230,"Bjšrne et al., 2009"
231,"Cuadros and Rigau, 2007"
232,"Gross, 1984"
233,"Meyers et al., 1998"
234,"Hong et al., 2011"
235,"Wu and Weld, 2010"
236,"Wang and Cardie, 2011"
237,"Bethard et al., 2009"
238,"Bowman and Chopra, 2012"
239,"Brooke et al., 2012"
240,"Eckert and Strube, 1999"
241,"Shi and Mihalcea, 2004"
242,"Abend and Rappoport, 2013"
243,"Vlachos and Clark, 2014"
244,"Powers, 1997"
245,"Müller et al., 2013"
246,"Colbath and Kubala, 2003"
247,"Tanabe and Wilbur, 2006"
248,"Nerbonne, 2003"
249,"Hu et al., 2014"
250,"Siegel and Bender, 2002"
251,"Fancellu and Webber, 2014"
252,"Snow et al., 2006"
253,"Kulkarni and Finlayson, 2011"
254,"Ng et al., 2013"
255,"Grady and Lease, 2010"
256,"Toutanova et al., 2005"
257,"Areces et al., 2008"
258,"Barnard and Johnson, 2005"
259,"Qian and Liu, 2012"
260,"Tablan et al., 2013"
261,"Loftsson, 2009"
262,"Kolomiyets et al., 2012"
263,"Bendersky et al., 2011"
264,"Jurgens et al., 2012"
265,"Liu and Gildea, 2009"
266,"Davidov and Rappoport, 2010"
267,"Settles, 2008"
268,"Litkowski, 2002"
269,"Choi et al., 2015"
270,"Tan, 2009"
271,"Niyu et al., 1998"
272,"Takeuchi and Collier, 2003"
273,"Sayeed et al., 2009"
274,"Toutanova and Moore, 2001"
275,"Passonneau et al., 2009"
276,"Qu and Liu, 2012"
277,"Heeman and Allen, 1994"
278,"Russo et al., 2015"
279,"Schabes and Waters, 1993"
280,"Curran and Moens, 2002"
281,"Neubig et al., 2011"
282,"Joshi and Carolyn, 2009"
283,"Finkel and Manning, 2008"
284,"Toutanova and Chen, 2015"
285,"Carter, 1994"
286,"Mann, 2001"
287,"Grefenstette et al., 2014"
288,"Hockenmaier, 2006"
289,"Gusev et al., 2010"
290,"Joanis and Stevenson, 2003"
291,"Gubanov et al., 2014"
292,"Oda et al., 2014"
293,"Webber and Joshi, 2012"
294,"Agarwal et al., 2012"
295,"Naim et al., 2013"
296,"Mellish and Evans, 1989"
297,"Huck and Ney, 2012"
298,"Hollingshead and Roark, 2007"
299,"Pecina, 2005"
300,"Spitkovsky et al., 2010"
301,"Bontcheva et al., 2002"
302,"Fum et al., 1989"
303,"Jing et al., 2003"
304,"Hassan et al., 2014"
305,"Recasens et al., 2013"
306,"Zhang et al., 2003"
307,"Martínez and Agirre, 2000"
308,"Huang et al., 2012"
309,"Yogatama et al., 2012"
310,"Sinha et al., 2009"
311,"Ganchev et al., 2012"
312,"Dale et al., 2012"
313,"Ichikawa et al., 2006"
314,"Xue, 2008"
315,"Wilson and Wiebe, 2005"
316,"Filatova, 2004"
317,"Jijkoun, 2003"
318,"Varile and Lau, 1988"
319,"Oflazer and Nirenburg, 1999"
320,"Jones et al., 2012"
321,"Heinz et al., 2011"
322,"Tillmann, 2004"
323,"Weerkamp and Rijke, 2008"
324,"Veale et al., 2008"
325,"Gildea, 2003"
326,"Chang and Lai, 2004"
327,"Copestake, 2007"
328,"Okazaki et al., 2008"
329,"Power and Cavallotto, 1996"
330,"Chen et al., 1998"
331,"Bonial et al., 2013"
332,"Mihalcea, 2004"
333,"Nakashole et al., 2013"
334,"Fox et al., 1988"
335,"Brants and Skut, 1998"
336,"Ivanovic, 2005"
337,"Lonneker, 2005"
338,"Chen and Kuhn, 2011"
339,"Fang et al., 2011"
340,"Cohn and Blunsom, 2010"
341,"Wu et al., 2013"
342,"Chen and Kuhn, 2005"
343,"Shindo et al., 2011"
344,"Scott, 1998"
345,"Misu et al., 2014"
346,"Gimpel and Smith, 2009"
347,"Tateishi et al., 2000"
348,"Whitney and Sarkar, 2012"
349,"Dienes and Dubey, 2003"
350,"Andrews et al., 2012"
351,"Zou et al., 2013"
352,"Cotterell et al., 2014"
353,"Tse and Curran, 2012"
354,"Purver and Battersby, 2012"
355,"Parisien et al., 2008"
356,"Zhao and Vogel, 2003"
357,"Reitter et al., 2006"
358,"Kim and Snyder, 2012"
359,"Kilicoglu and Bergler, 2010"
360,"Kozareva and Ravi, 2011"
361,"Hirschman et al., 1999"
362,"Nebhi, 2012"
363,"Hasler et al., 2014"
364,"Miyao and Tsujii, 2005"
365,"Jha et al., 2013"
366,"Yao et al., 2011"
367,"Baldwin and Villavicencio, 2002"
368,"Bringert et al., 2009"
369,"Williams, 2007"
370,"Bu et al., 2010"
371,"Okanohara, 2007"
372,"Widdows, 2005"
373,"Mikheev et al., 1999"
374,"Och et al., 2002"
375,"Narayan and Cohen, 2015"
376,"Post, 2011"
377,"Agarwal et al., 2010"
378,"Hassan et al., 2007"
379,"Raymond and Mooney, 2006"
380,"Kiddon and Brun, 2011"
381,"Modi et al., 2012"
382,"Pradhan and Xue, 2009"
383,"Naradowsky et al., 2012"
384,"Rosenthal and McKeown, 2013"
385,"Cristea et al., 2000"
386,"Chang et al., 2007"
387,"Brill, 2000"
388,"Brun et al., 2014"
389,"Chahuneau et al., 2013"
390,"Zhao et al., 2007"
391,"Heafield et al., 2009"
392,"Lison, 2012"
393,"McClosky et al., 2010"
394,"Schulder and Hovy, 2014"
395,"Ritchie, 2005"
396,"Cherry and Foster, 2012"
397,"Ferschke et al., 2012"
398,"Harbusch, 1990"
399,"Dinarelli et al., 2009"
400,"Bjrne and Salakoski, 2011"
401,"Nicolai et al., 2013"
402,"Cai and Yates, 2013"
403,"Veale, 2014"
404,"Clark and Weir, 2001"
405,"Rimell et al., 2009"
406,"Lugue et al., 2012"
407,"Chen et al., 2014"
408,"Lu, 2014"
409,"Ceylan and Kim, 2009"
410,"Dale and Mazur, 2006"
411,"Friedrich et al., 2015"
412,"Yangarber, 2003"
413,"Hajime et al., 1998"
414,"Celikyilmaz et al., 2010"
415,"Riloff et al., 2006"
416,"McKeown et al., 1997"
417,"Rozovskaya et al., 2012"
418,"Tomokiyo and Hurst, 2003"
419,"Erbach, 1992"
420,"Brun, 1998"
421,"Espinosa et al., 2010"
422,"Watanabe and Sumita, 2011"
423,"Hinrichs, 1987"
424,"Whitehead and Cavedon, 2010"
425,"Lin and Rey, 2004"
426,"Elsner and Santhanam, 2011"
427,"Erk et al., 2009"
428,"Pan and Hirschberg, 2000"
429,"Levitan et al., 2012"
430,"Dubremetz and Nivre, 2014"
431,"Kim et al., 2006"
432,"Schoenemann, 2010"
433,"Roberts and Harabagiu, 2012"
434,"Kazantseva and Szpakowicz, 2010"
435,"Feng et al., 2011"
436,"Corlett and Penn, 2010"
437,"Bilmes and Kirchhoff, 2003"
438,"Palmer and Hearst, 1994"
439,"Kwong, 1998"
440,"Dorow and Widdows, 2003"
441,"Tomanek et al., 2010"
442,"Movshovitz-Attias and Cohen, 2012"
443,"Cao et al., 2015"
444,"Ng and Cardie, 2002"
445,"Cohen and Collins, 2014"
446,"Mohamed et al., 2012"
447,"Mazzei, 2011"
448,"Alfonseca et al., 2013"
449,"Dethlefs and Cuayahuitl, 2010"
450,"Haertel et al., 2008"
451,"Xiong et al., 2010"
452,"Wang and Callison-Burch, 2010"
453,"Al-onaizan and Knight, 2002"
454,"Palmer et al., 2001"
455,"Clarke et al., 2010"
456,"Liu et al., 2013"
457,"Hobbs et al., 1988"
458,"Becker et al., 2012"
459,"Gibbon and Carson-Berndsen, 1999"
460,"Byrd and Chodorow, 1985"
461,"Saraclar and Sproat, 2004"
462,"Ponzetto, 2007"
463,"Finkel and Manning, 2009"
464,"Eisner and Charniak, 2011"
465,"Lefever and Hoste, 2010"
466,"Ponvert, 2007"
467,"Lotan et al., 2013"
468,"Halácsy et al., 2007"
469,"Koike and Takagi, 2004"
470,"Gasanova et al., 2013"
471,"Agarwal et al., 2011"
472,"Gildea and Palmer, 2002"
473,"Mintz et al., 2009"
474,"Schuetze, 1995"
475,"Nguyen et al., 2009"
476,"Kobayashi et al., 2011"
477,"Carroll et al., 1998"
478,"Och, 1999"
479,"Cetinoglu and Oflazer, 2006"
480,"Suzuki et al., 2006"
481,"Viethen and Dale, 2008"
482,"Moschitti and Bejan, 2004"
483,"Schwartz et al., 2011"
484,"Tzoukermann and Radev, 1996"
485,"Zesch and Gurevych, 2006"
486,"Neveol et al., 2009"
487,"Deng and Gao, 2007"
488,"Steinberger et al., 2011"
489,"Kay and Röscheisen, 1993"
490,"Sætre et al., 2009"
491,"Collins-Thompson and Callan, 2004"
492,"Walther, 2000"
493,"Naseem et al., 2010"
494,"Hall and Novák, 2005"
495,"Hobbs, 1985"
496,"Bies et al., 2005"
497,"Koncel-Kedziorski et al., 2014"
498,"Hahn et al., 2010"
499,"McClosky et al., 2006"
500,"Nakagawa et al., 2002"
501,"Martschat, 2013"
502,"Miller et al., 2000"
503,"Stoyanov et al., 2012"
504,"Weese et al., 2012"
505,"Monz, 2011"
506,"Luo, 2007"
507,"Buitelaar et al., 2005"
508,"Nguyen and Dogruz, 2013"
509,"Rambow, 2005"
510,"Klapaftis and Manandhar, 2010"
511,"Eneko, 2012"
512,"Eryigit et al., 2011"
513,"Tetreault et al., 2004"
514,"Johnson and Charniak, 2004"
515,"Carenini et al., 2008"
516,"Callison-Burch and Dredze, 2010"
517,"Stoyanov and Cardie, 2006"
518,"Zhu et al., 2003"
519,"Hall et al., 2014"
520,"Jiampojamarn and Kondrak, 2010"
521,"Nakagawa and Matsumoto, 2006"
522,"Rieser and Lemon, 2010"
523,"Koehn et al., 2007"
524,"Jeong et al., 2009"
525,"Walker et al., 2002"
526,"Zhu et al., 2011"
527,"Kim and Baldwin, 2007"
528,"Hovy and Lin, 1997"
529,"Han et al., 2006"
530,"Raghavendra and Maji, 2006"
531,"Zens and Ney, 2004"
532,"Rauch et al., 2003"
533,"Sogaard and Kuhn, 2009"
534,"Lappin and McCord, 1990"
535,"Bao et al., 2014"
536,"Zhang, 1998"
537,"DeNero et al., 2008"
538,"Pado et al., 2009"
539,"Post and Gildea, 2009"
540,"Singh et al., 2012"
541,"Inkpen and Hirst, 2002"
542,"Jian et al., 2004"
543,"Stone and Doran, 1996"
544,"Harper, 1992"
545,"Tovar et al., 2012"
546,"Louis and Nenkova, 2011"
547,"Pantel et al., 2009"
548,"Hassan et al., 2011"
549,"Elsner, 2012"
550,"Hu et al., 2013"
551,"Wing and Baldridge, 2014"
552,"Settles and Zhu, 2012"
553,"Manandhar, 1995"
554,"Delmonte and Prati, 2014"
555,"Purtee and Schubert, 2012"
556,"Mohit and Narayanan, 2003"
557,"Albrecht and Hwa, 2008"
558,"Sobha et al., 2011"
559,"Qian and Liu, 2013"
560,"Tremper, 2010"
561,"Morita et al., 2013"
562,"Gawron et al., 1982"
563,"Lesmo et al., 2011"
564,"Mudge, 2010"
565,"Campbell, 2004"
566,"Curran et al., 2006"
567,"Jamrozik et al., 2013"
568,"Meyers et al., 2007"
569,"Zhang and Gildea, 2005"
570,"Birch et al., 2008"
571,"Sawai et al., 2013"
572,"Glickman et al., 2006"
573,"Quernheim and Knight, 2012"
574,"Fu et al., 2013"
575,"Huang, 2009"
576,"Barrault, 2010"
577,"Wu and Giles, 2013"
578,"Ferschke et al., 2011"
579,"Levy et al., 2013"
580,"Berant et al., 2013"
581,"Ott et al., 2013"
582,"Goodman, 2004"
583,"Ljunglöf, 2014"
584,"Zanzotto et al., 2007"
585,"Clark and Lappin, 2009"
586,"Nguyen and Dogruoz, 2013"
587,"Crammer et al., 2009"
588,"Giménez and Màrquez, 2007"
589,"Niehues and Kolss, 2009"
590,"Huang et al., 2011"
591,"Hamdan et al., 2014"
592,"Mejer and Crammer, 2012"
593,"Flickinger et al., 1985"
594,"Pennacchiotti and Pantel, 2009"
595,"Alshawi et al., 1991"
596,"Babko-Malaya et al., 2006"
597,"Le et al., 2012"
598,"Yang and Eisenstein, 2013"
599,"Niehues et al., 2015"
600,"Eidelman, 2008"
601,"Williams, 2013"
602,"Scheible et al., 2011"
603,"Core and Schubert, 1999"
604,"Pecina and Schlesinger, 2006"
605,"Umemura and Church, 2000"
606,"Haghighi et al., 2007"
607,"Filho and Pardo, 2013"
608,"Thompson and Dozier, 1997"
609,"Burstein et al., 2007"
610,"King et al., 2003"
611,"Clarke, 2009"
612,"Stubbs, 2011"
613,"Kouylekov, 2012"
614,"Scha and Stallard, 1988"
615,"Chambers and Jurafsky, 2011"
616,"Gan and Wong, 2000"
617,"Och et al., 2003"
618,"Preiss, 2002"
619,"Kolomiyets et al., 2013"
620,"Pedersen et al., 2004"
621,"Castellucci et al., 2014"
622,"Zitouni et al., 2006"
623,"Shaw and Gafos, 2010"
624,"Schmidt et al., 1998"
625,"Martschat and Strube, 2014"
626,"Turian and Melamed, 2006"
627,"Kibble and Power, 2000"
628,"Matsoukas et al., 2009"
629,"Brants and Xu, 2009"
630,"DeNero and Klein, 2010"
631,"Ohta et al., 2010"
632,"Erk and Padó, 2008"
633,"Blunsom et al., 2014"
634,"Rindflesch et al., 2000"
635,"Calder, 1998"
636,"Al-Rfou et al., 2013"
637,"Sekine et al., 1994"
638,"Pantel and Fuxman, 2011"
639,"Paukkeri and Honkela, 2010"
640,"Isabelle, 1984"
641,"Fleck, 2008"
642,"Candito, 1998"
643,"Yamamoto et al., 2003"
644,"May et al., 2010"
645,"Satta and Henderson, 1997"
646,"Lapata and Lascarides, 2004"
647,"Vajjala and Meurers, 2014"
648,"Zukerman and McConachy, 1994"
649,"Wan and Yang, 2006"
650,"Knight and Yamada, 1999"
651,"Jordan and Walker, 2000"
652,"Pestian et al., 2008"
653,"Iyyer et al., 2014"
654,"Pala and Hlavackova, 2007"
655,"Oflazer and Tiir, 1997"
656,"Liu et al., 2012"
657,"Nematzadeh et al., 2012"
658,"Gordon et al., 2015"
659,"Karampatsis et al., 2014"
660,"Bruni et al., 2013"
661,"Baldwin and Tanaka, 2004"
662,"Pilehvar and Navigli, 2013"
663,"Baldridge and Lascarides, 2005"
664,"Lo et al., 2014"
665,"Green and Dorr, 2005"
666,"Kameyama et al., 1991"
667,"Gatt et al., 2008"
668,"Chen et al., 2010"
669,"Park and Blake, 2012"
670,"Ehara, 2015"
671,"Sauper et al., 2010"
672,"Yang and Xue, 2012"
673,"Smith and Eisner, 2004"
674,"Duffield et al., 2007"
675,"Raaijmakers, 1999"
676,"Finkel et al., 2007"
677,"Lembersky et al., 2012"
678,"Brown et al., 1988"
679,"Durrett et al., 2013"
680,"Bilmes and Kirchoff, 2003"
681,"Baroni and Kilgariff, 2006"
682,"Martinez and Agirre, 2000"
683,"Richardson et al., 2001"
684,"Devlin and Matsoukas, 2012"
685,"Ginzburg and Cooper, 2001"
686,"McClosky and Manning, 2012"
687,"Meyer and Dale, 2002"
688,"Koehn, 2010"
689,"Ristad and Thomas, 1997"
690,"Szarvas et al., 2013"
691,"McIntosh, 2010"
692,"Nichols et al., 2006"
693,"Boudin and Morin, 2013"
694,"Mimno et al., 2009"
695,"Burkett and Klein, 2008"
696,"Monson, 2004"
697,"Pivovarova et al., 2013"
698,"Elhadad et al., 1997"
699,"Mermer and Saraçlar, 2011"
700,"Ramakrishnan et al., 2006"
701,"Koehn et al., 2003"
702,"DeNero et al., 2006"
703,"Berland and Charniak, 1999"
704,"Horn et al., 2014"
705,"Fornaciari and Poesio, 2014"
706,"Yu et al., 2013"
707,"Preiss, 2001"
708,"Zukerman et al., 2003"
709,"Mordowanec et al., 2014"
710,"Johnston et al., 2002"
711,"Klementiev et al., 2012"
712,"Sara et al., 2014"
713,"Chen and Ji, 2010"
714,"Alonso et al., 2013"
715,"Dias, 2003"
716,"Marcu, 1999"
717,"Wintner, 1999"
718,"Schroeder et al., 2009"
719,"Reinhard and Gibbon, 1991"
720,"Koller and Kuhlmann, 2011"
721,"Creutz and Lagus, 2003"
722,"Dinu et al., 2012"
723,"Friedrich and Palmer, 2014"
724,"Huang, 1983"
725,"Agrawal and An, 2013"
726,"McCarthy and Korhonen, 1998"
727,"Korhonen et al., 2006"
728,"Stamatatos et al., 1999"
729,"Hovy et al., 2011"
730,"Guzmán et al., 2014"
731,"Park, 2006"
732,"Nakatsu, 2008"
733,"Tam et al., 2007"
734,"Poesio et al., 2011"
735,"Gravano et al., 2007"
736,"Yang et al., 2007"
737,"Lin et al., 2009"
738,"Ramshaw and Marcus, 1995"
739,"Smith, 2002"
740,"Wiebe et al., 2002"
741,"Decker, 1985"
742,"nas and Hovy, 2010"
743,"Zock and Schwab, 2008"
744,"Garrette and Klein, 2009"
745,"Cherry and Suzuki, 2009"
746,"Geldof, 2000"
747,"Bangalore et al., 2000"
748,"Saint-Dizier and Viegas, 1995"
749,"Strube et al., 2002"
750,"Mani et al., 2003"
751,"Gildea, 2004"
752,"Johannsen et al., 2014"
753,"Haruno et al., 1999"
754,"Candito and Seddah, 2010"
755,"Choi and Palmer, 2011"
756,"Vogel and Hewavitharana, 2011"
757,"indle and Rooth, 1993"
758,"Gildea and Jurasky, 2002"
759,"Tonoike et al., 2004"
760,"Johansson, 2000"
761,"Hokamp et al., 2014"
762,"Aw et al., 2006"
763,"Clinchant and Perronnin, 2013"
764,"Mi et al., 2008"
765,"Ueffing, 2007"
766,"Smith et al., 2013"
767,"István and Shoichi, 2009"
768,"Dale and Kilgariff, 2011"
769,"Ng, 2007"
770,"Östling et al., 2013"
771,"Sang, 2001"
772,"Carreras and Marquez, 2001"
773,"Isard et al., 2006"
774,"Monroe et al., 2014"
775,"Langlois et al., 2012"
776,"Purver et al., 2001"
777,"Honnibal et al., 2009"
778,"Sheikha and Inkpen, 2011"
779,"Nielsen et al., 2008"
780,"Faralli and Navigli, 2013"
781,"Liu et al., 2011"
782,"Kong et al., 2014"
783,"Séaghdha and Korhonen, 2012"
784,"UzZaman and Allen, 2011"
785,"Ait-Mokhtar and Chanod, 1997"
786,"Pereira and Shieber, 1984"
787,"Bird, 2006"
788,"Chan and Dan, 2011"
789,"Séaghdha and Korhonen, 2011"
790,"Calhoun et al., 2005"
791,"Klein, 2005"
792,"Lapata, 2003"
793,"Och et al., 2001"
794,"Konstas and Lapata, 2013"
795,"Ge et al., 2013"
796,"Hutchinson, 2004"
797,"Joty and Moschitti, 2014"
798,"Nulty and Costello, 2010"
799,"Henderson et al., 2014"
800,"Danescu-Niculescu-Mizil et al., 2013"
801,"Bordes et al., 2014"
802,"Stoia et al., 2006"
803,"Peshkin et al., 2003"
804,"Gegigan et al., 2006"
805,"Meyers et al., 2004"
806,"Loper and Bird, 2002"
807,"Freedman, 2000"
808,"Rinaldi et al., 2004"
809,"Wisniewski et al., 2010"
810,"GoldBerg and Elhadad, 2010"
811,"You and Chen, 2004"
812,"Toutanova and Suzuki, 2007"
813,"Villavicencio et al., 2004"
814,"Guenthner and Lehmann, 1983"
815,"Contractor et al., 2010"
816,"Pighin and Moschitti, 2010"
817,"Alashty et al., 2015"
818,"Cuchiarelli et al., 1998"
819,"Regneri et al., 2008"
820,"Resnik et al., 2010"
821,"Song et al., 2008"
822,"Tsang and Stevenson, 2006"
823,"Vadas and Curran, 2007"
824,"Kilgarriff, 1993"
825,"Koehn, 2004"
826,"Vickrey and Koller, 2008"
827,"Misra et al., 2008"
828,"Akkaya et al., 2010"
829,"Passonneau and Litman, 1993"
830,"Loper and Bird, 2004"
831,"Kwiatkowski et al., 2013"
832,"Florian and Ngai, 2001"
833,"Gottipati and Jiang, 2011"
834,"Ohki et al., 2011"
835,"Hobbs et al., 1993"
836,"Jbara and Radev, 2012"
837,"Shi et al., 2006"
838,"Rei and Briscoe, 2013"
839,"White, 2006"
840,"Snover et al., 2011"
841,"Brennan et al., 1987"
842,"Steinberger et al., 2014"
843,"Pereira and Warren, 1983"
844,"Jung et al., 2009"
845,"Bouma, 1989"
846,"Agarwal and Rambow, 2010"
847,"Hardmeier, 2015"
848,"McDonald et al., 2007"
849,"Kalchbrenner et al., 2014"
850,"Berant et al., 2014"
851,"Bordea et al., 2015"
852,"Reiter and Frank, 2010"
853,"Hochberg et al., 2014"
854,"Wilcock and Matsumoto, 1998"
855,"Bangalore et al., 2012"
856,"McInnes and Pedersen, 2003"
857,"Miyao and Tsujii, 2003"
858,"Krovetz, 1992"
859,"Miller et al., 2012"
860,"Clark and Weir, 2002"
861,"Hindle and Rooth, 1993"
862,"Kim et al., 2009"
863,"Mirkin et al., 2009"
864,"Bisk and Hockenmaier, 2012"
865,"Bazrafshan et al., 2012"
866,"Deepak and Visweswariah, 2014"
867,"Narayanan and Hashem, 1993"
868,"Søgaard, 2013"
869,"Nunberg, 1995"
870,"Artzi et al., 2014"
871,"Biran and McKeown, 2015"
872,"Sun et al., 1998"
873,"Ulinski et al., 2014"
874,"Erjavec et al., 2003"
875,"Amigo et al., 2004"
876,"Hagiwara and Sekine, 2012"
877,"Purver et al., 2006"
878,"Varga and Yokoyama, 2009"
879,"Sim et al., 2013"
880,"Kasper and Rounds, 1986"
881,"Mitchell and Lapata, 2009"
882,"Frederking and Nirenburg, 1994"
883,"Kong and Ng, 2013"
884,"Tsou, 1998"
885,"Aikawa et al., 2001"
886,"Maziarz et al., 2014"
887,"Rosenberg, 2010"
888,"Clegg and Shepherd, 2005"
889,"Curran, 2005"
890,"Mohit et al., 2012"
891,"Kuhlmann and Möhl, 2006"
892,"Hindle and Rooth, 1990"
893,"Lien, 2014"
894,"Durrett and Klein, 2013"
895,"Maxwell and Hughes, 2006"
896,"Doi and Sumita, 2003"
897,"Russo et al., 2012"
898,"Gildea and Temperley, 2007"
899,"Ortiz-Martínez et al., 2010"
900,"Mausam et al., 2009"
901,"Pantel, 2005"
902,"Tzeng and Chen, 2002"
903,"Hsu et al., 2011"
904,"Shah et al., 2015"
905,"Wacholder et al., 1997"
906,"Koppel and Ordan, 2011"
907,"Diab, 2004"
908,"Orasan, 2003"
909,"Dagan and Church, 1994"
910,"Pekar, 2006"
911,"Boudin et al., 2010"
912,"Chrupala et al., 2015"
913,"Cai et al., 2011"
914,"Joshi et al., 2015"
915,"Malik et al., 2009"
916,"Mizumoto et al., 2013"
917,"Marcu and Wong, 2002"
918,"Srikumar et al., 2012"
919,"Buckwalter, 2004"
920,"Mukund et al., 2011"
921,"Glass et al., 2010"
922,"Ellsworth and Janin, 2007"
923,"Kanerva et al., 2014"
924,"Angeli et al., 2010"
925,"Lee, 2004"
926,"Koleva et al., 2014"
927,"Qiu et al., 2013"
928,"Oh and Rudickny, 2000"
929,"Lin and Cherry, 2002"
930,"Erk and Pado, 2008"
931,"Shinyama and Sekine, 2006"
932,"Wang and Waibel, 1997"
933,"Isozaki et al., 2010"
934,"Boullier and Sagot, 2005"
935,"Ji and Grishman, 2011"
936,"Rigau et al., 2002"
937,"Artstein, 2011"
938,"Hachey, 2006"
939,"Che et al., 2008"
940,"Hayashi et al., 2011"
941,"Colineau et al., 2002"
942,"Brill and Moore, 2000"
943,"Ko et al., 2007"
944,"Ng et al., 1999"
945,"ney, 1996"
946,"Liebeskind et al., 2012"
947,"Rao and Yarowsky, 2011"
948,"Sang and Buchholz, 2000"
949,"Csomai and Mihalcea, 2008"
950,"Karampatsis, 2015"
951,"Pustejovsky and Meyers, 2005"
952,"Jeong and Lee, 2006"
953,"Henderson, 2004"
954,"Carter, 1992"
955,"Geffet and Dagan, 2005"
956,"Yan et al., 2011"
957,"Qing-hu et al., 2012"
958,"Loeff et al., 2006"
959,"Bhat and Sproat, 2009"
960,"Malandrakis et al., 2013"
961,"Benajiba et al., 2008"
962,"Chen, 2003"
963,"Cabezas et al., 2001"
964,"Prabhakaran et al., 2012"
965,"Schafer and Drabek, 2005"
966,"He and Toutanova, 2009"
967,"Ortiz-Martinez et al., 2011"
968,"Esmaili and Salavati, 2013"
969,"Green, 2006"
970,"Dale and Haddock, 1991"
971,"Langlais et al., 2000"
972,"Lacoste-Julien et al., 2006"
973,"Lin et al., 2010"
974,"Xu et al., 2014"
975,"Trogkanis and Elkan, 2010"
976,"Xue et al., 2006"
977,"Omuya et al., 2013"
978,"Wu et al., 2011"
979,"Djordjevic et al., 2007"
980,"Turner and Charniak, 2005"
981,"Agic et al., 2013"
982,"Scherrer, 2011"
983,"Brants et al., 1997"
984,"Whittaker et al., 2006"
985,"Elhadad, 1990"
986,"Jha and Elhadad, 2010"
987,"Webber and Joshi, 1998"
988,"Moldovan et al., 2004"
989,"Barzilay and Lapata, 2008"
990,"Fujii et al., 2002"
991,"Joty et al., 2014"
992,"Lei et al., 2013"
993,"MacCartney and Manning, 2007"
994,"Ballesteros and Nivre, 2012"
995,"Cho et al., 2014"
996,"Pauls and Klein, 2010"
997,"Lamb et al., 2013"
998,"Alex et al., 2007"
999,"Hermann, 2013"
1000,"Chambers et al., 2007"
1001,"Kulick et al., 2004"
1002,"Vadas and Curran, 2008"
1003,"Srihari et al., 2001"
1004,"Fleischman et al., 2003"
1005,"Yeganova et al., 2011"
1006,"Zhang and Xue, 2012"
1007,"Szpektor and Dagan, 2009"
1008,"Emadzadeh et al., 2011"
1009,"Yahya et al., 2012"
1010,"Nagata et al., 2001"
1011,"Bunt, 2015"
1012,"Zollmann and Venugopal, 2006"
1013,"Elliott and Keller, 2013"
1014,"Al-Onaizan and Knight, 2001"
1015,"Dagan et al., 2006"
1016,"Klebanov et al., 2008"
1017,"Basili et al., 1994"
1018,"Somasundaran and Weibe, 2009"
1019,"Pianta and Tonelli, 2010"
1020,"Cinková et al., 2012"
1021,"DeNero and Uszkoreit, 2011"
1022,"Kukich et al., 1997"
1023,"Tsovaltzi and Karagjosova, 2004"
1024,"Young and Moore, 1994"
1025,"Hawker, 2007"
1026,"Lynn et al., 2013"
1027,"Mitchell, 2013"
1028,"Reizler et al., 2007"
1029,"Turney, 2006"
1030,"Kudo and Matsumoto, 2002"
1031,"Martins, 2015"
1032,"Nerbonne et al., 2007"
1033,"Wu and Zhou, 2003"
1034,"Koskenniemi, 1984"
1035,"Takamura et al., 2006"
1036,"Daud et al., 2000"
1037,"Reddy and Waxmonsky, 2009"
1038,"Kobdani et al., 2011"
1039,"Clark and Curran, 2003"
1040,"McDonald, 2006"
1041,"Williams and Koehn, 2011"
1042,"Smith et al., 2014"
1043,"Zavrel and Daelemans, 1997"
1044,"Kallmeyer et al., 2009"
1045,"Bruni et al., 2011"
1046,"Schlangen et al., 2010"
1047,"Izumi et al., 2003"
1048,"Harabagiu and Lacatusu, 2004"
1049,"Kay and Roscheisen, 1993"
1050,"Goodman, 1996"
1051,"Lin and Hovy, 2002"
1052,"McGillivray and Passarotti, 2009"
1053,"Dahl, 1981"
1054,"Chen et al., 2011"
1055,"Foster et al., 2002"
1056,"Martinez and Agirre, 2001"
1057,"Yuret et al., 2010"
1058,"Sankaran et al., 2010"
1059,"Kelly et al., 2012"
1060,"Søgaard, 2010"
1061,"Tsarfaty, 2013"
1062,"Soricut and Marcu, 2006"
1063,"Utiyama and Isahara, 2001"
1064,"Subba and Di-Eugenio, 2009"
1065,"Zuraw, 2006"
1066,"Frampton et al., 2009"
1067,"Bao et al., 2011"
1068,"Kanuparthi et al., 2012"
1069,"Esuli and Sebastiani, 2006"
1070,"Berg-Kirkpatrick et al., 2010"
1071,"Hendrix and Lewis, 1981"
1072,"Jarvis et al., 2013"
1073,"Cai and Strube, 2010"
1074,"Barg and Walther, 1998"
1075,"Nederhof and Satta, 1996"
1076,"Belz, 2000"
1077,"Copestake and Briscoe, 1992"
1078,"Manning et al., 2014"
1079,"Mairesse and Walker, 2007"
1080,"Artzi and Zettlemoyer, 2011"
1081,"Roth and Sammons, 2007"
1082,"Culotta and Sorenson, 2004"
1083,"Ma et al., 2012"
1084,"Jayannavar et al., 2015"
1085,"Bowman et al., 2014"
1086,"Hamdi et al., 2014"
1087,"Xiong et al., 2012"
1088,"Barr et al., 2008"
1089,"Pichotta and DeNero, 2013"
1090,"Graz and Meurers, 1997"
1091,"Passonneau, 1988"
1092,"Gottipati et al., 2013"
1093,"Petrov and Klein, 2008"
1094,"Kudo et al., 2004"
1095,"Huang and Yates, 2010"
1096,"Luo and Zhao, 2011"
1097,"Buitelaar et al., 2008"
1098,"Nuhn and Ney, 2014"
1099,"Gimpel et al., 2010"
1100,"Kakkonen et al., 2005"
1101,"Blythe et al., 2011"
1102,"Yuret, 2006"
1103,"Yuret and Ture, 2006"
1104,"Déchelotte et al., 2008"
1105,"Xie and Liu, 2010"
1106,"Palmer et al., 2007"
1107,"Walker et al., 2001"
1108,"Lui and Baldwin, 2014"
1109,"Jurafsky et al., 1998"
1110,"Arens et al., 1987"
1111,"Brown et al., 1989"
1112,"Wilson et al., 2013"
1113,"DeNero et al., 2010"
1114,"Siddharthan, 2003"
1115,"Dejean, 2000"
1116,"Grishman, 1986"
1117,"Fellbaum, 1998"
1118,"Clark and Curran, 2004"
1119,"Ji and Grishman, 2008"
1120,"Dzikovska et al., 2013"
1121,"Malmasi and Dras, 2014"
1122,"Laokulrat et al., 2013"
1123,"Reiter et al., 2000"
1124,"Batista et al., 2008"
1125,"Yamada and Knight, 2001"
1126,"Srinivasan, 2002"
1127,"Baldridge and Kruijff, 2002"
1128,"Saggion, 2009"
1129,"Bodenstab et al., 2011"
1130,"Varges, 2006"
1131,"Frermann and Bond, 2012"
1132,"Kumaran et al., 2009"
1133,"Zhong and Ng, 2012"
1134,"Nissim et al., 2013"
1135,"Koller and Striegnitz, 2002"
1136,"Roark and Sproat, 2007"
1137,"Kouylekov and Negri, 2010"
1138,"Ott et al., 2001"
1139,"Tennant, 1984"
1140,"Brun et al., 2007"
1141,"Hacioglu, 2004"
1142,"Coleman and Pierrehumbert, 1997"
1143,"Dodge et al., 2012"
1144,"White, 2011"
1145,"Giuglea and Moschitti, 2006"
1146,"Lopez, 2009"
1147,"Owczarzak et al., 2006"
1148,"Abney et al., 2000"
1149,"Boleda et al., 2012"
1150,"Hatzivassiloglou and McKeown, 1997"
1151,"Loukachevitch and Dobrov, 2014"
1152,"Chai and Jin, 2004"
1153,"Stoica and Hearst, 2004"
1154,"Volk and Samuelsson, 2004"
1155,"Feldman and Rosenfeld, 2006"
1156,"Sripada et al., 2001"
1157,"Jiang, 2009"
1158,"Kishore, 2006"
1159,"Kehagias et al., 2003"
1160,"Wick et al., 2012"
1161,"Klein and Manning, 2002"
1162,"Yang and Cardie, 2013"
1163,"Kameyama, 1986"
1164,"Kasper, 1987"
1165,"Turner et al., 2009"
1166,"Santos, 2014"
1167,"Ramakrishnan et al., 2003"
1168,"Garrette and Baldridge, 2013"
1169,"Damas et al., 1991"
1170,"Ghosh et al., 2012"
1171,"Rastrow et al., 2012"
1172,"Ng, 2009"
1173,"Huang et al., 2010"
1174,"Lam and Kalita, 2013"
1175,"Tetreault and Litman, 2006"
1176,"Zhao and Gildea, 2010"
1177,"Punyakanok et al., 2005"
1178,"Dahlmeier and Ng, 2011"
1179,"Bhargava and Kondrak, 2010"
1180,"Ghazi et al., 2012"
1181,"Mermer and Saraclar, 2011"
1182,"Poon and Domingos, 2010"
1183,"Yannakoudakis et al., 2011"
1184,"Goldberg and Elhadad, 2010"
1185,"Wuebker et al., 2012"
1186,"Leermakers, 1993"
1187,"Zhai et al., 2004"
1188,"Bod and Kaplan, 1998"
1189,"Vanderwende et al., 2013"
1190,"Merity et al., 2009"
1191,"Klebanov et al., 2010"
1192,"Rajkumar et al., 2011"
1193,"Pradhan et al., 2008"
1194,"Dang, 2006"
1195,"Goldberg and Elhadad, 2009"
1196,"Cohen et al., 2010"
1197,"Habash and Dorr, 2003"
1198,"Brown, 2011"
1199,"Sadat et al., 2005"
1200,"Amtrup and Weber, 1998"
1201,"Poibeau, 2007"
1202,"Duh, 2005"
1203,"Pereira, 1981"
1204,"Petrov, 2010"
1205,"Finch and Sumita, 2008"
1206,"Bod, 2000"
1207,"Metzler et al., 2011"
1208,"Resnik, 1997"
1209,"Ramshaw and Marcus, 1999"
1210,"Voorhees, 2008"
1211,"Luperfoy, 1992"
1212,"Eisner, 2002"
1213,"Wan, 2008"
1214,"Banko et al., 2008"
1215,"Litman and Silliman, 2004"
1216,"Qadir and Riloff, 2011"
1217,"Huang et al., 2001"
1218,"Spyns, 1994"
1219,"Barton, 1985"
1220,"Vieira et al., 2006"
1221,"Mohri and Pereira, 1998"
1222,"Trnka et al., 2007"
1223,"Doyle and Levy, 2013"
1224,"Walker et al., 1997"
1225,"Konstas et al., 2014"
1226,"Angelov, 2009"
1227,"Chen and Lin, 2000"
1228,"Nivre, 2007"
1229,"Jin et al., 2009"
1230,"Zens et al., 2004"
1231,"Koller et al., 2009"
1232,"Roth and Small, 2009"
1233,"Mirza et al., 2014"
1234,"Hobbs et al., 1990"
1235,"Horiguchi and Franz, 1997"
1236,"Kilicoglu et al., 2010"
1237,"Reichel et al., 2014"
1238,"Benotti and Denis, 2011"
1239,"Malakasiotis et al., 2013"
1240,"Buschmeier et al., 2009"
1241,"Green et al., 2012"
1242,"Schuler, 2014"
1243,"Roark and Hollingshead, 2009"
1244,"Sornlertlamvanich, 2000"
1245,"Sobhani et al., 2015"
1246,"Strube and Hahn, 1996"
1247,"Daudaravicius, 2013"
1248,"Costa and Branco, 2012"
1249,"Schuman and Bergler, 2006"
1250,"Pustejovsky and Stubbs, 2011"
1251,"McCarthy, 2006"
1252,"Gärtner et al., 2014"
1253,"Flati and Navigli, 2013"
1254,"Jurish, 2010"
1255,"Bouayad-Agha et al., 2012"
1256,"Alegria et al., 2004"
1257,"Xu et al., 2013"
1258,"Evanini et al., 2013"
1259,"Cook and Stevenson, 2006"
1260,"Pust and Knight, 2009"
1261,"Schuler and Joshi, 2011"
1262,"Lopez, 2012"
1263,"Zou et al., 2014"
1264,"Boleda et al., 2006"
1265,"Malmasi and Dras, 2015"
1266,"Barahona et al., 2012"
1267,"Kilgariff, 1993"
1268,"You et al., 2013"
1269,"Haynes, 2001"
1270,"Shutova et al., 2013"
1271,"Carenini and Moore, 2000"
1272,"Jarvinen and Tapanainen, 1998"
1273,"Fried et al., 2015"
1274,"Mihalcea and Moldovan, 1998"
1275,"Sayeed et al., 2011"
1276,"Melamud et al., 2013"
1277,"Yang, 2011"
1278,"Songyot and Chiang, 2014"
1279,"Corston-Oliver and Aue, 2006"
1280,"Srikumar and Roth, 2013"
1281,"Entwisle and Powers, 1998"
1282,"Quirk et al., 2004"
1283,"Durrani et al., 2014"
1284,"Mostow and Jang, 2012"
1285,"Kirschenbaum and Wintner, 2009"
1286,"Apidianaki and Marie, 2015"
1287,"Cohen and Smith, 2009"
1288,"Jans et al., 2012"
1289,"Mazdak, 2004"
1290,"Marcu and Echihabi, 2001"
1291,"Goldberg et al., 2014"
1292,"Jia et al., 2009"
1293,"Denkowski et al., 2012"
1294,"Do et al., 2012"
1295,"Buitelaar et al., 2006"
1296,"Luo, 2003"
1297,"Bronner and Monz, 2012"
1298,"Gonzalo et al., 1998"
1299,"Yessenalina and Cardie, 2011"
1300,"Specia et al., 2007"
1301,"Mcclosky et al., 2006"
1302,"Gal, 2002"
1303,"Clark, 2002"
1304,"Pustejovsky and Rumshisky, 2009"
1305,"Nguyen et al., 2007"
1306,"Luo and Roukos, 1996"
1307,"Sang, 1999"
1308,"Bod, 2003"
1309,"Gerdemann and Hulden, 2012"
1310,"Yang and Bateman, 2009"
1311,"Selmer et al., 2013"
1312,"Muller et al., 2006"
1313,"Baroni and Kilgarriff, 2006"
1314,"Park et al., 2004"
1315,"Finch and Mikheev, 1997"
1316,"Gildea and Jurafsky, 2002"
1317,"Kaplan and Wedekind, 1993"
1318,"Zerrouki et al., 2014"
1319,"Roark and Bacchiani, 2003"
1320,"Huang, 1994"
1321,"Björne et al., 2009"
1322,"Charniak et al., 2006"
1323,"Mejer and Crammer, 2010"
1324,"Johnston et al., 1997"
1325,"Bengoetxea and Gojenola, 2010"
1326,"Galley et al., 2013"
1327,"Paek, 2001"
1328,"Palmer, 2009"
1329,"Biadsy et al., 2009"
1330,"Pullum, 1984"
1331,"Morley et al., 2014"
1332,"Branco, 1998"
1333,"Pontiki et al., 2014"
1334,"Tufis et al., 2005"
1335,"Cherry, 2005"
1336,"Sagae et al., 2007"
1337,"Bouma, 1992"
1338,"Bond et al., 2009"
1339,"Kim et al., 2015"
1340,"Haghighi and Klein, 2010"
1341,"Graham et al., 2014"
1342,"Li and Zong, 2008"
1343,"Zhang and Johnson, 2003"
1344,"Versley, 2014"
1345,"Somasundaran et al., 2006"
1346,"Mikheev and Finch, 1997"
1347,"Rohrdantz et al., 2011"
1348,"Matsumoto, 1993"
1349,"Ma et al., 2013"
1350,"Miwa et al., 2010"
1351,"Traum and Allen, 1994"
1352,"Habash and Roth, 2009"
1353,"Mitchell et al., 2014"
1354,"Schneider et al., 2013"
1355,"Bittar, 2009"
1356,"Malmaud et al., 2014"
1357,"Zhang and Wang, 2009"
1358,"Branco et al., 2009"
1359,"Bender et al., 2003"
1360,"Bos and Nissim, 2015"
1361,"Hu et al., 2010"
1362,"Tsvetkov, 2013"
1363,"Vandeghinste and Pan, 2004"
1364,"Velikovich et al., 2010"
1365,"Petrov et al., 2010"
1366,"Beinborn et al., 2014"
1367,"Hassan et al., 2006"
1368,"Snover et al., 2008"
1369,"Pantel and Lin, 2003"
1370,"Hewavitharana and Vogel, 2011"
1371,"Schone and Jurafsky, 2001"
1372,"Wang et al., 2006"
1373,"McDonald and Brew, 2002"
1374,"Kim, 2014"
1375,"Navigli and Velardi, 2010"
1376,"Kozareva et al., 2011"
1377,"Cheung and Penn, 2009"
1378,"Suzuki et al., 2003"
1379,"Nivre, 2009"
1380,"Litman et al., 2003"
1381,"Muzny and Zettlemoyer, 2013"
1382,"Tillmann, 2006"
1383,"Tonelli et al., 2012"
1384,"Haghighi and Vanderwende, 2009"
1385,"Hulth, 2004"
1386,"Avinesh and Parikh, 2010"
1387,"McFate, 2010"
1388,"Lewis and Steedman, 2014"
1389,"Gerdemann, 2009"
1390,"Fang, 2008"
1391,"Murray et al., 2005"
1392,"Och, 2004"
1393,"Celli, 2010"
1394,"Gimpel et al., 2013"
1395,"Schiitze, 1993"
1396,"Soderland et al., 2009"
1397,"Max, 2009"
1398,"Chrupała, 2012"
1399,"Angeli and Manning, 2013"
1400,"Akhtar et al., 2015"
1401,"Smith and Mann, 2003"
1402,"Hagiwara and Sekine, 2011"
1403,"Surdeanu et al., 2003"
1404,"Maskey and Hirschberg, 2006"
1405,"Bouma, 2010"
1406,"Yates et al., 2006"
1407,"Core et al., 2003"
1408,"Labutov and Lipson, 2012"
1409,"Kawahara and Uchimoto, 2007"
1410,"Bojar and Tamchyna, 2015"
1411,"Schuetze, 1998"
1412,"Yoon et al., 2007"
1413,"Neuvel and Fulop, 2002"
1414,"Severyn and Moschitti, 2013"
1415,"Aker et al., 2013"
1416,"Chan and Roth, 2011"
1417,"Vajjala and Meurers, 2013"
1418,"Daume and Marcu, 2007"
1419,"Wieling et al., 2007"
1420,"Gantner and Schmidt-Thieme, 2009"
1421,"Östling, 2013"
1422,"Zhu et al., 2013"
1423,"Mayfield et al., 2003"
1424,"Sedding and Kazakov, 2004"
1425,"Labutov and Lipson, 2013"
1426,"Green and Dorr, 2004"
1427,"Stone, 2002"
1428,"Reyle, 1995"
1429,"Mihalcea et al., 2009"
1430,"McKeown, 1985"
1431,"Schiehlen, 2003"
1432,"Ai et al., 2007"
1433,"Agirre et al., 2014"
1434,"Rauf and Schwenk, 2009"
1435,"Baldwin, 2005"
1436,"Das et al., 2013"
1437,"Dridan et al., 2008"
1438,"Erdmann and Gwinnup, 2015"
1439,"Mauge et al., 2012"
1440,"Tamura et al., 2014"
1441,"Rozovskaya et al., 2011"
1442,"Mikheev, 2000"
1443,"Eisner, 1997"
1444,"Gal and Blunsom, 2013"
1445,"Tonelli and Giuliano, 2009"
1446,"Ayuso et al., 1987"
1447,"Blunsom et al., 2009"
1448,"Maeta et al., 2015"
1449,"Knight and Langkilde, 1998"
1450,"Stevens et al., 2012"
1451,"Mathur et al., 2013"
1452,"Yao et al., 2012"
1453,"Parikh et al., 2014"
1454,"Gui et al., 2014"
1455,"Cardie and Wagstaff, 1999"
1456,"Papineni et al., 2002"
1457,"Celikyilmaz and Hakkani-Tur, 2011"
1458,"Aletras and Stevenson, 2013"
1459,"Marcu et al., 2000"
1460,"Bod, 2006"
1461,"Bott and Saggion, 2012"
1462,"Branavan et al., 2011"
1463,"Pardal, 2007"
1464,"Diab and Bhutada, 2009"
1465,"Kauchak and Chen, 2005"
1466,"Clough et al., 2002"
1467,"Marciniak and Mykowiecka, 2007"
1468,"Tan et al., 2011"
1469,"Ide and Cristea, 2000"
1470,"Quirk et al., 2012"
1471,"Dinu and Wang, 2009"
1472,"Kehler, 1997"
1473,"Riloff and Schmelzenbach, 1998"
1474,"Dyer et al., 2011"
1475,"Liu et al., 2015"
1476,"Zaidan and Callison-Burch, 2012"
1477,"Tambouratzis et al., 2013"
1478,"Rossler, 2004"
1479,"Magnini et al., 2002"
1480,"Paetzold and Specia, 2013"
1481,"Han et al., 2012"
1482,"Yu et al., 2006"
1483,"Allauzen et al., 2010"
1484,"Ogren, 2010"
1485,"White and Rajkumar, 2012"
1486,"Sang, 2000"
1487,"Pontiki et al., 2015"
1488,"Wang et al., 2010"
1489,"Levenberg et al., 2011"
1490,"Shirai, 2001"
1491,"Downey et al., 2011"
1492,"Angeli et al., 2012"
1493,"Abney et al., 1999"
1494,"Melamud et al., 2014"
1495,"Tillmann and Xia, 2003"
1496,"Deneefe and Knight, 2009"
1497,"Boullier, 2000"
1498,"Pedersen, 2013"
1499,"Turner et al., 2006"
1500,"Yamangil and Shieber, 2012"
1501,"Haas, 1989"
1502,"Burstein et al., 2010"
1503,"Chen, 2008"
1504,"Thompson et al., 2011"
1505,"Kanayama, 2003"
1506,"Regneri et al., 2010"
1507,"Bethard et al., 2015"
1508,"Poon et al., 2010"
1509,"Davidov and Rappoport, 2009"
1510,"Pantel and Lin, 2000"
1511,"Anand et al., 2011"
1512,"Irvine and Callison-Burch, 2014"
1513,"Chen and Lee, 2000"
1514,"Mazur and Dale, 2010"
1515,"Hussain, 2004"
1516,"Jordan and VanLehn, 2002"
1517,"Buchholz et al., 2006"
1518,"Choi et al., 2001"
1519,"Qian et al., 2014"
1520,"Garcia and Gamallo, 2011"
1521,"Kordjamshidi et al., 2012"
1522,"Forbes-Riley and Litman, 2004"
1523,"Chiticariu et al., 2010"
1524,"Ngai and Florian, 2001"
1525,"Hazem et al., 2011"
1526,"Socher et al., 2013"
1527,"Smith et al., 2005"
1528,"Dubey and Keller, 2003"
1529,"Bergsma et al., 2012"
1530,"Ohta et al., 2012"
1531,"Jbara et al., 2013"
1532,"Thater et al., 2009"
1533,"Maier, 2015"
1534,"Mihalcea et al., 2007"
1535,"Dang and Palmer, 2002"
1536,"Dickinson, 2008"
1537,"Wei et al., 2013"
1538,"Devault et al., 2005"
1539,"Ryant and Scheffler, 2006"
1540,"Gillenwater et al., 2010"
1541,"Harabagiu et al., 2001"
1542,"Chen and Manning, 2014"
1543,"Carenini et al., 2006"
1544,"Zhao et al., 2000"
1545,"Baker and Sato, 2003"
1546,"Riedel et al., 2011"
1547,"Vajjala and Lõo, 2013"
1548,"Gliozzo and Strapparava, 2005"
1549,"Passonneau, 1989"
1550,"Gildea, 2001"
1551,"Jones et al., 2007"
1552,"Specia et al., 2006"
1553,"Durrett et al., 2012"
1554,"Nerbonne and Heeringa, 1997"
1555,"mshaw and Marcus, 1999"
1556,"Balahur, 2013"
1557,"Suzuki et al., 2009"
1558,"Haghighi and Klein, 2007"
1559,"Danlos, 1987"
1560,"Ellist, 2009"
1561,"Ciot et al., 2013"
1562,"Das and Smith, 2009"
1563,"Fissaha, 2005"
1564,"Breen, 2004"
1565,"Langlois, 2015"
1566,"Zeichner et al., 2012"
1567,"Horacek, 2002"
1568,"Sripada et al., 2003"
1569,"Calder, 1997"
1570,"Roark and Collins, 2004"
1571,"Park et al., 2011"
1572,"Christensen et al., 2010"
1573,"Nivre and McDonald, 2008"
1574,"Genest and Lapalme, 2012"
1575,"Culotta and McCallum, 2004"
1576,"Pasupat and Liang, 2015"
1577,"Wiegand and Klakow, 2010"
1578,"Futrell et al., 2015"
1579,"Dyer and Resnik, 2010"
1580,"Setzer and Gaizauskas, 2001"
1581,"Barzilay and Lee, 2002"
1582,"Chan and Ng, 2007"
1583,"Nirenburg et al., 2003"
1584,"Molchanov, 2012"
1585,"Villavicencio et al., 2013"
1586,"Hoffmann et al., 2010"
1587,"Klenner, 2007"
1588,"Stetina and Nagao, 1997"
1589,"Rambow and Satta, 1996"
1590,"Dickinson et al., 2011"
1591,"Artzi et al., 2015"
1592,"Snyder and Barzilay, 2008"
1593,"Filatova et al., 2006"
1594,"Hashimoto and Kurohashi, 2007"
1595,"Li et al., 2005"
1596,"Elhadad, 2010"
1597,"Li, 2010"
1598,"Hwa, 2002"
1599,"Lai and Hockenmaier, 2014"
1600,"Passonneau and Carpenter, 2014"
1601,"Ward and Richart-Ruiz, 2013"
1602,"Hassan and Sorensen, 2005"
1603,"Ma et al., 2007"
1604,"Sun and Morency, 2012"
1605,"Yih et al., 2013"
1606,"Dickinson, 2009"
1607,"Dethlefs, 2011"
1608,"Lampert et al., 2010"
1609,"Zhang et al., 2011"
1610,"Hana et al., 2010"
1611,"Gasperin and Vieira, 2004"
1612,"Hayashi et al., 2013"
1613,"Collins, 1997"
1614,"Gardent and Kallmeyer, 2003"
1615,"Denis et al., 2006"
1616,"Nguyen et al., 2011"
1617,"Passonneau and Carpenter, 2013"
1618,"Belz, 1998"
1619,"Daumé and Jagarlamudi, 2011"
1620,"Bergsma and Kondrak, 2007"
1621,"Tuan et al., 2014"
1622,"Sassano, 2003"
1623,"Ji et al., 2010"
1624,"Kwiatkowski et al., 2010"
1625,"Akamine et al., 2009"
1626,"Bollegala et al., 2014"
1627,"Naseem et al., 2012"
1628,"Xia and Lewis, 2007"
1629,"Auli et al., 2009"
1630,"Reddy and Knight, 2011"
1631,"Martin et al., 2005"
1632,"Ammar et al., 2012"
1633,"Gerani et al., 2014"
1634,"Hakkani et al., 1996"
1635,"Abdul-Mageed et al., 2011"
1636,"Nadejde et al., 2013"
1637,"Buitelaar, 1997"
1638,"Geldorf, 2000"
1639,"DeVault and Stone, 2009"
1640,"Kilgarriff and Rose, 1998"
1641,"Stallard, 1993"
1642,"Hockenmaier, 2003"
1643,"Gupta et al., 2014"
1644,"Harabagiu and Maiorano, 2000"
1645,"Adafre, 2005"
1646,"Gonzlez-Rubio et al., 2011"
1647,"Tillmann and Ney, 1997"
1648,"Howald et al., 2013"
1649,"Zweig and Burges, 2012"
1650,"Strube and Wolters, 2000"
1651,"Heeman and Hirst, 1995"
1652,"Nivre and Nilsson, 2005"
1653,"Sang, 2002"
1654,"Wang and Waibel, 1998"
1655,"Habash and Sadat, 2006"
1656,"Vogel et al., 2013"
1657,"Clark et al., 2007"
1658,"Wood, 2001"
1659,"Cer et al., 2008"
1660,"Shezaf and Rappoport, 2010"
1661,"Wu et al., 2009"
1662,"Xu et al., 2011"
1663,"Krieger, 2003"
1664,"Nivre and Fernandez-Gonzalez, 2014"
1665,"Dugast et al., 2007"
1666,"Alfonseca et al., 2012"
1667,"Lu and Roth, 2012"
1668,"Rapp and Zock, 2014"
1669,"Florian et al., 2004"
1670,"Siddahrthan, 2003"
1671,"Cordeiro et al., 2009"
1672,"Ng and Cardie, 2001"
1673,"Koehn and others, 2007"
1674,"Abney and Bird, 2011"
1675,"Mei and Zhai, 2008"
1676,"Du et al., 2013"
1677,"Charniak et al., 1998"
1678,"Zarrieß et al., 2011"
1679,"Attardi et al., 2014"
1680,"Pastra and Saggion, 2003"
1681,"Somers, 1998"
1682,"Buchholz et al., 1999"
1683,"Niu et al., 2003"
1684,"Provoost and Moens, 2013"
1685,"Galley et al., 2003"
1686,"Mitchell and Sproat, 2012"
1687,"Turner and Charniak, 2007"
1688,"Filimonov and Harper, 2011"
1689,"Tiedemann and Nivre, 2014"
1690,"Pilato and Berwick, 1985"
1691,"Cade et al., 2010"
1692,"Huang et al., 2013"
1693,"Chodorow et al., 2007"
1694,"Reddy et al., 2014"
1695,"Lindberg et al., 2013"
1696,"McCarthy and Navigli, 2007"
1697,"Germann et al., 2003"
1698,"Pinkal, 1985"
1699,"Xie et al., 2012"
1700,"er and Stevenson, 2004"
1701,"Coppersmith et al., 2015"
1702,"Darwish, 2014"
1703,"Zhang and Barzilay, 2015"
1704,"Boleda et al., 2005"
1705,"Guldea, 2001"
1706,"Scott and Matwin, 1998"
1707,"Goldberg and Nivre, 2012"
1708,"Moschitti and Basili, 2005"
1709,"Si et al., 2013"
1710,"Morris and Hirst, 2004"
1711,"Chiarcos, 2012"
1712,"Gonzales and Goehring, 2013"
1713,"Calle et al., 2014"
1714,"Debusmann et al., 2004"
1715,"Baker et al., 2007"
1716,"Boullier, 2004"
1717,"Power and Scott, 1998"
1718,"Baldwin and Morton, 1998"
1719,"Blunsom and Cohn, 2010"
1720,"Wacholder and Choi, 1997"
1721,"Malmasi and Cahill, 2015"
1722,"Silberer and Frank, 2012"
1723,"Haghighi and Klein, 2006"
1724,"Palmer et al., 2009"
1725,"Magnini et al., 2014"
1726,"Petrovic and Matthews, 2013"
1727,"Sablayrolles, 1995"
1728,"McIntosh and Curran, 2009"
1729,"Demberg and Moore, 2006"
1730,"Goyal et al., 2012"
1731,"Zaidan and Callison-Burch, 2013"
1732,"Kay, 1996"
1733,"Laparra and Rigau, 2013"
1734,"Persing and Ng, 2013"
1735,"Min et al., 2012"
1736,"Blunsom and Osborne, 2008"
1737,"Wanner et al., 2012"
1738,"Lai et al., 2002"
1739,"Marcus and Ramshaw, 1995"
1740,"Horvat, 2013"
1741,"Chowdhury and Lavelli, 2010"
1742,"Deschacht and Moens, 2007"
1743,"Mikheev, 1998"
1744,"Moschitti et al., 2005"
1745,"Ivanova et al., 2013"
1746,"Cruz et al., 2011"
1747,"Salway and Touileb, 2014"
1748,"Yoshimoto et al., 2013"
1749,"Creutz and Lagus, 2002"
1750,"Zirikly and Diab, 2015"
1751,"Xue, 2006"
1752,"Do et al., 2011"
1753,"Koehn and Knight, 2002"
1754,"Bohnet, 2009"
1755,"Clark, 2000"
1756,"Bird and Simons, 2001"
1757,"Haghighi et al., 2008"
1758,"Sproat et al., 2006"
1759,"Clark and Eyraud, 2006"
1760,"Reitter and Moore, 2007"
1761,"Denis, 2011"
1762,"Du et al., 2010"
1763,"Baker et al., 2008"
1764,"Germann, 2008"
1765,"Gurevych and Niederlich, 2005"
1766,"Bach et al., 2011"
1767,"Chang et al., 2013"
1768,"Wiebe and Mihalcea, 2006"
1769,"Monachesi et al., 2007"
1770,"Dridan and Oepen, 2011"
1771,"Miller and Gildea, 1985"
1772,"Goutte et al., 2004"
1773,"Dligach and Palmer, 2008"
1774,"Shudo et al., 2011"
1775,"Koehn and Monz, 2005"
1776,"Swier and Stevenson, 2004"
1777,"Passoneau et al., 2009"
1778,"Preotiuc-Pietro et al., 2015"
1779,"Gildea and Jurafsky, 1994"
1780,"Gurevych et al., 2007"
1781,"McKeown and Paris, 1987"
1782,"Niv, 1994"
1783,"Smadja, 1993"
1784,"Banko and Etzioni, 2008"
1785,"Yih et al., 2011"
1786,"Musillo and Merlo, 2005"
1787,"Feng et al., 2004"
1788,"Meyer and Webber, 2013"
1789,"Verhagen et al., 2005"
1790,"Whittemore et al., 1991"
1791,"Bird, 1995"
1792,"Nederhof and Satta, 2004"
1793,"Kwok and Deng, 2002"
1794,"Xue and Palmer, 2003"
1795,"Joanis et al., 2006"
1796,"Suri, 1992"
1797,"Pon-Barry and Shieber, 2009"
1798,"Morton and LaCivita, 2003"
1799,"Lei et al., 2014"
1800,"Hovy et al., 2009"
1801,"Szumlanski et al., 2013"
1802,"Wuebker et al., 2010"
1803,"Rozovskaya and Roth, 2013"
1804,"Webber et al., 2003"
1805,"Wutiwiwatchai and Thangthai, 2010"
1806,"Seroussi et al., 2012"
1807,"Crouch, 1995"
1808,"Sakaguchi et al., 2012"
1809,"Levenberg et al., 2010"
1810,"Ni et al., 2009"
1811,"Vadas and Curran, 2011"
1812,"Kwong, 2009"
1813,"Filatova and Hovy, 2001"
1814,"Lui et al., 2014"
1815,"Ambati et al., 2010"
1816,"Watanabe et al., 2003"
1817,"Noro et al., 2006"
1818,"Bertoldi et al., 2010"
1819,"Minkov and Cohen, 2008"
1820,"Satta and Kuhlmann, 2013"
1821,"Powers, 2012"
1822,"Hardt, 1997"
1823,"Moore, 2004"
1824,"Mani and Wilson, 2000"
1825,"Berant et al., 2012"
1826,"Ravi and Knight, 2009"
1827,"Li and Sporleder, 2010"
1828,"Hearst, 1999"
1829,"Lavergne et al., 2010"
1830,"Grave et al., 2013"
1831,"Mima et al., 1998"
1832,"Mandel et al., 2012"
1833,"Gildea and Jurafsky, 1995"
1834,"Chardon et al., 2013"
1835,"Briscoe and Carroll, 1997"
1836,"Rus et al., 2013"
1837,"Danieli et al., 1987"
1838,"Freitag et al., 2005"
1839,"Nederhof, 1994"
1840,"Skeppstedt, 2010"
1841,"Li and Ji, 2014"
1842,"Kan et al., 1998"
1843,"Mihalcea and Tarau, 2004"
1844,"Nielsen and Pradhan, 2004"
1845,"Bansal et al., 2012"
1846,"Chiang, 2001"
1847,"Veale, 2012"
1848,"Danlos, 1986"
1849,"Pustejovsky, 1995"
1850,"Denis, 2010"
1851,"Schilder, 1998"
1852,"Wang and Cardie, 2012"
1853,"Varges, 2005"
1854,"Callison-Burch et al., 2008"
1855,"Stede, 2011"
1856,"Komachi et al., 2009"
1857,"Krishnamurthy and Mitchell, 2012"
1858,"Sadler and Thompson, 1991"
1859,"Sagae and Lavie, 2006"
1860,"Heinz, 2010"
1861,"Schlangen, 2004"
1862,"Powers, 1998"
1863,"Goodman, 2002"
1864,"Matthew and Charniak, 1999"
1865,"Ritter et al., 2011"
1866,"Alexandrescu and Kirchhoff, 2009"
1867,"Evans and Gazdar, 1989"
1868,"Cohn et al., 2005"
1869,"Schubert, 2014"
1870,"DeNero and Klein, 2007"
1871,"Kasper et al., 1999"
1872,"Koenh, 2004"
1873,"Choi and Palmer, 2012"
1874,"Stevenson and Gaizauskas, 2000"
1875,"Brooke and Hirst, 2013"
1876,"Horbach et al., 2013"
1877,"Bejan and Harabagiu, 2010"
1878,"Kikuchi et al., 2014"
1879,"Schwenk, 2010"
1880,"Callison-Burch, 2007"
1881,"Pyysalo et al., 2011"
1882,"Elsner and Charniak, 2010"
1883,"Tratz and Sanfilippo, 2007"
1884,"Sun et al., 2009"
1885,"Zhang and Liu, 2011"
1886,"Elworthy, 1998"
1887,"Banarescu et al., 2013"
1888,"Allauzen et al., 2009"
1889,"Putthividhya and Hu, 2011"
1890,"Farkas et al., 2012"
1891,"Bergsma et al., 2008"
1892,"Neidert et al., 2014"
1893,"Abney, 1997"
1894,"Yamada and Knight, 2002"
1895,"Shieber, 1984"
1896,"Passoneau, 1988"
1897,"Grieser et al., 2007"
1898,"Proisl et al., 2013"
1899,"Li and Li, 2002"
1900,"Szpektor et al., 2007"
1901,"Bansal et al., 2014"
1902,"Cheng and Roth, 2013"
1903,"Nerbonne et al., 1997"
1904,"Barnden et al., 2003"
1905,"Ren et al., 2013"
1906,"O'Donnell, 2000"
1907,"Duh et al., 2012"
1908,"Stone and Webber, 1998"
1909,"Stratos et al., 2013"
1910,"Das and Smith, 2011"
1911,"Wang et al., 2011"
1912,"Johnson, 1991"
1913,"Zettlemoyer and Collins, 2009"
1914,"Hall et al., 2008"
1915,"Riezler et al., 2007"
1916,"Koehn and Schroeder, 2007"
1917,"Uszkoreit et al., 2005"
1918,"Peldszus and Stede, 2013"
1919,"Fader et al., 2011"
1920,"Asher and Lascarides, 1994"
1921,"Zhao and Grishman, 2005"
1922,"Furstenau and Lapata, 2009"
1923,"Foth et al., 2006"
1924,"Palmer et al., 2010"
1925,"Tapanainen et al., 1998"
1926,"Penn and Popescu, 1997"
1927,"Wu and Wong, 1998"
1928,"Seginer, 2007"
1929,"Cramer, 2007"
1930,"Theeramunkong and Okumura, 1996"
1931,"González-Rubio et al., 2011"
1932,"Gabbard et al., 2006"
1933,"Framis, 1995"
1934,"Madnani and Boyd-Graber, 2010"
1935,"Martins et al., 2011"
1936,"Dickinson and Herring, 2008"
1937,"Erk and McCarthy, 2009"
1938,"Lynum, 2013"
1939,"Liang and Klein, 2009"
1940,"Espana-Bonet and Comas, 2012"
1941,"Subramanya and Bilmes, 2008"
1942,"Tomabechi, 1991"
1943,"Bringert, 2007"
1944,"Scherrer and Rambow, 2010"
1945,"Toutanova et al., 2002"
1946,"Simard, 2003"
1947,"Pervouchine et al., 2009"
1948,"Li, 2009"
1949,"Kaisser et al., 2008"
1950,"Udupa and Kumar, 2010"
1951,"Jonnalagadda et al., 2013"
1952,"Flickinger and Yu, 2013"
1953,"Yallop et al., 2005"
1954,"Täckström et al., 2013"
1955,"Xiong et al., 2014"
1956,"Elsner et al., 2009"
1957,"Auli and Lopez, 2011"
1958,"Sun and Korhonen, 2011"
1959,"akici, 2005"
1960,"Ng et al., 2014"
1961,"Erk, 2009"
1962,"Foster and Kuhn, 2007"
1963,"Smith et al., 2007"
1964,"Trivedi and Eisenstein, 2013"
1965,"Zajac, 1991"
1966,"Kessler, 1995"
1967,"Xu et al., 2007"
1968,"Leusch et al., 2008"
1969,"Pitler et al., 2008"
1970,"Jurgens, 2012"
1971,"Chiang et al., 2013"
1972,"Li et al., 2009"
1973,"Nakov et al., 2005"
1974,"Calder, 1988"
1975,"Lapata et al., 2001"
1976,"Koeling and McCarthy, 2007"
1977,"Uryupina, 2003"
1978,"Hoffart et al., 2011"
1979,"Georgescul, 2010"
1980,"Plank et al., 2014"
1981,"Alhelbawy and Gaizauskas, 2014"
1982,"Nakashole and Mitchell, 2014"
1983,"Stab and Gurevych, 2014"
1984,"Henderson et al., 2013"
1985,"Szpektor et al., 2008"
1986,"Ohta et al., 2011"
1987,"Dickinson and Meurers, 2005"
1988,"Baroni and Lenci, 2009"
1989,"Levy et al., 2014"
1990,"Celikyilmaz and Hakkani-Tur, 2012"
1991,"Zhuang et al., 2012"
1992,"Yoshida, 2005"
1993,"Stymne et al., 2014"
1994,"Johansson, 2009"
1995,"Hall et al., 2011"
1996,"Malik et al., 2013"
1997,"Chang et al., 1995"
1998,"Busemann, 1996"
1999,"Glass and Seneff, 2003"
2000,"Filippova and Strube, 2008"
2001,"Rose, 2000"
2002,"Hovy et al., 2014"
2003,"Sherif and Kondrak, 2007"
2004,"Nivre et al., 2014"
2005,"Bach et al., 2008"
2006,"Camacho-Collados et al., 2015"
2007,"Iida et al., 2006"
2008,"Morante et al., 2008"
2009,"Sun and Jurafsky, 2004"
2010,"Ramshaw, 1991"
2011,"Pappu and Rudnicky, 2012"
2012,"Melby, 1983"
2013,"Moore, 1989"
2014,"Riedel and Smith, 2010"
2015,"Ong et al., 2014"
2016,"Zadrozny and Jensen, 1991"
2017,"Bunescu and Huang, 2010"
2018,"Gravano and Hirschberg, 2009"
2019,"Pedersen, 2015"
2020,"Moschitti, 2004"
2021,"Culotta et al., 2006"
2022,"Chelba and Jelinek, 1998"
2023,"Klein and Manning, 2003"
2024,"Blake, 2007"
2025,"Choi et al., 2009"
2026,"Savova et al., 2006"
2027,"Bannard et al., 2003"
2028,"Hassan et al., 2012"
2029,"Levow, 2004"
2030,"Sagae et al., 2010"
2031,"Sekine et al., 1992"
2032,"Bikel, 2004"
2033,"Kasch and Oates, 2010"
2034,"Jiang et al., 2011"
2035,"Versley and Rehbein, 2009"
2036,"Shutova et al., 2012"
2037,"Chrupała, 2014"
2038,"Tokunaga et al., 2011"
2039,"Rambow, 1990"
2040,"Huang and Mi, 2010"
2041,"Aït-Mokhtar and Chanod, 1997"
2042,"Wu et al., 2004"
2043,"Liu, 2009"
2044,"Riesa and Marcu, 2010"
2045,"Sanchez et al., 2010"
2046,"Shaalan and Raza, 2007"
2047,"Kumar and Bryne, 2004"
2048,"Jiampojamarn et al., 2010"
2049,"Laparra et al., 2015"
2050,"Chen et al., 1999"
2051,"Bar-Haim et al., 2011"
2052,"Koller and Kuhlmann, 2009"
2053,"Jobbins and Evett, 1998"
2054,"Golland et al., 2012"
2055,"Lewis et al., 2011"
2056,"Wu, 2002"
2057,"Lee and Seneff, 2008"
2058,"Och and Ney, 2003"
2059,"Godden, 1990"
2060,"Chang and Toutanova, 2007"
2061,"Habash et al., 2005"
2062,"Ge et al., 1998"
2063,"McNeill et al., 2006"
2064,"Maeireizo-Tokeshi et al., 2004"
2065,"Maletti, 2011"
2066,"Curran and Osborne, 2002"
2067,"Felice and Yuan, 2014"
2068,"Callison-Burch and Osborne, 2003"
2069,"Berant et al., 2011"
2070,"Stalls and Knight, 1998"
2071,"Wang and Cer, 2012"
2072,"Maosong et al., 1998"
2073,"Movshovitz-Attias and Cohen, 2013"
2074,"Toutanova et al., 2004"
2075,"Tannier and Moriceau, 2013"
2076,"Heinz and Lai, 2013"
2077,"Denis and Baldridge, 2008"
2078,"Chen, 2009"
2079,"Wu and Fung, 2009"
2080,"Ng and Curran, 2012"
2081,"Li et al., 2008"
2082,"Louis and Nenkova, 2010"
2083,"Wehrli et al., 2009"
2084,"Lin, 2006"
2085,"Socher et al., 2012"
2086,"Vieira and Teufel, 1997"
2087,"Palmer and Day, 1997"
2088,"Mahesh and Sinha, 2009"
2089,"Shen, 2007"
2090,"Collins et al., 2004"
2091,"Ligozat et al., 2012"
2092,"Navigli and Ponzetto, 2010"
2093,"Hodosh et al., 2010"
2094,"Guo et al., 2014"
2095,"Zhang and Clark, 2011"
2096,"Settles and Craven, 2008"
2097,"Babych et al., 2007"
2098,"Erk, 2007"
2099,"Derr and McKeown, 1984"
2100,"Klebanov and Beigman, 2014"
2101,"Poesio, 2003"
2102,"Kager, 1999"
2103,"Tang et al., 2001"
2104,"Mason and Charniak, 2014"
2105,"Bentivogli and Pianta, 2003"
2106,"Biadsy et al., 2008"
2107,"Hardmeier et al., 2012"
2108,"Chang et al., 2010"
2109,"Mandala et al., 1998"
2110,"Shieber and Tao, 2003"
2111,"Pyysalo et al., 2012"
2112,"Lang and Lapata, 2011"
2113,"Loos and Porzel, 2004"
2114,"Ekbal et al., 2006"
2115,"Hardcastle and Power, 2008"
2116,"Tsuruoka and Tsujii, 2005"
2117,"Filice et al., 2015"
2118,"Li et al., 2006"
2119,"Gordon et al., 2003"
2120,"Santus et al., 2014"
2121,"Kshirsagar et al., 2015"
2122,"Yeh et al., 2009"
2123,"Madnani et al., 2012"
2124,"Evans et al., 2014"
2125,"Parent and Eskenazi, 2010"
2126,"Hartrumpf et al., 2005"
2127,"PVS, 2010"
2128,"Cohn and Haffari, 2013"
2129,"Ozdowska, 2004"
2130,"Li et al., 2015"
2131,"Bryant, 2004"
2132,"Strube, 1996"
2133,"Schwartz and Hearst, 2006"
2134,"Wiebe et al., 1997"
2135,"Gimpel and Smith, 2010"
2136,"Heilman et al., 2014"
2137,"Bhargava and Kondrak, 2012"
2138,"Cao and Khudanpur, 2014"
2139,"Ji and Bilmes, 2004"
2140,"Hardy, 2004"
2141,"Gibson, 1990"
2142,"Strzalkowski and Vauthey, 1992"
2143,"Prasad et al., 2006"
2144,"ow, 1990"
2145,"Xiao and Guo, 2013"
2146,"Salameh et al., 2014"
2147,"Golland et al., 2010"
2148,"Corston-Oliver et al., 2006"
2149,"Banchs, 2012"
2150,"Bethard and Martin, 2006"
2151,"Schlangen and Skantze, 2009"
2152,"Stock, 1989"
2153,"Nawaz et al., 2010"
2154,"DauméIII, 2007"
2155,"Mani et al., 2006"
2156,"Sallab et al., 2014"
2157,"Manning, 2009"
2158,"Yang et al., 2011"
2159,"Klein and Manning, 1965"
2160,"Mohit et al., 2014"
2161,"Wang and Manning, 2012"
2162,"Daumé and Marcu, 2006"
2163,"Elming, 2008"
2164,"WMT, 2014"
2165,"Qiu et al., 2006"
2166,"Al-Onaizan and Knight, 2002"
2167,"Genzel and Charniak, 2002"
2168,"Ceylan and Mihalcea, 2011"
2169,"Pichotta and Mooney, 2014"
2170,"Foster, 2007"
2171,"Navigli and Ponzetto, 2012"
2172,"Hassan and Menezes, 2013"
2173,"Foster and Oberlander, 2006"
2174,"McCoy et al., 2012"
2175,"Al-Onaizan and Papineni, 2006"
2176,"Bear and Hobbs, 1988"
2177,"Minnen et al., 2000"
2178,"Kaisser and Webber, 2007"
2179,"Hasan and Ney, 2009"
2180,"Hatzivassiloglou and McKeown, 2002"
2181,"Platt et al., 2010"
2182,"Guo et al., 2015"
2183,"Järvinen and Tapanainen, 1998"
2184,"Shaw, 1998"
2185,"Poesio, 1993"
2186,"Abu-Jbara and Radev, 2013"
2187,"Kate, 2008"
2188,"Bojar et al., 2013"
2189,"Kuhn, 2004"
2190,"Malmasi et al., 2015"
2191,"Li and Brew, 2008"
2192,"Yeniterzi, 2011"
2193,"Levow, 2006"
2194,"Ingria, 1990"
2195,"Nothman et al., 2009"
2196,"Lenci and Benotto, 2012"
2197,"Nielsen, 2006"
2198,"Kirschner and Bernardi, 2009"
2199,"Rudnick et al., 2013"
2200,"Barbu et al., 2013"
2201,"Callison-Burch et al., 2012"
2202,"Ranta et al., 2015"
2203,"Moschitti and Quarteroni, 2008"
2204,"Dunn, 2014"
2205,"Park and Rim, 2005"
2206,"Madkour et al., 2007"
2207,"Shnarch et al., 2011"
2208,"McIntyre and Lapata, 2009"
2209,"Chen et al., 2013"
2210,"Zhu et al., 2007"
2211,"Feng et al., 2006"
2212,"Snyder et al., 2009"
2213,"Seraji et al., 2012"
2214,"Goodman, 1999"
2215,"Cardie and Wagstaf, 1999"
2216,"Silberer and Lapata, 2014"
2217,"Bouillon et al., 2007"
2218,"Hachey, 2009"
2219,"Osborne and Baldridge, 2004"
2220,"Gildea, 2010"
2221,"Heinecke et al., 1998"
2222,"Passonneau, 1991"
2223,"Smith and Osborne, 2006"
2224,"Sun et al., 2011"
2225,"Alusio et al., 2010"
2226,"Santamaria and Araujo, 2010"
2227,"Moens and Steedman, 1987"
2228,"Orasan and Evans, 2001"
2229,"Anguiano and Candito, 2011"
2230,"Moore et al., 2013"
2231,"Bird et al., 2008"
2232,"Kilbury et al., 1991"
2233,"Magnini et al., 2004"
2234,"Chowdhury et al., 2013"
2235,"Shah et al., 2010"
2236,"Velankar and Sahasrabuddhe, 2012"
2237,"Grover et al., 2010"
2238,"Klebanov et al., 2009"
2239,"Saggion, 2012"
2240,"Ibrahim et al., 2003"
2241,"Xue and Hwa, 2014"
2242,"Mccarthy et al., 2004"
2243,"Burkett and Klein, 2012"
2244,"Eryigit et al., 2008"
2245,"Che et al., 2006"
2246,"Goldwater and Johnson, 2004"
2247,"Lin et al., 2014"
2248,"Kim et al., 1995"
2249,"Lapata and Lascarides, 2003"
2250,"Reichart et al., 2008"
2251,"Lopez and Resnik, 2005"
2252,"Klebanov et al., 2014"
2253,"Clark et al., 2003"
2254,"Malik, 2006"
2255,"Walker, 1989"
2256,"Singh et al., 2010"
2257,"Kiefer et al., 1999"
2258,"Gildea and Jurafsky, 2000"
2259,"Ravi and Knight, 2008"
2260,"Tjong et al., 2000"
2261,"Wei and Pal, 2010"
2262,"Sagae and Lavie, 2005"
2263,"Birch et al., 2009"
2264,"Evans et al., 2004"
2265,"Tsuruoka et al., 2005"
2266,"Prasad et al., 2004"
2267,"Burger et al., 2002"
2268,"Song et al., 2012"
2269,"Zhang et al., 2007"
2270,"Cherry and Lin, 2007"
2271,"Reddy et al., 2010"
2272,"Ferret and Zock, 2006"
2273,"Goodwin et al., 2012"
2274,"Tokunaga et al., 1997"
2275,"Darwish et al., 2014"
2276,"Dahl et al., 2007"
2277,"Banko et al., 2000"
2278,"Levy and Goldberg, 2014"
2279,"Cunningham et al., 1997"
2280,"Liang et al., 2006"
2281,"Mihalcea and Banea, 2007"
2282,"Nakashole and Weikum, 2012"
2283,"Sang and Bos, 2012"
2284,"Guo, 1997"
2285,"Jansche and Abney, 2002"
2286,"Chang et al., 2008"
2287,"Poon and Domingos, 2008"
2288,"Fernando and Stevenson, 2012"
2289,"Rosé et al., 2003"
2290,"Blanco and Moldovan, 2011"
2291,"Murray et al., 2012"
2292,"Gasperin, 2009"
2293,"Burfoot et al., 2011"
2294,"Schwartz and Gomez, 2009"
2295,"Rayson and Garside, 2000"
2296,"Duan et al., 2008"
2297,"Borschinger et al., 2011"
2298,"Mihalcea et al., 2010"
2299,"Màrquez et al., 2015"
2300,"Picard, 1999"
2301,"Hobbs et al., 1992"
2302,"Netzer and Elhadad, 2006"
2303,"Reichart and Korhonen, 2013"
2304,"Auli et al., 2013"
2305,"Raaijmakers et al., 2008"
2306,"Chelba and Acero, 2004"
2307,"Zanzotto and Moschitti, 2006"
2308,"Cui and Chi, 2013"
2309,"Gardent and Kruszewski, 2012"
2310,"Tissot et al., 2015"
2311,"Xue and Shen, 2003"
2312,"Wasson, 2000"
2313,"Mueller et al., 2002"
2314,"Wiebe and Wilson, 2002"
2315,"Resnik and Y, 2003"
2316,"Riedel et al., 2013"
2317,"Mitchell and Lapata, 2008"
2318,"Habash et al., 2012"
2319,"Yano et al., 2009"
2320,"Pustejovsky et al., 2005"
2321,"Pollard, 1987"
2322,"Kazantseva and Szpakowicz, 2011"
2323,"Williams et al., 2003"
2324,"Marcu et al., 1999"
2325,"King, 2008"
2326,"Abend et al., 2009"
2327,"Freedman, 2005"
2328,"Elsner and Charniak, 2008"
2329,"Minnen, 1996"
2330,"Fellbaum et al., 1997"
2331,"Yamamoto et al., 2008"
2332,"Koehn and Haddow, 2012"
2333,"Xu and Weischedel, 2000"
2334,"Walde, 2003"
2335,"Dada, 2007"
2336,"Le et al., 2014"
2337,"Huang, 2014"
2338,"Roth and Frank, 2009"
2339,"DeVault et al., 2008"
2340,"Niehues et al., 2011"
2341,"Chali and Hasan, 2012"
2342,"Vo et al., 2015"
2343,"Volk et al., 2007"
2344,"Kay, 1991"
2345,"Filippova, 2012"
2346,"Davis et al., 2012"
2347,"A et al., 2009"
2348,"Li and Abe, 1998"
2349,"Vanallemeersch and Vandeghinste, 2015"
2350,"Toutanova and Manning, 2002"
2351,"Nenkova and Passonneau, 2004"
2352,"Madnani et al., 2007"
2353,"Drndarevic and Saggion, 2012"
2354,"Giampiccolo et al., 2007"
2355,"Purver et al., 2009"
2356,"Peterson et al., 2011"
2357,"Koller and Lascarides, 2009"
2358,"Duan et al., 2010"
2359,"Cahill et al., 2007"
2360,"Och et al., 1999"
2361,"Miller et al., 1996"
2362,"Hickl et al., 2005"
2363,"Girju, 2003"
2364,"Surdeanu et al., 2012"
2365,"Osborne and Briscoe, 1997"
2366,"Kurohashi, 2001"
2367,"Stroppa and Yvon, 2005"
2368,"Rehbein, 2011"
2369,"Hill and Korhonen, 2014"
2370,"Ng, 2010"
2371,"Cahill and Forst, 2009"
2372,"Popescu and Magnini, 2007"
2373,"Ardanuy and Sporleder, 2014"
2374,"Crammer et al., 2007"
2375,"Agarwal et al., 2014"
2376,"Xie et al., 2011"
2377,"Paiva and Evans, 2005"
2378,"Carpenter, 2005"
2379,"Resnik et al., 2015"
2380,"Lu et al., 2011"
2381,"Wehrli, 2007"
2382,"Womack et al., 2012"
2383,"Tomanek and Hahn, 2009"
2384,"Wu, 1996"
2385,"Althaus et al., 2004"
2386,"Moschitti et al., 2006"
2387,"Narayan and Gardent, 2014"
2388,"Cahill et al., 2014"
2389,"Popescu and Ionescu, 2013"
2390,"Arun et al., 2010"
2391,"Joty et al., 2012"
2392,"Burger and Ferro, 2005"
2393,"Cherry and Lin, 2003"
2394,"Maslennikov and Chua, 2007"
2395,"Post and Bergsma, 2013"
2396,"Li and Li, 2013"
2397,"Gatt and Reiter, 2009"
2398,"Liu et al., 2006"
2399,"Ouchi et al., 2014"
2400,"Heafield et al., 2013"
2401,"Hovy, 2015"
2402,"Cabrio et al., 2012"
2403,"Burkett et al., 2010"
2404,"Gimpel and Smith, 2011"
2405,"Barton, 1986"
2406,"Bracewell et al., 2012"
2407,"Johnson, 2008"
2408,"Viegas et al., 1998"
2409,"Zelenko and Aone, 2006"
2410,"Hovy et al., 2013"
2411,"Morton, 2000"
2412,"HaCohen-Kerner et al., 2008"
2413,"Frank and Reyle, 1995"
2414,"Heafield et al., 2014"
2415,"Belz, 2007"
2416,"Miyao et al., 2003"
2417,"Coursey et al., 2009"
2418,"Tseng and Chen, 2002"
2419,"Grisham et al., 1992"
2420,"Lison, 2011"
2421,"Filimonov and Harper, 2009"
2422,"Galley and Quirk, 2011"
2423,"Penn, 2004"
2424,"Setiawan et al., 2007"
2425,"Abeille, 1990"
2426,"Green et al., 2013"
2427,"Uthus and Aha, 2011"
2428,"Sharoff et al., 2006"
2429,"Agirre et al., 2012"
2430,"Rusko et al., 2013"
2431,"Aziz et al., 2011"
2432,"Cimiano and Wenderoth, 2005"
2433,"Lita et al., 2004"
2434,"Black et al., 1987"
2435,"Chen et al., 2015"
2436,"Watkinson and Manandhar, 2001"
2437,"Dang and Palmer, 2005"
2438,"Yung et al., 2015"
2439,"Woods, 1980"
2440,"Eskenazi et al., 2013"
2441,"White and Baldridge, 2003"
2442,"Klerke and Søgaard, 2013"
2443,"Chaudhari et al., 2011"
2444,"Freitag, 2005"
2445,"Clark and Curran, 2009"
2446,"Shen and Joshi, 2003"
2447,"Mohit and Hwa, 2005"
2448,"Ha et al., 2006"
2449,"Malmasi et al., 2013"
2450,"Andreas and Klein, 2014"
2451,"Kuhlmann and Möhl, 2007"
2452,"He et al., 2013"
2453,"Narasimhan et al., 2014"
2454,"Rios et al., 2012"
2455,"Liang et al., 2009"
2456,"Shan et al., 2015"
2457,"Grishman and Chitrao, 1988"
2458,"Morante and Blanco, 2012"
2459,"Moriceau, 2005"
2460,"Neubig et al., 2012"
2461,"Kameyama et al., 1993"
2462,"Bellegarda, 2010"
2463,"Ture et al., 2012"
2464,"Berend et al., 2013"
2465,"Talbot et al., 2011"
2466,"Kessler et al., 1997"
2467,"Wang and Callison-Burch, 2011"
2468,"Mohler and Mihalcea, 2009"
2469,"Germann et al., 2001"
2470,"Eisenstein and Davis, 2007"
2471,"Echihabi and Marcu, 2003"
2472,"Brody and Elhadad, 2010"
2473,"Stoica and Hearst, 2007"
2474,"Hermann and Blunsom, 2014"
2475,"Jiang and Liu, 2010"
2476,"Duh, 2008"
2477,"Patterson and Kehler, 2013"
2478,"Koeling, 2000"
2479,"Mani et al., 1998"
2480,"Zhou and Su, 2002"
2481,"Morin et al., 2015"
2482,"Nivre et al., 2009"
2483,"Baumel et al., 2014"
2484,"Kauchak and Barzilay, 2006"
2485,"Ide and Suderman, 2007"
2486,"Carpenter, 1992"
2487,"Nießen et al., 1998"
2488,"Basili et al., 2001"
2489,"Wehrli et al., 2010"
2490,"Strayer and Heeman, 2001"
2491,"Cakici, 2005"
2492,"Hobbs and Kehler, 1997"
2493,"Greiner et al., 2013"
2494,"Allauzen et al., 2003"
2495,"Yamura-Takei, 2003"
2496,"Dalrymple et al., 1993"
2497,"Wan, 2009"
2498,"Passonneau et al., 2011"
2499,"Lita et al., 2003"
2500,"Ando et al., 2000"
2501,"Athar and Teufel, 2012"
2502,"Kolak et al., 2003"
2503,"Hewlett and Cohen, 2011"
2504,"Jackendoff, 1993"
2505,"Zhao and Huang, 2013"
2506,"Huang and Yates, 2012"
2507,"Roark et al., 2011"
2508,"Jutras, 2000"
2509,"Pitler et al., 2009"
2510,"Skut and Brants, 1998"
2511,"Lau et al., 2010"
2512,"Vo et al., 2014"
2513,"Suderman and Ide, 2006"
2514,"Roller et al., 2015"
2515,"Kolomiyets and Moens, 2010"
2516,"Mohammad et al., 2008"
2517,"Cooper et al., 2014"
2518,"Almeida et al., 2015"
2519,"Bloodgood and Strauss, 2014"
2520,"Zesch, 2011"
2521,"Kok and Brockett, 2010"
2522,"Klebanov, 2006"
2523,"Zhang et al., 2008"
2524,"Aker and Gaizauskas, 2010"
2525,"Ciaramita, 2002"
2526,"Igo and Riloff, 2009"
2527,"Nenkova and McKeown, 2011"
2528,"Ide, 1999"
2529,"Dinu et al., 2013"
2530,"Rosti et al., 2010"
2531,"Cutting et al., 1991"
2532,"Wedekind, 1991"
2533,"Hanig, 2010"
2534,"Li and Khudanpur, 2009"
2535,"McGee et al., 1998"
2536,"Theune et al., 2007"
2537,"MacCartney et al., 2008"
2538,"Altantawy et al., 2011"
2539,"AbduI-Rauf and Schwenk, 2009"
2540,"Mirza and Tonelli, 2014"
2541,"Pareschi and Steedman, 1987"
2542,"Pavlopoulos and Androutsopoulos, 2014"
2543,"Harris, 1954"
2544,"Klebanov and Flor, 2013"
2545,"Lee et al., 2012"
2546,"Koehn, 2008"
2547,"Palmer et al., 2004"
2548,"Murray and Carenini, 2009"
2549,"Chklovski and Pantel, 2004"
2550,"Kilgarriff, 2010"
2551,"Koo et al., 2010"
2552,"Fishel, 2013"
2553,"Hassan and Radev, 2010"
2554,"Loftsson, 2007"
2555,"Day et al., 1997"
2556,"Lamar et al., 2010"
2557,"Mihalcea and Moldovan, 1999"
2558,"Mesquita et al., 2013"
2559,"Fort and Sagot, 2010"
2560,"Murray et al., 2010"
2561,"Elsner et al., 2012"
2562,"Leusch et al., 2006"
2563,"Scaria et al., 2013"
2564,"Strapparava and Mihalcea, 2007"
2565,"Radev et al., 2009"
2566,"DeNero and Klein, 2008"
2567,"Goldberger, 2011"
2568,"Zhang et al., 2010"
2569,"Gildea and Jurafsky, 2001"
2570,"Sankoff, 1998"
2571,"Deng et al., 2013"
2572,"Lee, 1999"
2573,"Flati et al., 2014"
2574,"Venugopal et al., 2003"
2575,"McDonald et al., 2010"
2576,"Rozovskaya and Roth, 2014"
2577,"Eskander et al., 2013"
2578,"Mason, 2013"
2579,"Šarić et al., 2012"
2580,"Read et al., 2012"
2581,"Bird et al., 2014"
2582,"Liddy and McCracken, 2005"
2583,"Tsarfaty et al., 2012"
2584,"Gelling et al., 2012"
2585,"Waterman, 2009"
2586,"Greenbacker and McCoy, 2009"
2587,"Bamman et al., 2014"
2588,"Rahman and Ng, 2009"
2589,"Schlangen and Skantze, 2011"
2590,"Knight et al., 2006"
2591,"Louis and Higgins, 2010"
2592,"Venugopal and Zollmann, 2006"
2593,"Yang et al., 2012"
2594,"Bond et al., 2013"
2595,"Horacek, 2005"
2596,"Ashwini et al., 2011"
2597,"Das et al., 2014"
2598,"Suzuki and Toutanova, 2006"
2599,"Murphy et al., 2012"
2600,"Swanson and Charniak, 2012"
2601,"Tschirsich and Hintz, 2013"
2602,"Cook and Stevenson, 2009"
2603,"Tan et al., 2013"
2604,"Sil et al., 2012"
2605,"Tanaka-Ishii et al., 2010"
2606,"Mihalcea et al., 2012"
2607,"Kim et al., 2014"
2608,"Eisenstein et al., 2011"
2609,"Racca et al., 2011"
2610,"Lin and Wu, 2009"
2611,"Bott et al., 2012"
2612,"Venhuizen et al., 2013"
2613,"Zanzotto and Pennacchiotti, 2010"
2614,"Ravi and Knight, 2011"
2615,"Garside and Leech, 1985"
2616,"Faruqui and Dyer, 2013"
2617,"Marcu et al., 2006"
2618,"Brew, 1991"
2619,"Fossum and Knight, 2009"
2620,"Sajjad et al., 2013"
2621,"Walker et al., 1998"
2622,"Green et al., 2014"
2623,"Johnson, 1997"
2624,"Kan et al., 2001"
2625,"Chiarcos, 2010"
2626,"Huang, 1984"
2627,"Howlett and Dras, 2011"
2628,"Carpuat, 2013"
2629,"Finlayson and Kulkarni, 2011"
2630,"Hovy et al., 2012"
2631,"Pasupat and Liang, 2014"
2632,"Luque et al., 2012"
2633,"Narayanan et al., 2009"
2634,"Soricut and Marcu, 2003"
2635,"Lin and Weng, 2008"
2636,"Grover and Lascarides, 2001"
2637,"Täckström, 2009"
2638,"Haizhou et al., 2004"
2639,"Rahman and Ng, 2012"
2640,"McDonald and Pereira, 2006"
2641,"Riloff and Shepherd, 1997"
2642,"Liu et al., 2009"
2643,"Sun and Xu, 2011"
2644,"Fomicheva et al., 2015"
2645,"Abu-Jbara et al., 2012"
2646,"Zanzotto et al., 2011"
2647,"Coster and Kauchak, 2011"
2648,"Ribas, 1994"
2649,"Li and Hovy, 2014"
2650,"Dreyer and Marcu, 2012"
2651,"Zbib et al., 2012"
2652,"Demir et al., 2010"
2653,"Stede, 1993"
2654,"Marcu and Echihabi, 2003"
2655,"Goyal et al., 2013"
2656,"Karttunen, 1996"
2657,"Choi and Mccallum, 2013"
2658,"Tillmann and Xu, 2009"
2659,"Schoenmackers et al., 2008"
2660,"Satta, 1997"
2661,"Cholakov et al., 2014"
2662,"Carreras and Collins, 2009"
2663,"Elshamy et al., 2010"
2664,"Peirsman, 2006"
2665,"Taskar et al., 2004"
2666,"Moschitti et al., 2008"
2667,"Diao et al., 2012"
2668,"Branavan et al., 2009"
2669,"Liang et al., 2011"
2670,"Liu et al., 2010"
2671,"Bird and Blackburn, 1991"
2672,"Croce et al., 2011"
2673,"Potet et al., 2010"
2674,"Poesio, 2004"
2675,"Riezler and Maxwell, 2005"
2676,"Naughton, 2007"
2677,"Kaji, 2003"
2678,"Molla, 2006"
2679,"Chen, 1995"
2680,"Zhang et al., 2014"
2681,"Erk, 2006"
2682,"Mayer and Cysouw, 2012"
2683,"Rudnick and Gasser, 2013"
2684,"Rahman and Ng, 2011"
2685,"Weeds et al., 2005"
2686,"Yang and Callan, 2009"
2687,"Samdani et al., 2012"
2688,"Rasooli and Faili, 2012"
2689,"Lee et al., 2011"
2690,"Kozareva and Hovy, 2010"
2691,"Gliozzo, 2006"
2692,"Seemann et al., 2015"
2693,"Mille et al., 2013"
2694,"Honnibal and Goldberg, 2013"
2695,"Schfitze, 1993"
2696,"Faruqui and Pado, 2012"
2697,"Siddharthan and Katsos, 2010"
2698,"Agirre and Martinez, 2001"
2699,"Wu et al., 2003"
2700,"McRoy and Hirst, 1993"
2701,"Yuret, 2007"
2702,"Vossen et al., 1999"
2703,"Berger and Mittal, 2000"
2704,"Abu-Jbara et al., 2013"
2705,"deMarcken, 1990"
2706,"Henrich et al., 2012"
2707,"Pinchak and Lin, 2006"
2708,"Andreas et al., 2013"
2709,"Eidelman et al., 2010"
2710,"Xue and Palmer, 2004"
2711,"Gaussier et al., 2004"
2712,"Curran, 2002"
2713,"Zadeh and Handschuh, 2014"
2714,"Barrault, 2011"
2715,"Joshi and Penstein-Rose, 2009"
2716,"Bowman et al., 2015"
2717,"Stoyanova et al., 2013"
2718,"Tetreault et al., 2013"
2719,"Wiebe, 1994"
2720,"Pasca et al., 2006"
2721,"Jagarlamudi et al., 2012"
2722,"Sekine and Oda, 2007"
2723,"Gali and Venkatapathy, 2009"
2724,"Kohonen et al., 2010"
2725,"Thadani and McKeown, 2011"
2726,"Strube and Muller, 2003"
2727,"Dekang, 1998"
2728,"Su and Markert, 2008"
2729,"Ye et al., 2009"
2730,"Polajnar et al., 2014"
2731,"Fleischman and Hovy, 2004"
2732,"Abney and Light, 1999"
2733,"Christensen, 2002"
2734,"Markert et al., 2003"
2735,"Corbett et al., 2007"
2736,"Collins and Roark, 2004"
2737,"Gorman and Curran, 2007"
2738,"Cristea and Webber, 1997"
2739,"Wang et al., 2008"
2740,"Surdeanu et al., 2011"
2741,"Chu-Carroll et al., 2003"
2742,"Rambow et al., 1995"
2743,"Korhonen et al., 2003"
2744,"Bruni et al., 2012"
2745,"Rosenthal et al., 2014"
2746,"Liu and Ng, 2007"
2747,"Huck et al., 2013"
2748,"Szpector et al., 2004"
2749,"Yao et al., 2010"
2750,"Gouws and Metzle, 2011"
2751,"Ji et al., 2006"
2752,"Tambouratzis et al., 2014"
2753,"Kuznetsova et al., 2013"
2754,"Connor et al., 2009"
2755,"Pastra et al., 2003"
2756,"Zhuang and Zong, 2010"
2757,"Jin and Wu, 2012"
2758,"Sajjad and Schmid, 2009"
2759,"Morante and Daelemans, 2009"
2760,"Baldwin and Bond, 2003"
2761,"Irwin et al., 2011"
2762,"Webber, 1988"
2763,"Falk et al., 2012"
2764,"Rozovskaya et al., 2013"
2765,"Basili et al., 1992"
2766,"Langkilde and Knight, 1998"
2767,"Enright and Kondrak, 2007"
2768,"Martins et al., 2008"
2769,"Horacek, 2003"
2770,"Wurzer et al., 2015"
2771,"Zens et al., 2012"
2772,"Mohamed et al., 2011"
2773,"Howarth, 1996"
2774,"Fisher and Roark, 2007"
2775,"Koomen et al., 2005"
2776,"Minkov et al., 2007"
2777,"Babych et al., 2012"
2778,"Zollman and Venugopal, 2006"
2779,"Chester, 1980"
2780,"Somasundaran et al., 2008"
2781,"Mueller, 2002"
2782,"Yano et al., 2012"
2783,"Gamon, 2011"
2784,"Agirre and Soroa, 2009"
2785,"Mihalcea, 2005"
2786,"Hajic, 2000"
2787,"Basile and Bos, 2011"
2788,"Tian et al., 2014"
2789,"Ravi et al., 2008"
2790,"Lofi et al., 2014"
2791,"Vickrey et al., 2010"
2792,"Litvak and Last, 2008"
2793,"Ilvovsky, 2014"
2794,"Mahamood and Reiter, 2011"
2795,"Watanabe et al., 2009"
2796,"Paul and Girju, 2010"
2797,"Zaidan and Callison-Burch, 2014"
2798,"Yoshikawa et al., 2009"
2799,"Branavan et al., 2012"
2800,"Gooi and Allan, 2004"
2801,"Sarikaya and Deng, 2007"
2802,"Scarton and Specia, 2014"
2803,"Yu et al., 2015"
2804,"Razmara et al., 2012"
2805,"Gildea et al., 2006"
2806,"Apidianaki et al., 2012"
2807,"Berg-Kirkpatrick et al., 2011"
2808,"Osborne, 1999"
2809,"Ritter et al., 2010"
2810,"Gillenwater et al., 2012"
2811,"Kim et al., 2010"
2812,"Farra et al., 2014"
2813,"Parton et al., 2011"
2814,"Taira et al., 2008"
2815,"Arora et al., 2010"
2816,"Jing et al., 1997"
2817,"Chung et al., 2010"
2818,"Zhao et al., 2005"
2819,"Turchi and Negri, 2013"
2820,"Nissim, 2006"
2821,"Schofield and Zheng, 2003"
2822,"Levitan et al., 2011"
2823,"Huang and Chiang, 2008"
2824,"Jurgens, 2011"
2825,"Mi and Liu, 2010"
2826,"Xia, 2008"
2827,"Wiebe et al., 1998"
2828,"Diab et al., 2008"
2829,"Zhou et al., 2014"
2830,"Preiss, 2012"
2831,"Dewdney et al., 2001"
2832,"Zajac, 2001"
2833,"Cohen et al., 1990"
2834,"McDonald et al., 2013"
2835,"Brown et al., 1991"
2836,"Harabagiu et al., 2005"
2837,"Garg and Henderson, 2012"
2838,"Mirkin et al., 2015"
2839,"Kuznetsova et al., 2012"
2840,"Lam et al., 2014"
2841,"Nakanishi and Miyao, 2005"
2842,"McDonald et al., 2006"
2843,"Hildebrand and Vogel, 2009"
2844,"Dorr, 1990"
2845,"Jiang and Zhai, 2006"
2846,"Nelakanti et al., 2013"
2847,"Tsuchiya et al., 2008"
2848,"Nguyen and Dogruoz, 2014"
2849,"Postolache, 2005"
2850,"Amir et al., 2014"
2851,"Strube, 1998"
2852,"Zhu and Xiao, 2011"
2853,"Blanco and Moldovan, 2014"
2854,"Danlos, 2004"
2855,"Bikel and Castelli, 2008"
2856,"Meknavin et al., 1998"
2857,"Agirrezabal et al., 2013"
2858,"Meyer and Polakova, 2013"
2859,"Carberry, 1988"
2860,"Hwang et al., 2010"
2861,"Hopkins and May, 2011"
2862,"Minkov and Cohen, 2012"
2863,"Strzalkowski, 1994"
2864,"Persing and Ng, 2009"
2865,"Baldwin, 2001"
2866,"Li et al., 2003"
2867,"Fu et al., 2014"
2868,"Georgila et al., 2010"
2869,"Maybury, 1989"
2870,"Baker and Lowe, 1998"
2871,"Wu and Wang, 2009"
2872,"Moschitti, 2009"
2873,"Duh and Kirchhoff, 2005"
2874,"Pradhan et al., 2014"
2875,"Rimon and Herz, 1991"
2876,"Norbu et al., 2010"
2877,"Hasan et al., 2006"
2878,"Bansal and Klein, 2012"
2879,"Nabende, 2009"
2880,"Cahill and Riester, 2009"
2881,"Zhang and Clark, 2007"
2882,"Gyamfi et al., 2009"
2883,"Zhou et al., 2005"
2884,"Park, 1995"
2885,"Gouws et al., 2011"
2886,"Yang, 1999"
2887,"Gao and Suzuki, 2003"
2888,"Whitelaw and Patrick, 2003"
2889,"Skantze and Schlangen, 2009"
2890,"Gesmundo and Henderson, 2011"
2891,"Fleischman and Hovy, 2003"
2892,"Hassan and Mihalcea, 2009"
2893,"Giesbrecht, 2010"
2894,"Nahnsen, 2009"
2895,"Lambert and Carberry, 1991"
2896,"Takamura et al., 2007"
2897,"Copestake and Briscoe, 1991"
2898,"Azzam et al., 1999"
2899,"Polanyi and Scha, 1984"
2900,"Reichartz et al., 2009"
2901,"Evert et al., 2014"
2902,"Xue and Converse, 2002"
2903,"Brown et al., 2005"
2904,"Christensen et al., 2002"
2905,"Carbone et al., 2004"
2906,"Conklin and McDonald, 1982"
2907,"Surdeanu et al., 2008"
2908,"Wing and Baldridge, 2011"
2909,"Sekine et al., 1999"
2910,"Moldovan et al., 2003"
2911,"Bartlett et al., 2009"
2912,"Zhao et al., 2008"
2913,"Stoyanov et al., 2010"
2914,"Chiang, 2007"
2915,"Stede, 2004"
2916,"Gimpel and Smith, 2008"
2917,"Feng, 2010"
2918,"Darwish, 2013"
2919,"Sha and Pereira, 2003"
2920,"Ruppenhofer and Rehbein, 2012"
2921,"Nunberg, 1993"
2922,"Sap et al., 2014"
2923,"Huang et al., 2005"
2924,"Bird et al., 2001"
2925,"Levy and Manning, 2003"
2926,"Shnarch et al., 2012"
2927,"Kan and Mckeown, 2002"
2928,"Tang et al., 2002"
2929,"Moschitti, 2012"
2930,"Chatterjee and Cancedda, 2010"
2931,"Riley and Gildea, 2012"
2932,"Shinzato and Torisawa, 2004"
2933,"Verhagen et al., 2007"
2934,"Carenini et al., 2013"
2935,"Jiampojamarn et al., 2009"
2936,"Eskin, 2000"
2937,"Kukich et al., 1994"
2938,"Fiedler and Tsovaltzi, 2003"
2939,"Musat et al., 2012"
2940,"Zhang et al., 2001"
2941,"Lee and Glass, 2012"
2942,"Banea et al., 2008"
2943,"Purandare, 2003"
2944,"Lascarides and Asher, 1993"
2945,"Barzilay and Lapata, 2005"
2946,"Knight, 2009"
2947,"Doucet and Ahonen-Myka, 2004"
2948,"Foster et al., 2005"
2949,"Hermann et al., 2012"
2950,"Yoshikawa and Iida, 2012"
2951,"Chung and Gildea, 2009"
2952,"Scheible, 2010"
2953,"Harabagiu, 1996"
2954,"McShane et al., 2004"
2955,"Haji, 2000"
2956,"Passonneau, 1986"
2957,"Ribas, 1995"
2958,"Reichart and Barzilay, 2012"
2959,"Cromieres, 2006"
2960,"Melamed, 2004"
2961,"Bird and Loper, 2004"
2962,"Doğan and Lu, 2012"
2963,"Ballesteros et al., 2014"
2964,"Hall and Nilsson, 2006"
2965,"Abbas, 2014"
2966,"Jay et al., 1997"
2967,"Attardi and Ciaramita, 2007"
2968,"Buck, 2012"
2969,"Xu et al., 2003"
2970,"Feng et al., 2009"
2971,"Tibshirani and Manning, 2014"
2972,"Björkelund et al., 2009"
2973,"Carbonell, 1979"
2974,"Watanabe et al., 2008"
2975,"Rubinstein et al., 2013"
2976,"Kong et al., 2015"
2977,"Niculae and Yaneva, 2013"
2978,"Nenkova and McKeown, 2003"
2979,"Clark and Curran, 2007"
2980,"Elson and McKeown, 2009"
2981,"Fernandez et al., 2008"
2982,"Litkowski, 1999"
2983,"Kudo et al., 2005"
2984,"Pauls and Klein, 2009"
2985,"Blanchard and Heinz, 2008"
2986,"Choe et al., 2015"
2987,"Barzilay and Elhadad, 2003"
2988,"Daum et al., 2003"
2989,"Pradhan et al., 2007"
2990,"Caselli et al., 2015"
2991,"Banea et al., 2014"
2992,"Purver et al., 2003"
2993,"Lee, 2005"
2994,"Lin, 1998"
2995,"Lerman et al., 2009"
2996,"Goldstein et al., 2000"
2997,"Rudzicz, 2011"
2998,"Hardmeier et al., 2013"
2999,"Feng and Bangalore, 2009"
3000,"Suzuki, 2002"
3001,"Passonneau et al., 2013"
3002,"Rieser et al., 2010"
3003,"Courley and Mihalcea, 2005"
3004,"Gonzalo et al., 1999"
3005,"Liu and Chua, 2001"
3006,"Xu et al., 2015"
3007,"Zhang and Chiang, 2014"
3008,"Hall and Klein, 2011"
3009,"Koller et al., 2012"
3010,"Nerima et al., 2003"
3011,"Estival et al., 2004"
3012,"Yang et al., 2006"
3013,"Honnibal et al., 2010"
3014,"Yuret, 2008"
3015,"Palmer et al., 2002"
3016,"Freitag et al., 2014"
3017,"Evang et al., 2013"
3018,"McCord, 1980"
3019,"Somasundaran and Wiebe, 2010"
3020,"Snoek et al., 2014"
3021,"Lapata et al., 1999"
3022,"Kacmarcik and Gamon, 2006"
3023,"Daume, 2009"
3024,"Argaw and Asker, 2007"
3025,"Brown et al., 1990"
3026,"Huang and Sagae, 2010"
3027,"Grosz et al., 1983"
3028,"Chahuneau et al., 2012"
3029,"Tamchyna and Bojar, 2015"
3030,"Bikel and Chiang, 2000"
3031,"Koo et al., 2008"
3032,"Persing et al., 2010"
3033,"Koller and Stone, 2007"
3034,"Lampert et al., 2009"
3035,"Stewart, 2014"
3036,"Lu et al., 2009"
3037,"Utt and Padó, 2011"
3038,"Quirk et al., 2005"
3039,"Graehl et al., 2008"
3040,"Ohtake, 2006"
3041,"Chambers and Jurafsky, 2009"
3042,"Paul et al., 2009"
3043,"Riezler and Maxwell, 2006"
3044,"Schmitt et al., 2011"
3045,"Hovy and Lin, 1999"
3046,"Ji and Grishman, 2006"
3047,"Xiao et al., 2010"
3048,"Bouma, 1999"
3049,"Finkel and Stump, 2002"
3050,"Malioutov and Barzilay, 2006"
3051,"Ghose et al., 2007"
3052,"Teufel et al., 2006"
3053,"Pakhomov et al., 2005"
3054,"Banchs and Li, 2012"
3055,"Marquez et al., 2005"
3056,"Zarrella et al., 2015"
3057,"Zhang et al., 2006"
3058,"Stoyanchev and Stent, 2009"
3059,"Gatt et al., 2009"
3060,"Li et al., 2012"
3061,"Pitler et al., 2012"
3062,"Rosetta, 1994"
3063,"Roark et al., 2013"
3064,"Power and Williams, 2012"
3065,"Elfardy and Diab, 2013"
3066,"Guillou, 2015"
3067,"Matiasek and Baroni, 2003"
3068,"Nivre, 2004"
3069,"Yona and Wintner, 2005"
3070,"Beltagy et al., 2014"
3071,"Li et al., 2010"
3072,"Chiang, 2010"
3073,"Ide, 2007"
3074,"Udupa and Maji, 2006"
3075,"Cahill et al., 2008"
3076,"Nguyen, 2010"
3077,"Birch and Osborne, 2010"
3078,"Khegai, 2006"
3079,"Schnabel et al., 2015"
3080,"Leuski et al., 2003"
3081,"Bojar and Wu, 2012"
3082,"Langone et al., 2004"
3083,"O'Donnell et al., 1998"
3084,"McDonald et al., 2011"
3085,"Dligach et al., 2010"
3086,"Lau et al., 2012"
3087,"Korhonen et al., 2000"
3088,"Mirkin and Meunier, 2015"
3089,"McDonald, 1981"
3090,"Clark et al., 2009"
3091,"Pantel et al., 2012"
3092,"Zollmann et al., 2006"
3093,"Mcdonald and Pereira, 2006"
3094,"Williams et al., 2011"
3095,"Hickl et al., 2006"
3096,"Mcdonald et al., 2005"
3097,"Jiang and Conrath, 1997"
3098,"Berzak et al., 2014"
3099,"Leong and Mihalcea, 2011"
3100,"Westerhout, 2009"
3101,"Ghazi et al., 2010"
3102,"Watanabe et al., 2006"
3103,"Covington, 1998"
3104,"Schuetze, 1993"
3105,"Perera and Ranta, 2007"
3106,"Louis and Nenkova, 2009"
3107,"Paris, 1988"
3108,"Leusch and Ney, 2010"
3109,"Ambati, 2010"
3110,"Steedman et al., 2003"
3111,"Dridan and Baldwin, 2010"
3112,"Arora et al., 2009"
3113,"FUNG et al., 1999"
3114,"Kim et al., 2013"
3115,"Xia et al., 2013"
3116,"Kay and Roscheisen, 1999"
3117,"Mukherjee and Liu, 2012"
3118,"Mihalcea and Tarau, 2005"
3119,"Huang and Riloff, 2011"
3120,"Ingria and Stallard, 1989"
3121,"Hong et al., 2009"
3122,"Cohen, 1984"
3123,"Zhao and Xing, 2006"
3124,"Navigli, 2009"
3125,"Kummerfeld et al., 2010"
3126,"Klabunde, 2005"
3127,"Zhou and Su, 2001"
3128,"Woodsend and Lapata, 2012"
3129,"Grishman and Peng, 1988"
3130,"Sarawgi et al., 2011"
3131,"Mann and Yarowsky, 2004"
3132,"Kuhlmann and Mohl, 2006"
3133,"Humphreys et al., 1997"
3134,"Daniel et al., 2003"
3135,"Wang et al., 2014"
3136,"Hardt, 1995"
3137,"Lui and Baldwin, 2012"
3138,"Koller et al., 2008"
3139,"Simard et al., 2007"
3140,"Preiss, 2003"
3141,"Schwab et al., 2013"
3142,"Islam and Inkpen, 2009"
3143,"Somasundaran and Wiebe, 2009"
3144,"Ogren, 2006"
3145,"Goldwasser et al., 2011"
3146,"Matsuo et al., 2006"
3147,"Albright and Hayes, 2002"
3148,"Blunsom and Baldwin, 2006"
3149,"Nakatani, 1998"
3150,"Louis, 2012"
3151,"Lee and Katz, 2009"
3152,"Zeman, 2012"
3153,"Daude et al., 2000"
3154,"Gordon and Schubert, 2011"
3155,"Eichler and Neumann, 2010"
3156,"Klein and Manning, 2001"
3157,"Benotti, 2009"
3158,"Youngmin et al., 2011"
3159,"Callaway and Lester, 2002"
3160,"Hamid and Darwish, 2010"
3161,"Takechi et al., 2003"
3162,"Chang and Clark, 2010"
3163,"Pauls and Klein, 2012"
3164,"Abu-Jbara and Radev, 2011"
3165,"Kirk, 2009"
3166,"Kehler et al., 2004"
3167,"Cai and Knight, 2013"
3168,"Haertel et al., 2010"
3169,"Song et al., 2015"
3170,"Hirao et al., 2013"
3171,"Baldwin et al., 2003"
3172,"Rai et al., 2010"
3173,"Akkaya et al., 2009"
3174,"Erk et al., 2012"
3175,"Srikumar and Roth, 2011"
3176,"Bicici, 2013"
3177,"Nothdurft et al., 2014"
3178,"Rei and Briscoe, 2014"
3179,"Ratnaparkhi, 2000"
3180,"Henderson and Brill, 2000"
3181,"Subotin, 2011"
3182,"Stevenson et al., 2009"
3183,"Foster and White, 2007"
3184,"Titov and Henderson, 2010"
3185,"Chen et al., 2012"
3186,"Zesch and Gurevych, 2007"
3187,"Nesson et al., 2008"
3188,"Mueller, 2003"
3189,"Hovy et al., 2006"
3190,"Kamei and Wakao, 1992"
3191,"Elsner and Charniak, 2011"
3192,"Kudo and Matsumoto, 2003"
3193,"Barak et al., 2012"
3194,"Gooi and 2004, 2004"
3195,"Dredze and Crammer, 2008"
3196,"Abdul-Rauf and Schwenk, 2009"
3197,"Ganchev and Dredze, 2008"
3198,"Jiang and Ng, 2006"
3199,"Mitsumori et al., 2005"
3200,"Cathcart et al., 2003"
3201,"Cohen et al., 2013"
3202,"Pennacchiotti and Pantel, 2006"
3203,"McCarley et al., 2011"
3204,"Reyle, 1992"
3205,"Gildea and Hockenmaier, 2003"
3206,"Gung and Kalita, 2012"
3207,"Duan et al., 2003"
3208,"McKeown et al., 1985"
3209,"Lignos, 2011"
3210,"Hwang and Sasaki, 2005"
3211,"Bakliwal et al., 2012"
3212,"Klein and Christopher, 2003"
3213,"Dyer, 2009"
3214,"Yue, 2006"
3215,"Fourtassi and Dupoux, 2013"
3216,"Munro et al., 2010"
3217,"Durrett and Klein, 2015"
3218,"Arisoy et al., 2012"
3219,"Dwyer and Kondrak, 2009"
3220,"Chelba, 1998"
3221,"Voorhees, 2003"
3222,"Ratnaparkhi, 1996"
3223,"Washtell, 2009"
3224,"Che, 2012"
3225,"Turk, 2013"
3226,"GuoDong et al., 2005"
3227,"Ultes et al., 2012"
3228,"Bunescu, 2008"
3229,"Pilehvar and Navigli, 2014"
3230,"Plotnikova et al., 2015"
3231,"Xue et al., 2015"
3232,"Titov and Klementiev, 2012"
3233,"Bamman and Crane, 2007"
3234,"Chiang et al., 2011"
3235,"Beck et al., 2014"
3236,"Tillmann and Zhang, 2006"
3237,"Farkas et al., 2011"
3238,"Rapp, 2008"
3239,"Gimpel and Smith, 2012"
3240,"Byron and Tetreault, 1999"
3241,"Medelyan et al., 2009"
3242,"Yannakoudakis and Briscoe, 2012"
3243,"Morbini et al., 2012"
3244,"Lapata and Keller, 2007"
3245,"Mani et al., 2002"
3246,"Raghavan et al., 2012"
3247,"Cavalli-Sfora et al., 2000"
3248,"Klavans and Kan, 1998"
3249,"Wang and Blunsom, 2013"
3250,"Petrenz, 2014"
3251,"Kate and Mooney, 2010"
3252,"Carson-Berndsen et al., 2004"
3253,"Gormley et al., 2010"
3254,"Widdows, 2004"
3255,"Dorr and Zajic, 2003"
3256,"Hall et al., 2006"
3257,"Farkas et al., 2007"
3258,"Sinha, 2012"
3259,"Collobert and Weston, 2007"
3260,"Daya et al., 2004"
3261,"Pan et al., 2006"
3262,"Ma, 2013"
3263,"Simion et al., 2013"
3264,"Toutanova and Cherry, 2009"
3265,"Banko and Vanderwende, 2004"
3266,"Fujita et al., 2007"
3267,"Tetreault et al., 2010"
3268,"Cohen and Levesque, 1985"
3269,"Meyers et al., 2001"
3270,"Levenberg and Osborne, 2009"
3271,"Magnini et al., 2001"
3272,"Lin et al., 2008"
3273,"Roark et al., 2007"
3274,"Schulz et al., 2002"
3275,"Collins, 1996"
3276,"Stymne et al., 2013"
3277,"Cutting et al., 1992"
3278,"Ejerhed, 1988"
3279,"Oflazer and Cemaleddin, 1994"
3280,"Przepiórkowski, 2007"
3281,"Germann et al., 2004"
3282,"Durrani et al., 2011"
3283,"Zhou and Hovy, 2003"
3284,"Daelemans, 1987"
3285,"Celikyilmaz and Hakkani-Tur, 2010"
3286,"Asr and Demberg, 2013"
3287,"Fung et al., 1999"
3288,"Liu and Seneff, 2009"
3289,"Allen et al., 2008"
3290,"Ng, 2006"
3291,"Maletti and Satta, 2009"
3292,"Bronzi et al., 2012"
3293,"Castillo and Estrella, 2012"
3294,"Velupillai, 2014"
3295,"Wang et al., 2009"
3296,"Toutanova et al., 2003"
3297,"Jurgens and Stevens, 2010"
3298,"Leuski et al., 2006"
3299,"Diao and Jiang, 2013"
3300,"Aone and Ramos-Santacruz, 2000"
3301,"Erk and Padó, 2010"
3302,"Charniak and Johnson, 2001"
3303,"Tromble et al., 2008"
3304,"Rasooli and Tetreault, 2013"
3305,"Sha and Pereira, 2005"
3306,"Felice and Specia, 2012"
3307,"Goodman and Bond, 2009"
3308,"Cadilhac et al., 2012"
3309,"Talbot and Osborne, 2006"
3310,"Culotta and Soresen, 2004"
3311,"Ozgencil and McCracken, 2005"
3312,"Okanohara and Tsujii, 2009"
3313,"Rao and Ravichandran, 2009"
3314,"Croce et al., 2010"
3315,"Kahane, 2006"
3316,"Alishahi, 2010"
3317,"Elfardy et al., 2014"
3318,"Genest and Lapalme, 2011"
3319,"Rambow et al., 2005"
3320,"Jurgens et al., 2014"
3321,"Hearst, 2005"
3322,"Prescher, 2005"
3323,"Catizone et al., 2003"
3324,"Hu et al., 2011"
3325,"Müller and Strube, 2001"
3326,"Gargett et al., 2014"
3327,"Levenberg et al., 2012"
3328,"Huang and Pendus, 2013"
3329,"Weeds and Weir, 2003"
3330,"Dragut et al., 2012"
3331,"Litkowski and Hargraves, 2006"
3332,"Chrupala, 2014"
3333,"Narayanan et al., 2003"
3334,"Wang and Zhang, 2009"
3335,"Mahamood, 2010"
3336,"Williams and Koehn, 2012"
3337,"Nilsson et al., 2007"
3338,"Mansour and Ney, 2013"
3339,"Bansal and Klein, 2011"
3340,"Xiong and Litman, 2011"
3341,"Gu and Cercone, 2006"
3342,"Mutton et al., 2007"
3343,"Jayaraman and Lavie, 2005"
3344,"Raz, 2012"
3345,"DeVault et al., 2011"
3346,"Zhou et al., 2004"
3347,"Dejean et al., 2003"
3348,"Duong et al., 2013"
3349,"Bengston and Roth, 2008"
3350,"Dligach and Palmer, 2011"
3351,"Mitchell, 2015"
3352,"Goldwater and Johnson, 2005"
3353,"Tapanainen and Jarvinen, 1997"
3354,"Kushman et al., 2014"
3355,"TSENG, 2001"
3356,"Pierce and Cardie, 2004"
3357,"Demir et al., 2008"
3358,"Rozovskaya and Roth, 2010"
3359,"Selfridge et al., 2011"
3360,"Biemann, 2010"
3361,"Hindle, 1991"
3362,"Hatzivassiloglou and Sebastiani, 1997"
3363,"Passonneau et al., 2010"
3364,"Zukerman and George, 2002"
3365,"Turner et al., 2010"
3366,"Abdul-Hamid and Darwish, 2010"
3367,"Pestian et al., 2007"
3368,"Conrad et al., 2012"
3369,"Bobicev, 2015"
3370,"Grishman, 2008"
3371,"Li and Yamanishi, 2003"
3372,"Bhargava et al., 2011"
3373,"Tratz and Hovy, 2011"
3374,"Hermann et al., 2014"
3375,"Li et al., 2007"
3376,"Tu and Roth, 2011"
3377,"Buchholz and Marsi, 2006"
3378,"Boyer et al., 2010"
3379,"Majlis, 2012"
3380,"Seroussi et al., 2011"
3381,"Bos and Nissim, 2006"
3382,"Sahakian and Snyder, 2012"
3383,"Sayeed et al., 2012"
3384,"Lesmo and Torasso, 1985"
3385,"Elson et al., 2010"
3386,"Frank et al., 2013"
3387,"Tillmann, 2003"
3388,"Erk et al., 2013"
3389,"Sankofl, 1998"
3390,"Chen and Skienna, 2014"
3391,"Möller and Ward, 2008"
3392,"Nagata et al., 2011"
3393,"Yoshida and Tsujii, 2007"
3394,"Snyder et al., 2010"
3395,"Cheng et al., 2012"
3396,"DeNeefe et al., 2005"
3397,"White and Rajkumar, 2009"
3398,"Moore, 2003"
3399,"Finkel et al., 2008"
3400,"Mani et al., 2001"
3401,"Pedersen and Bruce, 1997"
3402,"Bergsma and Lin, 2006"
3403,"Mikheev, 1996"
3404,"Masuda et al., 2003"
3405,"Moschitti, 2006"
3406,"Yu and Dredze, 2014"
3407,"Strube and Müller, 2003"
3408,"Berg-Kirkpatrick et al., 2013"
3409,"Calzolari, 1986"
3410,"Newman et al., 2010"
3411,"Huang et al., 2008"
3412,"Tatu and Moldovan, 2006"
3413,"Freedman et al., 2010"
3414,"Sang, 2007"
3415,"Kohomban and Lee, 2005"
3416,"Miyao, 2005"
3417,"Zhang and Gildea, 2008"
3418,"Kalchbrenner and Blunsom, 2013"
3419,"Macháček and Bojar, 2014"
3420,"Johansson and Nugues, 2005"
3421,"Basile et al., 2011"
3422,"Boguslavsky et al., 2004"
3423,"Burstein et al., 1998"
3424,"Huang and Riloff, 2013"
3425,"Lao et al., 2012"
3426,"Henderson, 2003"
3427,"Reichart and Rappoport, 2010"
3428,"Kouchnir, 2004"
3429,"Lerner and Petrov, 2013"
3430,"Roy et al., 2000"
3431,"Yoshida et al., 2014"
3432,"Evans and Zhai, 1996"
3433,"Sundermeyer et al., 2014"
3434,"Doyle, 2014"
3435,"Goldsmith and Reutter, 1998"
3436,"Zhou et al., 2013"
3437,"Ogren and Bethard, 2009"
3438,"Patel et al., 2010"
3439,"Covington, 1994"
3440,"Mostow and Duan, 2011"
3441,"Zheng et al., 2010"
3442,"Zhang and Nivre, 2011"
3443,"Bicici and Way, 2014"
3444,"Fang and Huang, 2012"
3445,"Hutchinson, 2005"
3446,"Zollmann and Vogel, 2011"
3447,"Horacek, 1991"
3448,"Holan et al., 1998"
3449,"McKeown et al., 2010"
3450,"Li and Li, 2004"
3451,"Schuler, 2001"
3452,"Dyer et al., 2015"
3453,"Nakov et al., 2013"
3454,"Krotov et al., 1997"
3455,"Cheung and Penn, 2010"
3456,"Dorr, 1993"
3457,"Pareira and Paraboni, 2008"
3458,"Bian, 2006"
3459,"Pitler et al., 2013"
3460,"Huang and Riloff, 2010"
3461,"Suzuki and Isozaki, 2008"
3462,"Vlachos, 2010"
3463,"Nenkova et al., 2011"
3464,"Heilman et al., 2008"
3465,"Watanabe, 2012"
3466,"Bada et al., 2010"
3467,"Nederhof and Satta, 2006"
3468,"Ploch, 2011"
3469,"Brooks, 2006"
3470,"Emms, 2006"
3471,"Jørgensen et al., 2015"
3472,"Müller and Strube, 2003"
3473,"Cheng et al., 2001"
3474,"Yarowsky et al., 2001"
3475,"Zheng et al., 2013"
3476,"Wang and Liu, 2011"
3477,"Osborne and Baldbridge, 2004"
3478,"Ahmed and Butt, 2011"
3479,"Walter and Pinkal, 2006"
3480,"Wagner and Foster, 2009"
3481,"Rozovskaya et al., 2014"
3482,"Rounds and Manaster-Ramer, 1987"
3483,"Saric et al., 2004"
3484,"Eryigit, 2007"
3485,"Mcdonald et al., 2010"
3486,"Xia and Wong, 2006"
3487,"Stevenson and Joanis, 2003"
3488,"Mohler et al., 2013"
3489,"Stevens and Buttler, 2012"
3490,"Ravi, 2013"
3491,"Hockenmaier and Steedman, 2003"
3492,"Gildea and Jurasfky, 2002"
3493,"Higgins, 2003"
3494,"Hagiwara and Suzuki, 2009"
3495,"Beck et al., 2013"
3496,"Lebret and Collobert, 2014"
3497,"Sun and Mellish, 2007"
3498,"Sridhar et al., 2013"
3499,"Lang and Lapata, 2010"
3500,"Huang et al., 2009"
3501,"Dahlmeier and Ng, 2012"
3502,"Tsuruoka et al., 2009"
3503,"Reisinger and Mooney, 2010"
3504,"Yoshinaga and Kitsuregawa, 2009"
3505,"Chambers and Jurafsky, 2008"
3506,"Poznanski et al., 1995"
3507,"Ristad and Thomas, 1995"
3508,"Mochizuki et al., 1998"
3509,"Evert and Krenn, 2001"
3510,"Hutchens and Adler, 1998"
3511,"Nabende, 2010"
3512,"Santos et al., 2015"
3513,"Oshika et al., 1988"
3514,"Knight and Graehl, 1997"
3515,"Wang et al., 2012"
3516,"Hauer and Kondrak, 2013"
3517,"Strube and Mueller, 2003"
3518,"Cuadros and Rigau, 2006"
3519,"Shen et al., 2013"
3520,"Ponzetto and Navigli, 2010"
3521,"Meurers et al., 2010"
3522,"Resnik, 1995"
3523,"Gillick and Favre, 2009"
3524,"Sharma and Paul, 2014"
3525,"Nilsson et al., 2006"
3526,"Sultan et al., 2014"
3527,"Irvine and Callison-Burch, 2013"
3528,"Gsk et al., 2011"
3529,"Brown et al., 2011"
3530,"Ciobanu and Dinu, 2014"
3531,"Blitzer et al., 2006"
3532,"Nivre, 2005"
3533,"Chen and Ji, 2011"
3534,"Herbelot and Ganesalingam, 2013"
3535,"Oflazer and Giizey, 1994"
3536,"Bosco and Lombardo, 2004"
3537,"Elliott and Keller, 2014"
3538,"Niculae, 2013"
3539,"Chiang et al., 2006"
3540,"Lemon et al., 2002"
3541,"Corston-Oliver, 1998"
3542,"Zhang and Krieger, 2011"
3543,"Yuri et al., 2012"
3544,"Vilar et al., 2007"
3545,"Che et al., 2013"
3546,"Hulth and Megyesi, 2006"
3547,"Abend and Rappoport, 2010"
3548,"Espinosa et al., 2008"
3549,"Choi et al., 1997"
3550,"Angeli et al., 2014"
3551,"Knight and Hatzivassiloglou, 1995"
3552,"Galescu, 2009"
3553,"Zhong and Stent, 2009"
3554,"Charniak and Johnson, 2005"
3555,"Hawwari et al., 2012"
3556,"Mihalcea and Pederson, 2003"
3557,"Piwek, 2003"
3558,"Rambow et al., 2001"
3559,"Zaidan and Ganitkevitch, 2010"
3560,"Metallinou et al., 2013"
3561,"Erbach, 1996"
3562,"Stallard et al., 2012"
3563,"Mehdad et al., 2010"
3564,"Klein et al., 2003"
3565,"Tillmann et al., 2014"
3566,"Yamaguchi and Tanaka-Ishii, 2012"
3567,"Darwish, 2002"
3568,"Stoyanchev et al., 2013"
3569,"Kwiatkowski et al., 2011"
3570,"Thadani and McKeown, 2013"
3571,"Amnueypornsakul et al., 2014"
3572,"Patrick and Goyal, 2001"
3573,"Medlock and Briscoe, 2008"
3574,"Boyer et al., 2008"
3575,"Modjeska et al., 2003"
3576,"Cabrio and Magnini, 2011"
3577,"Resnik, 1999"
3578,"Stevenson and Greenwood, 2006"
3579,"Klein, 2003"
3580,"Mitchell et al., 2011"
3581,"Korkontzelos and Manandhar, 2009"
3582,"Hu and Boyd-Graber, 2012"
3583,"Carey, 1980"
3584,"Yogatama et al., 2015"
3585,"MacKinlay et al., 2009"
3586,"Tribble et al., 2006"
3587,"Tapanainen and Voutilainen, 1994"
3588,"Bhattacharya et al., 2004"
3589,"Liu and Huang, 2014"
3590,"Nenkova et al., 2007"
3591,"Lee and Hwang, 2013"
3592,"Nakov and Hearst, 2003"
3593,"Strassel et al., 2003"
3594,"Kim and Khudanpur, 2003"
3595,"Ziai et al., 2012"
3596,"McGlashan et al., 1992"
3597,"Bouma et al., 2009"
3598,"Shinyama and Sekine, 2003"
3599,"Burch, 2008"
3600,"Aker et al., 2010"
3601,"Bodrumlu et al., 2009"
3602,"Evang and Kallmeyer, 2011"
3603,"Williams and Katz, 2012"
3604,"Kuruoz, 1994"
3605,"Oflazer and Kuruoz, 1994"
3606,"Nuhn et al., 2013"
3607,"Zhao et al., 2012"
3608,"Kuznetsova et al., 2014"
3609,"Swanson and Charniak, 2014"
3610,"Butler et al., 2013"
3611,"Whittaker and Stenton, 1989"
3612,"Sheremetyeva, 2003"
3613,"Bisk and Hockenmaier, 2013"
3614,"Hachey and Grover, 2004"
3615,"Chen and He, 2013"
3616,"Banerjee and Rudnicky, 2009"
3617,"Riaz, 2010"
3618,"Graham, 2015"
3619,"Talbot and Brants, 2008"
3620,"Siblini and Kosseim, 2013"
3621,"Carreras et al., 2002"
3622,"Dickinson, 2010"
3623,"Liu et al., 2007"
3624,"Lease and Johnson, 2006"
3625,"Powers, 1996"
3626,"Ittycheriah and Roukos, 2007"
3627,"Gabbard and Marcus, 2004"
3628,"Alm, 2009"
3629,"Schütze, 1998"
3630,"Filatova and Hatzivassiloglou, 2004"
3631,"Reisinger and Mooney, 2011"
3632,"Saint-Dizier, 1998"
3633,"Puscasu, 2007"
3634,"Gautam and Bhattacharyya, 2014"
3635,"Mitamura et al., 2015"
3636,"Costa and Bond, 2015"
3637,"Khapra et al., 2011"
3638,"Kondo et al., 2013"
3639,"Even-Zohar and Roth, 2001"
3640,"Zaidan and Callison-Burch, 2011"
3641,"Bohmova, 2001"
3642,"Yogatama and Smith, 2014"
3643,"Xu and Huang, 2013"
3644,"Bollmann, 2013"
3645,"Evert and Kermes, 2003"
3646,"DeNero et al., 2009"
3647,"Rao et al., 2008"
3648,"Pullum, 1983"
3649,"Jin et al., 2004"
3650,"Chiang, 2005"
3651,"Zaenen and Karttunen, 2013"
3652,"Huang and Harper, 2010"
3653,"Amancio et al., 2014"
3654,"Chambers, 2013"
3655,"Wiebe and Rapaport, 1988"
3656,"Grote, 1998"
3657,"Kaplan et al., 2004"
3658,"Wubben, 2010"
3659,"Karttunen, 1984"
3660,"Xiong et al., 2009"
3661,"Dinu and Thater, 2012"
3662,"Wong et al., 2011"
3663,"Barthélemy et al., 2001"
3664,"Charniak and Elsner, 2009"
3665,"Mayfield et al., 2012"
3666,"Franz, 1997"
3667,"Ney, 2000"
3668,"Carpuat and Simard, 2012"
3669,"Stern et al., 2012"
3670,"Strzalkowski, 1993"
3671,"Xie et al., 2013"
3672,"Petrov and Klein, 2007"
3673,"Gebre et al., 2013"
3674,"Ott et al., 2011"
3675,"Manshadi and Li, 2009"
3676,"Vlachos, 2007"
3677,"Ide and Romary, 2001"
3678,"Krishnakamuran and Zhu, 2007"
3679,"Cohen et al., 2005"
3680,"Black et al., 1998"
3681,"Titvo and Klementiev, 2012"
3682,"Hermann and Blunsom, 2013"
3683,"Husby and Barbosa, 2012"
3684,"Glinos, 2012"
3685,"Burstein et al., 1999"
3686,"Nivre, 2006"
3687,"Edmonds and Cotton, 2001"
3688,"Raghavan et al., 2010"
3689,"Osborne, 2002"
3690,"Elsayed et al., 2008"
3691,"Paltoglou and Thelwall, 2010"
3692,"Green and Carberry, 1994"
3693,"He et al., 2009"
3694,"Tanabe and Wilbur, 2002"
3695,"Ren et al., 2014"
3696,"Stock and Strapparava, 2005"
3697,"Jones and Martin, 1997"
3698,"Schoenmackers et al., 2010"
3699,"Kolhatkar et al., 2013"
3700,"Blair-Goldensohn et al., 2007"
3701,"Kallmeyer and Maier, 2009"
3702,"Fang and Chang, 2014"
3703,"Uryupina, 2010"
3704,"Guillou, 2013"
3705,"Briscoe et al., 2006"
3706,"Stolcke, 2002"
3707,"Graham and Baldwin, 2014"
3708,"Ballesteros and Nivre, 2013"
3709,"Monson et al., 2004"
3710,"Richman and Schone, 2008"
3711,"WMT, 2015"
3712,"Johansson and Nugues, 2007"
3713,"Park and Brew, 2006"
3714,"DeVault et al., 2005"
3715,"Celikyilmaz et al., 2009"
3716,"Zhu, 2015"
3717,"Farajian et al., 2014"
3718,"DeNeefe and Knight, 2009"
3719,"Callison-Burch et al., 2006"
3720,"Melamed et al., 2004"
3721,"Zilio et al., 2011"
3722,"Plank, 2009"
3723,"Pan and McKeown, 1999"
3724,"Ambati et al., 2013"
3725,"Medlock and Briscoe, 2007"
3726,"Øvrelid, 2009"
3727,"Maillard et al., 2014"
3728,"Aranberri, 2015"
3729,"Zaghouani et al., 2010"
3730,"Krahmer et al., 2008"
3731,"Gagnon and Lapalme, 1996"
3732,"Ganchev et al., 2009"
3733,"Weischedel, 1989"
3734,"Chaumartin, 2007"
3735,"Jimenez et al., 2012"
3736,"Sripada et al., 2005"
3737,"Narasimhan and Barzilay, 2015"
3738,"Marcu, 1998"
3739,"Lee et al., 2010"
3740,"Honnibal and Johnson, 2014"
3741,"Toutanova and Moore, 2002"
3742,"Zhang and Gildea, 2007"
3743,"Duboue, 2013"
3744,"Kreuz and Caucci, 2007"
3745,"Langkilde and Knight, 2000"
3746,"Morgan et al., 2003"
3747,"Steinacker and Buchberger, 1983"
3748,"Smith, 2006"
3749,"Lau et al., 2013"
3750,"Snover and Brent, 2001"
3751,"Lin and Dyer, 2010"
3752,"Bazrafshan and Gildea, 2013"
3753,"Regneri and Wang, 2012"
3754,"Wu et al., 2006"
3755,"Kim, 2004"
3756,"Farreres et al., 1998"
3757,"El-Haj and Rayson, 2013"
3758,"Eisenstein, 2013"
3759,"Green et al., 2010"
3760,"Giménez and Màrquez, 2008"
3761,"Kondrak et al., 2012"
3762,"Nguyen et al., 2006"
3763,"Bengtson and Roth, 2008"
3764,"Solorio and Liu, 2008"
3765,"Feng et al., 2013"
3766,"Kudoh and Matsumoto, 2001"
3767,"Kipper et al., 2004"
3768,"Kozareva et al., 2007"
3769,"Demier et al., 2008"
3770,"Butt and King, 2002"
3771,"Poon and Domingos, 2009"
3772,"Joshi and Rosé, 2009"
3773,"Duan et al., 2009"
3774,"Zettlemoyer, 2013"
3775,"Son et al., 2012"
3776,"Bennett and Carbonell, 2007"
3777,"Xue, 2004"
3778,"Yona and Wintner, 2008"
3779,"Fraser and Marcu, 2006"
3780,"Aw and Lee, 2012"
3781,"Yi et al., 2011"
3782,"Badr et al., 2008"
3783,"Shutova, 2010"
3784,"Huggins-Daines and Rudnicky, 2008"
3785,"Rytting, 2004"
3786,"Kolachina et al., 2012"
3787,"Munro and Manning, 2010"
3788,"Joshi et al., 2011"
3789,"Zhang and Wang, 2014"
3790,"Radev and Fan, 2000"
3791,"Suzuki and Toutanova, 2007"
3792,"Fraser et al., 2013"
3793,"Haghighi et al., 2005"
3794,"Marcu and Echihabi, 2002"
3795,"Mohit and Hwa, 2007"
3796,"Ganchev et al., 2007"
3797,"Cherry, 2008"
3798,"Chelba and Acero, 2005"
3799,"Martins and Almeida, 2014"
3800,"Guillou, 2012"
3801,"Maney et al., 2012"
3802,"Pollard and Bierman, 2000"
3803,"Xi et al., 2012"
3804,"Rapaport and Shapiro, 1984"
3805,"Tao et al., 2006"
3806,"Bojar et al., 2015"
3807,"Chelba, 1997"
3808,"Brun and Hagège, 2003"
3809,"Do and Roth, 2010"
3810,"Kim et al., 1999"
3811,"Durrett and DeNero, 2013"
3812,"Zhila et al., 2013"
3813,"Schlangen and Lascarides, 2003"
3814,"Guevara, 2010"
3815,"Mohammad and Hirst, 2006"
3816,"Kim and Mooney, 2013"
3817,"Glass et al., 2004"
3818,"Carpuat, 2009"
3819,"Markert et al., 2012"
3820,"Weeds, 2003"
3821,"Tjong and Sang, 2007"
3822,"Och, 2003"
3823,"Burstein et al., 2001"
3824,"Xiao et al., 2009"
3825,"Korkontzelos et al., 2013"
3826,"Langlais et al., 2005"
3827,"Wang et al., 2005"
3828,"Daumé and Marcu, 2007"
3829,"Ashok et al., 2013"
3830,"Banea and Mihalcea, 2011"
3831,"South et al., 2012"
3832,"Moro et al., 2014"
3833,"Feng and Lapata, 2010"
3834,"Søgaard, 2011"
3835,"Jackendoff, 1997"
3836,"Boisson et al., 2013"
3837,"Miyao et al., 2008"
3838,"Watkinson and Manandhar, 1999"
3839,"Varadarajan et al., 2008"
3840,"Yuan et al., 2012"
3841,"Florou et al., 2013"
3842,"Fernando, 2013"
3843,"Dou and Knight, 2012"
3844,"Cimiano, 2009"
3845,"Elming et al., 2013"
3846,"Bhagwani, 2013"
3847,"Rudzewitz and Ziai, 2015"
3848,"Seo et al., 2012"
3849,"Alm et al., 2006"
3850,"Hough and Purver, 2014"
3851,"Bar-Haim et al., 2005"
3852,"Knight and Graehl, 2004"
3853,"Täckström et al., 2012"
3854,"Spitkovsky et al., 2011"
3855,"Jones and Thompson, 2003"
3856,"Raux and Eskenazi, 2009"
3857,"Tetreault, 1999"
3858,"Al-Badrashiny et al., 2014"
3859,"Helmreich et al., 2004"
3860,"Geertzen, 2009"
3861,"Jurgens and Stevens, 2009"
3862,"Xu and Jelinek, 2004"
3863,"Brew, 1995"
3864,"Hopkins and Langmead, 2009"
3865,"Huang et al., 2006"
3866,"Li et al., 2014"
3867,"Gardent, 2002"
3868,"Pan and McKeown, 1998"
3869,"Funakoshi and Tokunaga, 2006"
3870,"Howald and Katz, 2011"
3871,"Gardent and Parmentier, 2006"
3872,"Och and Ney, 1999"
3873,"Abend et al., 2010"
3874,"Marton and Resnik, 2008"
3875,"Pyysalo et al., 2015"
3876,"Lavoie et al., 2001"
3877,"Koeva, 2007"
3878,"Louis and Cohen, 2015"
3879,"Yamangil and Nelken, 2008"
3880,"Homola et al., 2009"
3881,"Koskenniemi and Silfverberg, 2010"
3882,"Gokhman et al., 2012"
3883,"Wang et al., 2007"
3884,"Smith, 2003"
3885,"Hjalmarsson, 2008"
3886,"Maier, 2010"
3887,"Miltsakaki et al., 2004"
3888,"Mohri and Sproat, 1996"
3889,"Moore et al., 2007"
3890,"Wu, 2003"
3891,"Jansche, 2002"
3892,"Fournier, 2013"
3893,"Ushioda, 1996"
3894,"Han and Chang, 2013"
3895,"Chang et al., 2011"
3896,"Zhitomirsky-Geffet and Dagan, 2005"
3897,"Snow et al., 2005"
3898,"Lin et al., 2006"
3899,"Keller and Lapata, 2002"
3900,"Meyers et al., 2009"
3901,"Andrews et al., 2014"
3902,"Dowdall et al., 2003"
3903,"Filippova and Strube, 2007"
3904,"Jang and Mostow, 2012"
3905,"Yessenalina et al., 2010"
3906,"Haddow and Koehn, 2012"
3907,"Gamon et al., 1997"
3908,"Buchholz and Daelemans, 1999"
3909,"Siddharthan and Katsos, 2012"
3910,"Morante and Busser, 2007"
3911,"Langlais et al., 1998"
3912,"Mannem et al., 2009"
3913,"Foster et al., 2006"
3914,"Miller et al., 2004"
3915,"Riezler et al., 2014"
3916,"Stoica et al., 2007"
3917,"Honnibal et al., 2013"
3918,"Penn and Munteanu, 2003"
3919,"Curran and Clark, 2003"
3920,"Dredze et al., 2010"
3921,"Penn and Choma, 2006"
3922,"Wu and Hkust, 1998"
3923,"Eisner, 2003"
3924,"Meteer, 1990"
3925,"Pauls et al., 2009"
3926,"McDonald et al., 2005"
3927,"Kiraz, 1996"
3928,"Lombardo and Lesmo, 1998"
3929,"Zelenko et al., 2004"
3930,"Gotz and Meurers, 1997"
3931,"Talbot and Osborne, 2007"
3932,"Luo et al., 2012"
3933,"Mellish, 1989"
3934,"Christensen et al., 2013"
3935,"Dahlmeier et al., 2011"
3936,"Reynaert, 2004"
3937,"Eisenstein and Davis, 2006"
3938,"Read and Carroll, 2012"
3939,"Kouylekov et al., 2012"
3940,"Kilgariff, 2014"
3941,"Vlachos and Craven, 2011"
3942,"Shen et al., 2014"
3943,"Titov and Henderson, 2007"
3944,"Ramisch et al., 2008"
3945,"Collins and Brooks, 1995"
3946,"Dzikovska et al., 2006"
3947,"Bangalore et al., 2001"
3948,"Diab et al., 2004"
3949,"Agirre et al., 2008"
3950,"McClosky et al., 2011"
3951,"Brill, 1992"
3952,"Funakoshi et al., 2006"
3953,"Axelrod et al., 2011"
3954,"Habash et al., 2013"
3955,"Scannell, 2014"
3956,"Ji and Grishman, 2004"
3957,"Murakami et al., 2009"
3958,"Bailly et al., 2013"
3959,"Derczynski et al., 2015"
3960,"Almuhareb and Poesio, 2004"
3961,"Heeman and Hirst, 1986"
3962,"Wilson and Wiebe, 2003"
3963,"Ide et al., 2003"
3964,"Sharma et al., 2012"
3965,"Satta and Schuler, 1998"
3966,"Dale and Kilgarriff, 2011"
3967,"Zhang and Clark, 2008"
3968,"Asghari et al., 2014"
3969,"Harabagiu, 1998"
3970,"Teufell and Moens, 1997"
3971,"Daxenberger and Gurevych, 2013"
3972,"Sasano and Kurohashi, 2009"
3973,"Gimenez and Marquez, 2008"
3974,"Melamed, 1997"
3975,"Dymetman et al., 2012"
3976,"Setiawan et al., 2010"
3977,"Honnibal and Curran, 2009"
3978,"Riloff et al., 2013"
3979,"Narsale, 2010"
3980,"Aminian et al., 2014"
3981,"Szepektor et al., 2004"
3982,"Palmer et al., 1986"
3983,"Begeja et al., 2004"
3984,"Merlo and Musillo, 2008"
3985,"Day and Palmer, 1997"
3986,"Corston-Oliver et al., 2004"
3987,"Gubbins and Vlachos, 2013"
3988,"Gervas, 2010"
3989,"Florian, 2002"
3990,"Chandlee et al., 2014"
3991,"Kudo and Matsumoto, 2004"
3992,"Brill and Wu, 1998"
3993,"Hahn et al., 2007"
3994,"Klein et al., 2002"
3995,"Lange et al., 2004"
3996,"Galley and Manning, 2009"
3997,"Shnarch et al., 2009"
3998,"Spitkovsky et al., 2012"
3999,"Punyakanok et al., 2004"
4000,"Hindle and Rooths, 1991"
4001,"Dickinson et al., 2010"
4002,"Pianesi, 1991"
4003,"Shen et al., 2004"
4004,"Peng and Gildea, 2014"
4005,"Chen and Skiena, 2014"
4006,"Wanner and Hovy, 1996"
4007,"Biran et al., 2012"
4008,"Kan and McKeown, 2002"
4009,"Olsson, 2008"
4010,"Samuel et al., 1998"
4011,"Ambati et al., 2014"
4012,"Novák et al., 2013"
4013,"Raux and Nakano, 2010"
4014,"Kondrak et al., 2007"
4015,"Beale et al., 2004"
4016,"Bangalore and Stent, 2009"
4017,"Bowker and Barlow, 2004"
4018,"Zhang and Lapata, 2014"
4019,"Persing and Ng, 2014"
4020,"Barker and Szpakowicz, 1998"
4021,"Paris and Scott, 1994"
4022,"Federmann et al., 2009"
4023,"Poon et al., 2009"
4024,"Lee, 2012"
4025,"Li, 2002"
4026,"Wu et al., 2010"
4027,"Alves et al., 2014"
4028,"Friberg, 2007"
4029,"Nakagawa and Uchimoto, 2007"
4030,"Sun et al., 2008"
4031,"Hirschberg and Pierrehumbert, 1986"
4032,"Zhang et al., 2009"
4033,"Light, 1996"
4034,"Tu and Roth, 2012"
4035,"Roller and Stevenson, 2014"
4036,"Choi et al., 2012"
4037,"Morton, 1999"
4038,"Ng, 1997"
4039,"Clark and Curran, 2006"
4040,"Pustejovsky and Yocum, 2013"
4041,"Sandu et al., 2010"
4042,"Knight and Sproat, 2009"
4043,"Padó et al., 2009"
4044,"Brown, 2008"
4045,"Max and Zock, 2008"
4046,"Rasooli and Collins, 2015"
4047,"Roque and Traum, 2008"
4048,"Carbonell and Hayes, 1984"
4049,"Agirre and Lacalle, 2009"
4050,"Wang et al., 2015"
4051,"Hall and Klein, 2010"
4052,"Collins et al., 2005"
4053,"Cybulska and Vossen, 2011"
4054,"TŠckstršm et al., 2012"
4055,"Collins-Thompson et al., 2004"
4056,"Ganitkevitch et al., 2012"
4057,"Okita, 2009"
4058,"Belz, 2005"
4059,"Giuliano et al., 2007"
4060,"Carpenter and Pollard, 1991"
4061,"Hulden et al., 2014"
4062,"Kay and Roscheisen, 1988"
4063,"Proudian and Pollard, 1985"
4064,"Madnani et al., 2010"
4065,"Yang et al., 2014"
4066,"Hasan et al., 2008"
4067,"Netzer et al., 2009"
4068,"Sasano, 2003"
4069,"Vlachos and Riedel, 2014"
4070,"Williams and Reiter, 2005"
4071,"Knott et al., 1996"
4072,"Dugast and Koehn, 2007"
4073,"McLauchlan, 2004"
4074,"Belz and Kilgarriff, 2006"
4075,"Reisinger and Pasca, 2009"
4076,"Hachey et al., 2014"
4077,"Demers, 1977"
4078,"Clark and Harrison, 2010"
4079,"Lucas and Downey, 2013"
4080,"Saito et al., 2006"
4081,"Tonelli and Delmonte, 2011"
4082,"Kolluru and Gotoh, 2005"
4083,"Wong et al., 2012"
4084,"Pighin et al., 2007"
4085,"Radev, 1996"
4086,"Bender et al., 2014"
4087,"Feng and Lapata, 2008"
4088,"Navigli et al., 2007"
4089,"Medlock and Briscone, 2007"
4090,"Sangati and Zuidema, 2008"
4091,"Bu et al., 2012"
4092,"Gao et al., 2002"
4093,"Stevenson et al., 2004"
4094,"Mann and Yarowsky, 2005"
4095,"Jin et al., 2002"
4096,"Cheung et al., 2013"
4097,"Nilsson et al., 2008"
4098,"Zhai and Williams, 2014"
4099,"Bikel, 2000"
4100,"Oza et al., 2009"
4101,"Goyal et al., 2010"
4102,"Nomoto, 2004"
4103,"Ninomiya et al., 2006"
4104,"Carbonell, 1980"
4105,"Purver, 2014"
4106,"Bollmann, 2011"
4107,"Yu and Siskind, 2013"
4108,"Germann, 2003"
4109,"Soricut and Brill, 2004"
4110,"Foth et al., 2004"
4111,"Vandekerckhove et al., 2009"
4112,"Filatova, 2009"
4113,"Lefever and Hoste, 2009"
4114,"Kobayashi, 2014"
4115,"Baumann and Schlangen, 2012"
4116,"Collins, 2000"
4117,"Reichart and Rappoport, 2007"
4118,"Keller, 2010"
4119,"Vigra and Khudanpur, 2003"
4120,"Aswani and Gaizauskas, 2005"
4121,"Terra and Clarke, 2003"
4122,"Seretan and Wehrli, 2006"
4123,"Goldberg and Nivre, 2013"
4124,"Koppel and Seidman, 2013"
4125,"Coppersmith et al., 2014"
4126,"Webber, 2009"
4127,"Debusmann, 2004"
4128,"Calzolari, 1984"
4129,"Mannem and Dara, 2011"
4130,"Agarwal and Mannem, 2011"
4131,"Rink and Harabagiu, 2012"
4132,"Chieu and Ng, 2003"
4133,"Inui and Nogami, 2001"
4134,"Fothergill and Baldwin, 2012"
4135,"Hill et al., 2013"
4136,"Milton and Cheng, 2010"
4137,"Virk et al., 2010"
4138,"Miller and Gurevych, 2015"
4139,"Alkhouli et al., 2014"
4140,"Seneff and Polifroni, 2000"
4141,"Riedel et al., 2009"
4142,"Pourdamghani et al., 2014"
4143,"Belz and Varges, 2007"
4144,"Teh, 2006"
4145,"Wang and Bond, 2013"
4146,"Chrupała and Alishahi, 2010"
4147,"Brockett et al., 2006"
4148,"Creswell, 2002"
4149,"Molina and Pla, 2001"
4150,"Bear and Price, 1990"
4151,"Clark et al., 2002"
4152,"Simov and Osenova, 2003"
4153,"Och and Ney, 2000"
4154,"Choi, 2000"
4155,"Goudbeek and Krahmer, 2010"
4156,"Skut et al., 1997"
4157,"Carberry, 1984"
4158,"Blache et al., 2006"
4159,"Berg-Kirkpatrick and Klein, 2010"
4160,"Du et al., 2012"
4161,"Maamouri and Bies, 2004"
4162,"Cunha et al., 2011"
4163,"Garoufi and Koller, 2011"
4164,"Resnik, 1992"
4165,"Hopkins and Langmead, 2010"
4166,"Soni et al., 2014"
4167,"Dipper and Zinsmeister, 2009"
4168,"Johansson and Moschitti, 2010"
4169,"Ahlswede and Evens, 1988"
4170,"Baidsy et al., 2008"
4171,"Gao and He, 2013"
4172,"Kondrak, 2001"
4173,"Wanner, 1994"
4174,"Lapshinova-Koltunski, 2013"
4175,"Boella et al., 2000"
4176,"Kummerfeld et al., 2013"
4177,"Bloodgood and Vijay-Shanker, 2008"
4178,"Kothari et al., 2009"
4179,"Wang and Harper, 2004"
4180,"Schtze, 1998"
4181,"Thadani, 2014"
4182,"Eisele, 2005"
4183,"Hedegaard and Simonsen, 2011"
4184,"Che et al., 2012"
4185,"Sun, 2010"
4186,"Rios et al., 2011"
4187,"Johnson and Martin, 2003"
4188,"Pustejovksy, 1995"
4189,"Bansal and Klein, 2010"
4190,"Baker et al., 1997"
4191,"Athar, 2011"
4192,"Clark and Wicentwoski, 2013"
4193,"Eisenstein and Christoudias, 2004"
4194,"Dzikovska et al., 2010"
4195,"Shimizu and Haas, 2006"
4196,"Khalid and Verberne, 2008"
4197,"Manshadi et al., 2011"
4198,"Finin et al., 2010"
4199,"Deng and Zhou, 2009"
4200,"Briscoe, 1997"
4201,"Tateisi et al., 2000"
4202,"Altenbek and Wang, 2010"
4203,"Raskin et al., 2003"
4204,"Neale et al., 2015"
4205,"Cassidy et al., 2014"
4206,"Graf and Marcinek, 2014"
4207,"Greenbacker et al., 2011"
4208,"Duan et al., 2006"
4209,"Leong and Mihalcea, 2009"
4210,"Hayashi et al., 2012"
4211,"Mehta et al., 2010"
4212,"Yates et al., 2007"
4213,"Choi and McCallum, 2013"
4214,"Feblowitz and Kauchak, 2013"
4215,"Mason and Charniak, 2013"
4216,"Schiehlen, 1998"
4217,"Lee and Webster, 2012"
4218,"Cordeiro et al., 2007"
4219,"Hall and Klein, 2012"
4220,"Ide et al., 2002"
4221,"Iwakura and Okamoto, 2008"
4222,"Wallace, 2012"
4223,"Ji and Eisenstein, 2014"
4224,"Stoia, 2007"
4225,"Zhang and Gildea, 2006"
4226,"Kazama et al., 2002"
4227,"Nakata et al., 2002"
4228,"Gao et al., 2012"
4229,"Zhao, 2009"
4230,"Baldwin et al., 2010"
4231,"Wellner et al., 2005"
4232,"Øvrelid, 2008"
4233,"Malakasiotis and Androutsopoulos, 2007"
4234,"Forbes and Webber, 2002"
4235,"Berant et al., 2010"
4236,"Berant and Liang, 2014"
4237,"Schutze, 1998"
4238,"Riedl and Biemann, 2012"
4239,"Beale et al., 1998"
4240,"Lin et al., 2012"
4241,"Boston et al., 2008"
4242,"Evert, 2010"
4243,"Tillman, 2004"
4244,"Dzikovska et al., 2011"
4245,"Dinu and Lapata, 2010"
4246,"Santos and Rocha, 2001"
4247,"Efstathiou and Lemon, 2014"
4248,"Ai and Weng, 2008"
4249,"Ravin, 1990"
4250,"Liu and Lin, 2008"
4251,"Kondrak, 2000"
4252,"Takamura and Okumura, 2009"
4253,"Lefever and Hoste, 2013"
4254,"Gardent and Narayan, 2012"
4255,"Titov and Henderson, 2006"
4256,"Goodman, 2003"
4257,"Daume, 2007"
4258,"Xia et al., 2009"
4259,"Belz and Kow, 2011"
4260,"Aziz et al., 2013"
4261,"Eisenstein et al., 2009"
4262,"Litkowski and Hargraves, 2007"
4263,"Gorman and Curran, 2006"
4264,"Diab, 2007"
4265,"Elworthy, 1994"
4266,"Schwenk et al., 2009"
4267,"Wu and Palmer, 1994"
4268,"Bjorne et al., 2009"
4269,"Higgins, 2004"
4270,"Su and Markert, 2009"
4271,"Huang and Yates, 2014"
4272,"Johannsen et al., 2015"
4273,"Penn and Zhu, 2008"
4274,"Petrovic et al., 2010"
4275,"Pinchak et al., 2009"
4276,"Hasselgren et al., 2003"
4277,"McIntyre and Lapata, 2010"
4278,"Porter, 1987"
4279,"Sproat and Emerson, 2003"
4280,"Strube and Hahn, 1995"
4281,"Biran et al., 2011"
4282,"Yamada, 2002"
4283,"Honnibal and Curran, 2005"
4284,"Reiter et al., 2003"
4285,"Sha and Pereira, 2002"
4286,"Gao et al., 2014"
4287,"Spoustova et al., 2009"
4288,"Wroblewski and Rich, 1988"
4289,"Quirk et al., 2011"
4290,"Muller et al., 2002"
4291,"Hall and Sproat, 2013"
4292,"Barnard et al., 2003"
4293,"Yoon et al., 2012"
4294,"Mazzei, 2012"
4295,"DeCristofaro et al., 1999"
4296,"Grover et al., 2004"
4297,"Brown, 1991"
4298,"Gardent and Kow, 2005"
4299,"Niehren et al., 1997"
4300,"Gella et al., 2013"
4301,"Hale, 2001"
4302,"Zhu et al., 2014"
4303,"Gao and Lee, 2000"
4304,"Nakanishi et al., 2005"
4305,"Butt et al., 2002"
4306,"Koehn et al., 2010"
4307,"Preotiuc-Pietro and Cohn, 2013"
4308,"Mihalcea and Strapparava, 2012"
4309,"Huang et al., 2014"
4310,"Grave, 2014"
4311,"Downey et al., 2015"
4312,"Bangalore and Rambow, 2000"
4313,"Zhang et al., 2013"
4314,"Wu et al., 2005"
4315,"Pantel and Ravichandran, 2004"
4316,"Matsusaki et al., 2005"
4317,"Jansche, 2003"
4318,"King and Dickinson, 2013"
4319,"Heintz et al., 2013"
4320,"Hoang and Koehn, 2010"
4321,"Callison-Burch et al., 2007"
4322,"Ahuja and Downey, 2010"
4323,"Cohen et al., 2012"
4324,"Och, 1998"
4325,"Oh et al., 2005"
4326,"Flor et al., 2013"
4327,"Power, 2009"
4328,"Scheible, 2007"
4329,"Dubey et al., 2011"
4330,"Mitchell et al., 2015"
4331,"Krotov et al., 1998"
4332,"Pinchak, 2006"
4333,"Dasgupta and Ng, 2007"
4334,"Finch and Sumita, 2009"
4335,"Dong et al., 2015"
4336,"Skantze and Hjalmarsson, 2010"
4337,"Kirchhoff and Yang, 2005"
4338,"Rasooli et al., 2013"
4339,"Calhoune et al., 2005"
4340,"Phillips, 2010"
4341,"Yahya et al., 2014"
4342,"Buchholz and Erwin, 2006"
4343,"Vlachos, 2006"
4344,"Deane, 2005"
4345,"Hohensee and Bender, 2012"
4346,"Kudo and Matsumoto, 2001"
4347,"Gregory et al., 2004"
4348,"Poesio et al., 1997"
4349,"Novischi and Moldovan, 2006"
4350,"Virga and Khudanpur, 2003"
4351,"Alfonseca et al., 2009"
4352,"Bethard, 2013"
4353,"Baker et al., 1998"
4354,"Zhibiao and Palmer, 1994"
4355,"Chen, 2012"
4356,"Roxas et al., 2009"
4357,"Woodsend and Lapata, 2010"
4358,"Cassell et al., 2007"
4359,"Delort and Alfonseca, 2012"
4360,"Lambert et al., 2011"
4361,"Navigli and Crisafulli, 2010"
4362,"Basile et al., 2012"
4363,"Voigt and Jurafsky, 2013"
4364,"Resnik and Smith, 2002"
4365,"Chodorow and Leacock, 2000"
4366,"Boonthum, 2004"
4367,"Zhou and Zhu, 2010"
4368,"Bojar et al., 2014"
4369,"Culotta and Sorensen, 2004"
4370,"Perez-Beltrachini et al., 2012"
4371,"Chambers et al., 2014"
4372,"Zhang and Weng, 2005"
4373,"Tiedemann, 2003"
4374,"Rambow et al., 2004"
4375,"Pustejovsky et al., 2004"
4376,"Baker et al., 2014"
4377,"Rimell, 2014"
4378,"Clergerie, 2005"
4379,"Fujita et al., 2010"
4380,"Artzi et al., 2013"
4381,"Aluisio et al., 2010"
4382,"Pedersen, 2005"
4383,"Litman and Forbes-Riley, 2004"
4384,"Roark et al., 2012"
4385,"Shen et al., 2010"
4386,"Hewlett and Cohen, 2009"
4387,"Feng and Hirst, 2011"
4388,"Kaplan et al., 2002"
4389,"Ozbal and Strapparava, 2012"
4390,"Luong et al., 2015"
4391,"Nederhof, 1998"
4392,"Coppola et al., 2009"
4393,"Erk and Pado, 2010"
4394,"Musillo and Merlo, 2006"
4395,"Feng and Hirst, 2012"
4396,"Sekine, 1997"
4397,"Tiedemann, 1999"
4398,"Freitag, 1998"
4399,"Johnson and Dorre, 1995"
4400,"Ogura et al., 2003"
4401,"Habash and Rambow, 2007"
4402,"Hirschberg, 2008"
4403,"Alvarez et al., 2006"
4404,"Segond et al., 1997"
4405,"Branavan et al., 2008"
4406,"Murray and Carenini, 2008"
4407,"Druck et al., 2009"
4408,"Pereira et al., 1997"
4409,"Zuidema, 2006"
4410,"Zhao et al., 2010"
4411,"Elsner and Schudy, 2009"
4412,"Dickinson and Smith, 2011"
4413,"Park, 1988"
4414,"Resnik and Hearst, 1993"
4415,"Beigman and Klebanov, 2009"
4416,"Mcdonald et al., 2006"
4417,"Guo and Diab, 2012"
4418,"Arase and Zhou, 2013"
4419,"Grover et al., 2003"
4420,"Maas et al., 2011"
4421,"Gedigan et al., 2006"
4422,"Cherry and Bergsma, 2005"
4423,"Ramshaw and Marcus, 1998"
4424,"Parada et al., 2011"
4425,"Langer et al., 2004"
4426,"Chung and Gildea, 2010"
4427,"Broscheit et al., 2010"
4428,"Hardy et al., 2003"
4429,"Blunsom et al., 2008"
4430,"Sauper et al., 2011"
4431,"Marcu, 1997"
4432,"Aharon et al., 2010"
4433,"Kondadadi et al., 2013"
4434,"Koehn and Hoang, 2007"
4435,"Nakagawa and Mori, 2002"
4436,"Guerini et al., 2013"
4437,"Artzi et al., 2012"
4438,"Eetemadi and Toutanova, 2014"
4439,"Sangati et al., 2009"
4440,"Chen et al., 2006"
4441,"Hogan, 2007"
4442,"Nian-wen, 2012"
4443,"Petrenz, 2012"
4444,"Alm, 2010"
4445,"Nielsen, 2004"
4446,"Johnston, 1998"
4447,"Judge et al., 2006"
4448,"Nastase and Szpakowicz, 2006"
4449,"Mairesse and Walker, 2006"
4450,"Gimpel et al., 2011"
4451,"Zhang and Litman, 2014"
4452,"Wu et al., 2002"
4453,"Altenbek and Xiao-long, 2010"
4454,"Inui et al., 2003"
4455,"Guinaudeau and Strube, 2013"
4456,"Raghunathan et al., 2010"
4457,"Bhargava and Kondrak, 2011"
4458,"Petinot et al., 2011"
4459,"Silberer and Lapata, 2013"
4460,"Pereira et al., 1995"
4461,"Newman, 2007"
4462,"Ando and Zhang, 2005"
4463,"Koller and Thater, 2010"
4464,"Kazemzadeh et al., 2014"
4465,"Higgins et al., 2004"
4466,"McKelvie et al., 1997"
4467,"Briscoe and Carrol, 1997"
4468,"Bloodgood and Grothendieck, 2013"
4469,"Aone et al., 1997"
4470,"Rudzicz, 2006"
4471,"Gerber et al., 2009"
4472,"Hinrichs et al., 2010"
4473,"Swanson and Yamangil, 2012"
4474,"Dasgupta et al., 2013"
4475,"Herbelot and Copestake, 2010"
4476,"Kaji et al., 2010"
4477,"Yasuhara et al., 2013"
4478,"Xue and Yang, 2011"
4479,"Feng et al., 2014"
4480,"Klein, 2007"
4481,"Qadir and Riloff, 2013"
4482,"Grego et al., 2013"
4483,"Saggion et al., 2003"
4484,"Niu et al., 2009"
4485,"Kranstedt and Wachsmuth, 2005"
4486,"McDonald and Satta, 2007"
4487,"Mohammad, 2012"
4488,"Kumar and Byrne, 2002"
4489,"Grover et al., 2002"
4490,"Ge and Mooney, 2006"
4491,"Pereira et al., 1993"
4492,"Kondrak et al., 2003"
4493,"Goeuriot et al., 2009"
4494,"Callison-Burch et al., 2009"
4495,"Mimno and Blei, 2011"
4496,"Garrette et al., 2014"
4497,"Huang et al., 2002"
4498,"Schwenk et al., 2006"
4499,"Wang and Fan, 2014"
4500,"Tiedemann, 2015"
4501,"Foster, 2000"
4502,"Simard, 1998"
4503,"Chang et al., 2006"
4504,"Gao et al., 2006"
4505,"Simova et al., 2014"
4506,"Mann, 2002"
4507,"Mohammad et al., 2013"
4508,"Golding, 1995"
4509,"McCallum, 2009"
4510,"Wiebe et al., 2004"
4511,"Ma et al., 2014"
4512,"Callison-Burch et al., 2011"
4513,"Cai et al., 2007"
4514,"wu et al., 2014"
4515,"Baroni and Lenci, 2011"
4516,"Yan et al., 2012"
4517,"Vosse, 1992"
4518,"Albrecht and Hwa, 2007"
4519,"Deng and Byrne, 2006"
4520,"Lin, 2004"
4521,"Gamallo et al., 2012"
4522,"Heinz and Koirala, 2010"
4523,"Becker and Riaz, 2002"
4524,"Gomez, 1998"
4525,"Takamura et al., 2004"
4526,"Dreyer and Eisner, 2006"
4527,"Li and Roth, 2001"
4528,"McDonald and Brew, 2004"
4529,"Al-Saif and Markert, 2011"
4530,"Mihalcea and Pedersen, 2003"
4531,"Jing, 1998"
4532,"Zhou and Su, 2004"
4533,"Vickrey et al., 2008"
4534,"Tsai, 2006"
4535,"Metzler et al., 2012"
4536,"Foster and Andersen, 2009"
4537,"Fang et al., 2013"
4538,"Dzikovska et al., 2007"
4539,"Gasperin, 2006"
4540,"Wibberley et al., 2013"
4541,"Hopkins and May, 2013"
4542,"Gimenez and Marquez, 2007"
4543,"Keller et al., 2002"
4544,"Choi and Palmer, 2010"
4545,"Ultes et al., 2013"
4546,"Moriceau, 2006"
4547,"Chiarcos et al., 2010"
4548,"Malouf, 2002"
4549,"Song et al., 2014"
4550,"Langkilde, 2000"
4551,"Wang, 2009"
4552,"Daille, 2003"
4553,"MacKinlay et al., 2012"
4554,"Popescu, 2013"
4555,"Penn and Haji-Abdolhosseini, 2003"
4556,"Kogan et al., 2009"
4557,"Rehbein and Ruppenhofer, 2011"
4558,"Frank, 2010"
4559,"Goldwasser and Roth, 2008"
4560,"Carreras and Màrquez, 2001"
4561,"Khapra et al., 2009"
4562,"Silberer et al., 2013"
4563,"Murphy et al., 2009"
4564,"Cheng et al., 2006"
4565,"Pershina et al., 2014"
4566,"Ueffing et al., 2007"
4567,"Woodsend et al., 2010"
4568,"Kass and Finin, 1988"
4569,"Monahan and Brunson, 2014"
4570,"Ranchhod et al., 1999"
4571,"Radev et al., 2003"
4572,"Padó and Lapata, 2006"
4573,"Nomoto, 2008"
4574,"Sekine, 1992"
4575,"Weisman et al., 2012"
4576,"Yip, 1985"
4577,"Voutilainen, 1995"
4578,"Stent and Molina, 2009"
4579,"Walker et al., 2012"
4580,"Louis et al., 2010"
4581,"Lee, 2013"
4582,"Yih et al., 2012"
4583,"Fountain and Lapata, 2012"
4584,"Richardson and Braden-Harder, 1988"
4585,"Busemann, 2005"
4586,"Fancellu and Webber, 2015"
4587,"Moraes et al., 2014"
4588,"Bernstein and Nessly, 1981"
4589,"Bicknell and Levy, 2010"
4590,"Rubino et al., 2013"
4591,"Hatzivassiloglou and Mckeown, 1997"
4592,"Roy et al., 2015"
4593,"Baker and Fellbaum, 2009"
4594,"Boukobza and Rappoport, 2009"
4595,"Beil et al., 1999"
4596,"Su and Markert, 2010"
4597,"Pulman and Sukkarieh, 2005"
4598,"Deng and Wiebe, 2014"
4599,"Georgila, 2009"
4600,"Palmer, 1997"
4601,"Bos, 2014"
4602,"Cheung et al., 2009"
4603,"Arun et al., 2009"
4604,"Eisenstein and Barzilay, 2008"
4605,"Smrz and Horak, 2000"
4606,"Bergsma et al., 2010"
4607,"GOH et al., 2004"
4608,"Irvine et al., 2012"
4609,"Nilsson and Nivre, 2010"
4610,"Blacoe et al., 2013"
4611,"Edmonds and Dorow, 2001"
4612,"Mani, 2001"
4613,"Lim et al., 2004"
4614,"Roberts et al., 2014"
4615,"Grishman et al., 1992"
4616,"Nagard and Koehn, 2010"
4617,"Hobbs, 1983"
4618,"Daume and Marcu, 2002"
4619,"Power, 2010"
4620,"Heilman and Madnani, 2012"
4621,"Iida and Poesio, 2011"
4622,"Park et al., 2000"
4623,"Branavan et al., 2007"
4624,"Wei and Gulla, 2010"
4625,"Roth and Zelenko, 1998"
4626,"Brown et al., 1993"
4627,"Hulden, 2009"
4628,"Onishi et al., 2010"
4629,"Luong et al., 2014"
4630,"Clark et al., 2004"
4631,"Meza-Ruiz and Riedel, 2009"
4632,"Resnik and Smith, 2003"
4633,"Reithinger et al., 2000"
4634,"Mehdad et al., 2013"
4635,"Jbara and Radev, 2011"
4636,"Luo et al., 2014"
4637,"Gedigian et al., 2006"
4638,"Velldal and Oepen, 2006"
4639,"Tu et al., 2013"
4640,"Irvine et al., 2013"
4641,"Scott et al., 1998"
4642,"Bennett et al., 1997"
4643,"Kroch and Hindle, 1982"
4644,"Song et al., 2010"
4645,"Sekine and Nobata, 2003"
4646,"Tsvetkov et al., 2015"
4647,"MacCartney and Manning, 2009"
4648,"Ling et al., 2013"
4649,"Lin and Smith, 2005"
4650,"Bean and Riloff, 1999"
4651,"Moens and Steedman, 1988"
4652,"Petrolito and Bond, 2014"
4653,"Surdeanu et al., 2005"
4654,"Ji and Eisenstein, 2013"
4655,"Mani et al., 1999"
4656,"Heeman, 1998"
4657,"Stokes, 2003"
4658,"Salton, 1988"
4659,"Granville, 1990"
4660,"Ng and Cardie, 2003"
4661,"Cramer and Zhang, 2009"
4662,"Jehl et al., 2012"
4663,"Yoshida et al., 2015"
4664,"Marsi et al., 2007"
4665,"Sipos et al., 2012"
4666,"McCarthy et al., 2004"
4667,"Daelemans et al., 1996"
4668,"Martins et al., 2013"
4669,"Carpuat et al., 2013"
4670,"Liang and Klein, 2008"
4671,"Kiela and Clark, 2014"
4672,"Hill et al., 2014"
4673,"Shirai, 2003"
4674,"Visweswariah et al., 2011"
4675,"Makrai et al., 2013"
4676,"Fournier and Inkpen, 2012"
4677,"Eneko and Soroa, 2009"
4678,"Fraser et al., 2012"
4679,"Macháček and Bojar, 2013"
4680,"Hajic et al., 2000"
4681,"Rak et al., 2013"
4682,"Erkan and Radev, 2004"
4683,"Cassell et al., 2001"
4684,"Baldridge and Osborne, 2004"
4685,"Calder, 1989"
4686,"Hautli and Sulger, 2011"
4687,"Tanaka et al., 2013"
4688,"Fahmi and Bouma, 2006"
4689,"Gupta and Manning, 2014"
4690,"Ratinov et al., 2011"
4691,"Clarke and Terra, 2003"
4692,"Dhillon and Ungar, 2009"
4693,"Szpektor et al., 2004"
4694,"Gesmundo and Samardzic, 2012"
4695,"Rubino et al., 2012"
4696,"Dredze and Wallenberg, 2008"
4697,"Poesio et al., 2004"
4698,"Elming et al., 2014"
4699,"Shaw, 2013"
4700,"Gadde et al., 2010"
4701,"Wagner et al., 2014"
4702,"Belz and Kow, 2009"
4703,"Chen and Fung, 2004"
4704,"Bharati et al., 2009"
4705,"Das and Bandyopadhyay, 2010"
4706,"Max, 2003"
4707,"Fox, 2002"
4708,"Chalabi and Gerges, 2012"
4709,"Ramakrishnan et al., 2009"
4710,"Pirinen, 2015"
4711,"Felice et al., 2014"
4712,"Reiter, 1991"
4713,"Sridhar et al., 2014"
4714,"Yamashita and Matsumoto, 2000"
4715,"Ponzetto and Strube, 2005"
4716,"Kalita et al., 1986"
4717,"Bozsahin, 2002"
4718,"Weimer et al., 2007"
4719,"Freitag, 2004"
4720,"Bunescu, 2003"
4721,"Daumé et al., 2010"
4722,"Sonoh and Kinoshita, 2015"
4723,"Montazeri and Hobbs, 2011"
4724,"Gusev et al., 2011"
4725,"Hwa, 2004"
4726,"Ananthakrishnan et al., 2011"
4727,"Kolhatkar and Hirst, 2012"
4728,"Fujii et al., 2004"
4729,"Fosler, 1996"
4730,"Iria et al., 2007"
4731,"Gao et al., 2009"
4732,"Barzilay and Lapata, 2007"
4733,"Takamatsu et al., 2012"
4734,"Baldridge and Kruijff, 2003"
4735,"Snover et al., 2004"
4736,"Koehn, 2009"
4737,"Bollmann et al., 2011"
4738,"Joanis et al., 2008"
4739,"Sun et al., 2013"
4740,"Carroll et al., 1999"
4741,"Vaswani et al., 2011"
4742,"Yih et al., 2014"
4743,"Eshky et al., 2012"
4744,"Zhou et al., 2006"
4745,"Tofiloski et al., 2009"
4746,"Litman and Forbes-Riley, 2009"
4747,"Greenwood and Stevenson, 2006"
4748,"Fishel et al., 2012"
4749,"Callison-Burch, 2008"
4750,"Sanfilippo et al., 2006"
4751,"Litman et al., 2000"
4752,"Bourdon et al., 1998"
4753,"Mehler, 2006"
4754,"Gill et al., 2012"
4755,"Beesley, 1998"
4756,"Pakhomov, 1999"
4757,"Hoang et al., 2007"
4758,"Chen and Yoon, 2011"
4759,"Eidelman et al., 2013"
4760,"Foth and Menzel, 2006"
4761,"Durrani et al., 2010"
4762,"Theron and Cloete, 1997"
4763,"Frank et al., 2003"
4764,"Wehrli, 2014"
4765,"Kim et al., 2011"
4766,"Wei and Rudnicky, 2000"
4767,"Roque, 2012"
4768,"Bhargava and Kondrak, 2009"
4769,"Hanamoto et al., 2012"
4770,"Och et al., 2004"
4771,"Asahara et al., 2003"
4772,"Marciniak and Strube, 2005"
4773,"Han et al., 2013"
4774,"Hale, 2004"
4775,"Ferret, 2007"
4776,"McClosky and Charniak, 2008"
4777,"Monsalve et al., 2012"
4778,"Pustejovsky, 1996"
4779,"Vaudry and Lapalme, 2013"
4780,"Osborne and Liang, 2015"
4781,"Chai et al., 2004"
4782,"Dalli and Wilks, 2006"
4783,"Williams, 2012"
4784,"Pustejovsky, 1994"
4785,"Harper and Charniak, 1986"
4786,"Vogel, 2003"
4787,"Shafran and Hall, 2006"
4788,"Aamot, 2014"
4789,"Hardy et al., 2004"
4790,"Humphreys et al., 2001"
4791,"Miyao et al., 2014"
4792,"Cherry, 2013"
4793,"Kim and Seo, 2002"
4794,"Ryan, 1981"
4795,"Mikheev, 1999"
4796,"Gamon, 2006"
4797,"Mukherjee and Liu, 2013"
4798,"Yoshikawa et al., 2012"
4799,"Tapanainen and Järvinen, 1997"
4800,"Meng et al., 2012"
4801,"Versley et al., 2008"
4802,"Niu and Hirst, 2004"
4803,"Blunsom and Cohn, 2006"
4804,"Pedersen and Kulkarni, 2006"
4805,"Daelemans et al., 1999"
4806,"Gu, 2006"
4807,"Dzikovska et al., 2009"
4808,"Birch and Osborne, 2011"
4809,"Mellish et al., 1998"
4810,"Garera and Yarowsky, 2009"
4811,"Paşca et al., 2006"
4812,"Xu et al., 2006"
4813,"Cua et al., 2010"
4814,"Li et al., 2004"
4815,"Hsueh et al., 2006"
4816,"Huang and Riloff, 2012"
4817,"Giuliano et al., 2009"
4818,"Venant et al., 2013"
4819,"Show, 1998"
4820,"Mukherjee and Liu, 2010"
4821,"Severyn et al., 2013"
4822,"Alonge et al., 2000"
4823,"Iwayama et al., 2003"
4824,"Osborne and Briscoe, 1998"
4825,"Specia et al., 2015"
4826,"Villavicencio, 2002"
4827,"Reiter and Belz, 2006"
4828,"Bloodgood and Callison-Burch, 2010"
4829,"Briscoe et al., 1997"
4830,"Allen et al., 1996"
4831,"Erk, 2013"
4832,"Nicolae and Nicolae, 2006"
4833,"Hanneman et al., 2011"
4834,"Cancedda and Samuelsson, 2000"
4835,"Bhagat and Ravichandran, 2008"
4836,"Shutova, 2013"
4837,"Zhao et al., 2009"
4838,"Dagan et al., 1997"
4839,"Blacoe and Lapata, 2012"
4840,"Buyko et al., 2009"
4841,"Fowler and Penn, 2010"
4842,"Prager et al., 2006"
4843,"Erbach, 1995"
4844,"Kuhlmann and Nivre, 2006"
4845,"Sekine, 2006"
4846,"Georgila, 2013"
4847,"Stenetorp et al., 2012"
4848,"Krishnakumaran and Zhu, 2007"
4849,"Xiang et al., 2013"
4850,"Martinez et al., 2007"
4851,"Oh and Rudnicky, 2000"
4852,"Wu, 2006"
4853,"Harabagiu et al., 1999"
4854,"Alfonseca et al., 2008"
4855,"Bjorne and Salakoski, 2011"
4856,"Lin, 1997"
4857,"Sampson and Babarczy, 2003"
4858,"Mitra et al., 1997"
4859,"Che et al., 2010"
4860,"Davis and Hirschberg, 1988"
4861,"Sloot, 2011"
4862,"Heafield, 2011"
4863,"Curran and Vadas, 2006"
4864,"Green et al., 2004"
4865,"Koller and Thater, 2005"
4866,"Schütze, 1993"
4867,"Fazly and Hirst, 2003"
4868,"Séaghdha and Copestake, 2009"
4869,"Eisenstein, 2009"
4870,"Savova, 2003"
4871,"Bhat and Sharma, 2012"
4872,"Rapp, 2004"
4873,"Ravichandran et al., 2005"
4874,"Vyas and Pantel, 2009"
4875,"Das and Bandyopadhyay, 2009"
4876,"Oelke et al., 2012"
4877,"Chan et al., 2007"
4878,"Poesio and Almuhareb, 2005"
4879,"Eidelman et al., 2012"
4880,"Hoang and Koehn, 2008"
4881,"Kim and Hovy, 2006"
4882,"Reiter, 1995"
4883,"Chen and Dolan, 2011"
4884,"Oviatt and Cohen, 1989"
4885,"Hasan and Ng, 2013"
4886,"Kolomiyets et al., 2011"
4887,"Kilgarriff, 2003"
4888,"Leidner and Schilder, 2010"
4889,"Jacquemin, 1994"
4890,"Mitkov and Ha, 2003"
4891,"Siegel, 1999"
4892,"Birch et al., 2013"
4893,"Funakoshi et al., 2012"
4894,"Tomuro, 2001"
4895,"Veale and Conway, 1994"
4896,"Sokolov et al., 2012"
4897,"List, 2012"
4898,"Galanis and Androutsopoulos, 2010"
4899,"Takamura et al., 2005"
4900,"Kruiff and Duchier, 2003"
4901,"Kato et al., 2006"
4902,"Gillick and Liu, 2010"
4903,"Sagae et al., 2005"
4904,"Strzalkowski et al., 2013"
4905,"Snyder et al., 2008"
4906,"Sang et al., 2000"
4907,"Li et al., 2013"
4908,"Mihalcea, 2007"
4909,"Hoyt and Baldridge, 2008"
4910,"Lapponi et al., 2012"
4911,"Min and Wilson, 1998"
4912,"Haghighi and Klein, 2009"
4913,"Buzek et al., 2010"
4914,"Barak et al., 2013"
4915,"Stone, 2000"
4916,"Rosenberg and Hirschberg, 2009"
4917,"Mitchener, 2005"
4918,"Florian et al., 2010"
4919,"Bod, 1993"
4920,"Burger et al., 2011"
4921,"Lu and Ng, 2010"
4922,"Magdy et al., 2007"
4923,"Tillmann, 2009"
4924,"Sharifi et al., 2010"
4925,"Cutting et al., 1993"
4926,"Nakov and Hearst, 2008"
4927,"Yih and Qazvinian, 2012"
4928,"Silberer and Lapata, 2012"
4929,"Martins et al., 2010"
4930,"Liang et al., 2010"
4931,"Roth et al., 2009"
4932,"Niessen et al., 1998"
4933,"Rumshisky, 2011"
4934,"Titov and Klementiev, 2011"
4935,"Nwesri et al., 2006"
4936,"Litman et al., 1998"
4937,"Sun et al., 2014"
4938,"Das et al., 2010"
4939,"DeMarcken, 1990"
4940,"Carberry, 1989"
4941,"Garoufi and Koller, 2010"
4942,"Daumé, 2007"
4943,"Koo and Collins, 2010"
4944,"Das et al., 2011"
4945,"Cromières and Kurohashi, 2014"
4946,"Machacek and Bojar, 2014"
4947,"Murao et al., 2003"
4948,"Watson et al., 2005"
4949,"Liebeskind et al., 2013"
4950,"Hou and Chen, 2003"
4951,"Poon, 2013"
4952,"Eguchi and Lavrenko, 2006"
4953,"Su et al., 2010"
4954,"Wiebe et al., 2001"
4955,"Koehn and Knight, 2003"
4956,"Sang and Veenstra, 1999"
4957,"Abu-Jbara and Radev, 2012"
4958,"Nirenburg et al., 2004"
4959,"Fujita et al., 2012"
4960,"Pan and Hirschberg, 2001"
4961,"Pekar et al., 2014"
4962,"Park and Byrd, 2001"
4963,"Roth et al., 2014"
4964,"Schiitze, 1998"
4965,"Ando, 2004"
4966,"Mann and Yarowsky, 2003"
4967,"Williams, 2014"
4968,"Hale et al., 2006"
4969,"Okazaki and Ananiadou, 2006"
4970,"Dickinson, 2006"
4971,"Engel et al., 2002"
4972,"Ehling et al., 2007"
4973,"Tsvetkov et al., 2014"
4974,"Wu and Ng, 2013"
4975,"Cahill et al., 2013"
4976,"Shang et al., 2015"
4977,"Hachey et al., 2005"
4978,"Banchs et al., 2005"
4979,"Gao and Vogel, 2008"
4980,"Marneffe et al., 2008"
4981,"Liang et al., 2013"
4982,"Lampos et al., 2013"
4983,"Carreras et al., 2006"
4984,"Lippincott et al., 2012"
4985,"Giozzo and Strapparava, 2005"
4986,"Keshtkar and Inkpen, 2010"
4987,"Fraser and Marcu, 2005"
4988,"Kim and Snyder, 2013"
4989,"Han and Baldwin, 2011"
4990,"Tennant et al., 1983"
4991,"Chang and Roth, 2010"
4992,"Baldwin et al., 2012"
4993,"Schmid and Rooth, 2001"
4994,"Jiang and Zhai, 2007"
4995,"Andreas and Ghahramani, 2013"
4996,"Johansson and Nugues, 2006"
4997,"Heinonen, 1998"
4998,"Kuhlmann and Satta, 2009"
4999,"Florian et al., 2003"
5000,"Goyal et al., 2009"
5001,"Rogers, 1994"
5002,"Surdeanu and Turmo, 2005"
5003,"Bobicev, 2013"
5004,"Zens and Ney, 2006"
5005,"Levin et al., 2006"
5006,"Brody et al., 2006"
5007,"Rajkumar et al., 2009"
5008,"Shen et al., 2007"
5009,"Elsner et al., 2005"
5010,"Androutsopoulos et al., 2005"
5011,"Ayan and Dorr, 2006"
5012,"Beltagy et al., 2013"
5013,"Prolo, 2002"
5014,"Yang et al., 2003"
5015,"Galley and Manning, 2010"
5016,"Cohen et al., 2002"
5017,"Scharl and Weichselbraun, 2006"
5018,"Copestake et al., 2001"
5019,"Lapata and Brew, 1999"
5020,"Tsang and Stevenson, 2004"
5021,"Teichmann, 2011"
5022,"Nederhof, 1993"
5023,"Wong and Dras, 2011"
5024,"Chang et al., 2009"
5025,"Harkema et al., 2004"
5026,"Miyao and Tsujii, 2009"
5027,"Proszeky, 1994"
5028,"Shaw and Hatzivassiloglou, 1999"
5029,"Wiegand and Klakow, 2011"
5030,"Graehl and Knight, 2004"
5031,"Roller and Stevenson, 2013"
5032,"Matsuzaki et al., 2005"
5033,"Piao et al., 2006"
5034,"Nenkova et al., 2008"
5035,"Zhang et al., 2012"
5036,"Maletti, 2010"
5037,"Baldwin and Lui, 2010"
5038,"Guildea and Palmer, 2002"
5039,"McCord, 1985"
5040,"Lapata, 2002"
5041,"Gardent and Kow, 2006"
5042,"Evanini et al., 2010"
5043,"Cucerzan and Yarowsky, 2002"
5044,"Bender et al., 2015"
5045,"Celikylmaz and Hakkani-Tur, 2011"
5046,"Duh et al., 2010"
5047,"Caberry, 1989"
5048,"Ritter and Etzioni, 2010"
5049,"Alexandrescu and Kirchhoff, 2006"
5050,"Foster and White, 2004"
5051,"Sproat, 2000"
5052,"Sharkey and Sanders, 2014"
5053,"Chung et al., 2011"
5054,"Meguro et al., 2009"
5055,"Hasan and Ng, 2014"
5056,"Liu et al., 2005"
5057,"Utiyama and Isahara, 2000"
5058,"Mubarak and Darwish, 2014"
5059,"Lewis and Quirk, 2013"
5060,"Jurgens and Stevens, 2011"
5061,"Attia, 2007"
5062,"Mikolov et al., 2013"
5063,"Vogel and Jurafsky, 2010"
5064,"Gong et al., 2011"
5065,"Gildea and Stefankovic, 2007"
5066,"Kerpedjiev, 1992"
5067,"Reiter, 2007"
5068,"Makatchev et al., 2002"
5069,"Wang and Cohen, 2009"
5070,"Salameh et al., 2013"
5071,"Ahn, 2006"
5072,"Sasaki et al., 2008"
5073,"Nicolai et al., 2015"
5074,"Xu and Rudnicky, 2000"
5075,"Wang et al., 2013"
5076,"Samuelsson and Voutilainen, 1997"
5077,"Chen et al., 2009"
5078,"Vincze et al., 2011"
5079,"Turian and Melamed, 2005"
5080,"Chandramohan et al., 2010"
5081,"McKeown et al., 1994"
5082,"Oh et al., 2009"
5083,"Chiu et al., 2013"
5084,"Caputo et al., 2012"
5085,"Belz and Reiter, 2006"
5086,"Hall and Novak, 2005"
5087,"Duan and Yates, 2010"
5088,"Tishby and Lee, 1993"
5089,"Sangati and Zuidema, 2009"
5090,"Gurevich and Waterman, 2009"
5091,"Curran, 2003"
5092,"Bannard and Callison-Burch, 2005"
5093,"Rashtchian et al., 2010"
5094,"Ellison and Kirby, 2006"
5095,"Nilsson and Nivre, 2009"
5096,"Roland and Jurafsky, 1998"
5097,"Wallis, 2010"
5098,"Pauls and Klein, 2011"
5099,"Moore, 2005"
5100,"Janarthanam et al., 2012"
5101,"Balamurali et al., 2011"
5102,"Escudero et al., 2004"
5103,"Li and Yamanishi, 2000"
5104,"Chu-Carroll and Brown, 1997"
5105,"Tennant, 1981"
5106,"Okita et al., 2010"
5107,"Nothman et al., 2012"
5108,"Kosseim and Lapalme, 1994"
5109,"Kopotev et al., 2013"
5110,"Haffari and Teh, 2009"
5111,"Shaikh et al., 2010"
5112,"Green, 1990"
5113,"Pennington et al., 2014"
5114,"Dchelotte et al., 2008"
5115,"Louis and Nenkova, 2012"
5116,"Hosseini et al., 2014"
5117,"Androutsopoulos and Karkaletsis, 2005"
5118,"Morawietz and Cornell, 1997"
5119,"Passonneau et al., 2014"
5120,"Gandhe and Traum, 2013"
5121,"Post et al., 2012"
5122,"Baldridge and Osborne, 2003"
5123,"Griol et al., 2010"
5124,"Gurevych et al., 2003"
5125,"Prins, 2004"
5126,"Agirre et al., 1998"
5127,"Shaw, 1995"
5128,"Basili et al., 2005"
5129,"Vossen et al., 2010"
5130,"Souček et al., 2013"
5131,"Passos et al., 2014"
5132,"Reynar, 1999"
5133,"Mi and Huang, 2008"
5134,"Fan et al., 2014"
5135,"Rosenfeld and Feldman, 2006"
5136,"Reschke and Anand, 2011"
5137,"Shen and Joshi, 2008"
5138,"Arora and Nyberg, 2009"
5139,"Jing, 2000"
5140,"Muaz et al., 2009"
5141,"Nabil et al., 2014"
5142,"Lao et al., 2011"
5143,"Roux, 2006"
5144,"Pradhan et al., 2005"
5145,"Radev et al., 2008"
5146,"Darwish, 2010"
5147,"Romeo et al., 2013"
5148,"McMahan and Stone, 2015"
5149,"Oflazer, 1999"
5150,"Albro, 1998"
5151,"Chand and Ng, 2007"
5152,"Chen et al., 2008"
5153,"Pasca and Harabagiu, 2001"
5154,"Hunter, 2000"
5155,"Abney, 2002"
5156,"Deselaers et al., 2009"
5157,"Pustejovsky, 1991"
5158,"Lee and Kong, 2012"
5159,"Briscoe and Copestake, 1996"
5160,"Heeringa et al., 2006"
5161,"Rinaldi et al., 2003"
5162,"Hou et al., 2013"
5163,"Chodorow et al., 1985"
5164,"Lemon et al., 2010"
5165,"Kairakbay and Zaurbekov, 2013"
5166,"Nakano et al., 2003"
5167,"Halpin et al., 2004"
5168,"Nguyen and Luong, 2010"
5169,"Bonial et al., 2011"
5170,"Goldberg and Elhalad, 2010"
5171,"Tufis, 1989"
5172,"Babko-Malaya and Palmer, 2005"
5173,"Hardisty et al., 2010"
5174,"Gliozzo et al., 2005"
5175,"Kim and Baldwin, 2006"
5176,"Banchs and Costa-jussà, 2011"
5177,"Pyysalo et al., 2010"
5178,"Katz-Brown et al., 2011"
5179,"Siddharthan and Copestake, 2004"
5180,"Pink et al., 2014"
5181,"Barbieri and Saggion, 2014"
5182,"Paul et al., 2010"
5183,"Rush and Petrov, 2012"
5184,"Balasubramanian et al., 2012"
5185,"Schiitze, 1994"
5186,"Reithinger and Maier, 1995"
5187,"Leacock et al., 2009"
5188,"Karttunen, 2012"
5189,"Ramage et al., 2009"
5190,"LuperFoy, 1992"
5191,"Borg et al., 2009"
5192,"Ritter et al., 2013"
5193,"Cohn et al., 2009"
5194,"Kim and Veenstra, 1999"
5195,"Stabler, 2011"
5196,"Cahill, 1993"
5197,"Lin and Bilmes, 2011"
5198,"Chelba and Acero, 2006"
5199,"Lindsey et al., 2012"
5200,"Bird and Ellison, 1994"
5201,"Magri, 2010"
5202,"Boutsis and Piperidis, 1998"
5203,"Chang et al., 2014"
5204,"Li et al., 2011"
5205,"Etzioni, 2008"
5206,"Martin et al., 2003"
5207,"Abney, 2004"
5208,"Gonzalez-Ibanez et al., 2011"
5209,"Lonsdale and Strong-Krause, 2003"
5210,"Ma et al., 2008"
5211,"Haruno et al., 1998"
5212,"Zweig et al., 2012"
5213,"Matsumoto et al., 1993"
5214,"Owczarzak et al., 2012"
5215,"Azzam, 1996"
5216,"Kinyon and Prolo, 2002"
5217,"Hardt, 1992"
5218,"Chen and Ng, 2013"
5219,"Ohta et al., 2009"
5220,"Brun et al., 2000"
5221,"Zhou and Xue, 2012"
5222,"Pado and Lapata, 2003"
5223,"Chen et al., 2003"
5224,"Brody and Lapata, 2009"
5225,"Zuidema, 2015"
5226,"Yi and Palmer, 2005"
5227,"Diab and Krishna, 2009"
5228,"Zhou et al., 2000"
5229,"He et al., 2010"
5230,"Bohnet et al., 2013"
5231,"Raman et al., 1997"
5232,"Dorr et al., 2003"
5233,"Navigli et al., 2013"
5234,"Tomuro, 2000"
5235,"Agirre et al., 2011"
5236,"Alonso et al., 1999"
5237,"Karamanis and Manurung, 2002"
5238,"Joshi and Weischedel, 1977"
5239,"Tsvetkov et al., 2013"
5240,"Berg-Kirkpatrick et al., 2012"
5241,"Gerow, 2014"
5242,"Ciaramita and Johnson, 2003"
5243,"Reisinger and Pasca, 2011"
5244,"Saetre et al., 2009"
5245,"Rosenthal et al., 2015"
5246,"Kulick et al., 2011"
5247,"Marie and Max, 2014"
5248,"Ovchinnikova et al., 2014"
5249,"Mori et al., 2006"
5250,"Prokić et al., 2009"
5251,"Carletta and Isard, 1999"
5252,"Wellington, 2004"
5253,"Rudolph and Giesbrecht, 2010"
5254,"Moore and Lewis, 2010"
5255,"Zhang and McDonald, 2014"
5256,"Sun and Jurafsky, 2003"
5257,"FitzGerald et al., 2015"
5258,"Heafield et al., 2012"
5259,"Brown, 2014"
5260,"Matykiewicz et al., 2009"
5261,"Vlachos, 2011"
5262,"Yang et al., 2013"
5263,"Rosti et al., 2007"
5264,"Arsoy et al., 2012"
5265,"Liu and Curran, 2006"
