[2025-04-09 10:03:37] Starting job with: target chunks=256, target overlaps=64, original chunks=1024, original overlaps=256, docs=100
Number of Retrieved Chunks: 1245
Number of Documents per Retrieved Chunks: 100
Done reranking query 1. Elapsed time since start: 17.61 seconds.
Done reranking query 2. Elapsed time since start: 41.27 seconds.
Done reranking query 3. Elapsed time since start: 62.38 seconds.
Done reranking query 4. Elapsed time since start: 83.98 seconds.
Done reranking query 5. Elapsed time since start: 104.60 seconds.
Done reranking query 6. Elapsed time since start: 126.05 seconds.
Done reranking query 7. Elapsed time since start: 148.90 seconds.
Done reranking query 8. Elapsed time since start: 170.12 seconds.
Done reranking query 9. Elapsed time since start: 190.72 seconds.
Done reranking query 10. Elapsed time since start: 211.03 seconds.
Done reranking query 11. Elapsed time since start: 233.24 seconds.
Done reranking query 12. Elapsed time since start: 256.25 seconds.
Done reranking query 13. Elapsed time since start: 279.35 seconds.
Done reranking query 14. Elapsed time since start: 301.78 seconds.
Done reranking query 15. Elapsed time since start: 325.42 seconds.
Saved 15 reranked responses to DeepSeek_text-reranked-100-indices.json
Saved 15 reranked responses to DeepSeek_structured-reranked-100-indices.json
Done reranking query 16. Elapsed time since start: 345.77 seconds.
Done reranking query 17. Elapsed time since start: 369.16 seconds.
Done reranking query 18. Elapsed time since start: 390.74 seconds.
Done reranking query 19. Elapsed time since start: 410.42 seconds.
Done reranking query 20. Elapsed time since start: 431.20 seconds.
Done reranking query 21. Elapsed time since start: 451.77 seconds.
Done reranking query 22. Elapsed time since start: 474.65 seconds.
Done reranking query 23. Elapsed time since start: 494.73 seconds.
Done reranking query 24. Elapsed time since start: 515.42 seconds.
Done reranking query 25. Elapsed time since start: 537.35 seconds.
Done reranking query 26. Elapsed time since start: 559.75 seconds.
Done reranking query 27. Elapsed time since start: 580.06 seconds.
Done reranking query 28. Elapsed time since start: 602.45 seconds.
Done reranking query 29. Elapsed time since start: 622.75 seconds.
Done reranking query 30. Elapsed time since start: 643.89 seconds.
Saved 30 reranked responses to DeepSeek_text-reranked-100-indices.json
Saved 30 reranked responses to DeepSeek_structured-reranked-100-indices.json
Done reranking query 31. Elapsed time since start: 663.07 seconds.
Done reranking query 32. Elapsed time since start: 685.54 seconds.
Done reranking query 33. Elapsed time since start: 706.78 seconds.
Done reranking query 34. Elapsed time since start: 727.82 seconds.
Done reranking query 35. Elapsed time since start: 748.14 seconds.
Done reranking query 36. Elapsed time since start: 768.29 seconds.
Done reranking query 37. Elapsed time since start: 787.77 seconds.
Done reranking query 38. Elapsed time since start: 808.70 seconds.
Done reranking query 39. Elapsed time since start: 832.90 seconds.
Done reranking query 40. Elapsed time since start: 854.73 seconds.
Done reranking query 41. Elapsed time since start: 876.43 seconds.
Done reranking query 42. Elapsed time since start: 895.51 seconds.
Done reranking query 43. Elapsed time since start: 915.61 seconds.
Done reranking query 44. Elapsed time since start: 935.70 seconds.
Done reranking query 45. Elapsed time since start: 955.73 seconds.
Saved 45 reranked responses to DeepSeek_text-reranked-100-indices.json
Saved 45 reranked responses to DeepSeek_structured-reranked-100-indices.json
Done reranking query 46. Elapsed time since start: 976.33 seconds.
Done reranking query 47. Elapsed time since start: 998.69 seconds.
Done reranking query 48. Elapsed time since start: 1018.34 seconds.
Done reranking query 49. Elapsed time since start: 1040.94 seconds.
Done reranking query 50. Elapsed time since start: 1061.34 seconds.
Done reranking query 51. Elapsed time since start: 1083.31 seconds.
Done reranking query 52. Elapsed time since start: 1103.19 seconds.
Done reranking query 53. Elapsed time since start: 1125.20 seconds.
Done reranking query 54. Elapsed time since start: 1145.81 seconds.
Done reranking query 55. Elapsed time since start: 1165.56 seconds.
Done reranking query 56. Elapsed time since start: 1185.60 seconds.
Done reranking query 57. Elapsed time since start: 1206.09 seconds.
Done reranking query 58. Elapsed time since start: 1225.92 seconds.
Done reranking query 59. Elapsed time since start: 1246.42 seconds.
Done reranking query 60. Elapsed time since start: 1266.66 seconds.
Saved 60 reranked responses to DeepSeek_text-reranked-100-indices.json
Saved 60 reranked responses to DeepSeek_structured-reranked-100-indices.json
Done reranking query 61. Elapsed time since start: 1289.10 seconds.
Done reranking query 62. Elapsed time since start: 1311.49 seconds.
Done reranking query 63. Elapsed time since start: 1333.35 seconds.
Done reranking query 64. Elapsed time since start: 1353.39 seconds.
Done reranking query 65. Elapsed time since start: 1376.30 seconds.
Done reranking query 66. Elapsed time since start: 1400.64 seconds.
Done reranking query 67. Elapsed time since start: 1421.96 seconds.
Done reranking query 68. Elapsed time since start: 1441.42 seconds.
Done reranking query 69. Elapsed time since start: 1461.93 seconds.
Done reranking query 70. Elapsed time since start: 1481.56 seconds.
Done reranking query 71. Elapsed time since start: 1502.07 seconds.
Done reranking query 72. Elapsed time since start: 1522.35 seconds.
Done reranking query 73. Elapsed time since start: 1544.46 seconds.
Done reranking query 74. Elapsed time since start: 1564.94 seconds.
Done reranking query 75. Elapsed time since start: 1586.69 seconds.
Saved 75 reranked responses to DeepSeek_text-reranked-100-indices.json
Saved 75 reranked responses to DeepSeek_structured-reranked-100-indices.json
Done reranking query 76. Elapsed time since start: 1606.95 seconds.
Done reranking query 77. Elapsed time since start: 1627.77 seconds.
Done reranking query 78. Elapsed time since start: 1648.00 seconds.
Done reranking query 79. Elapsed time since start: 1670.31 seconds.
Done reranking query 80. Elapsed time since start: 1690.26 seconds.
Done reranking query 81. Elapsed time since start: 1711.67 seconds.
Done reranking query 82. Elapsed time since start: 1731.99 seconds.
Done reranking query 83. Elapsed time since start: 1754.41 seconds.
Done reranking query 84. Elapsed time since start: 1774.83 seconds.
Done reranking query 85. Elapsed time since start: 1794.43 seconds.
Done reranking query 86. Elapsed time since start: 1817.19 seconds.
Done reranking query 87. Elapsed time since start: 1837.41 seconds.
Done reranking query 88. Elapsed time since start: 1858.26 seconds.
Done reranking query 89. Elapsed time since start: 1877.99 seconds.
Done reranking query 90. Elapsed time since start: 1898.51 seconds.
Saved 90 reranked responses to DeepSeek_text-reranked-100-indices.json
Saved 90 reranked responses to DeepSeek_structured-reranked-100-indices.json
Done reranking query 91. Elapsed time since start: 1920.73 seconds.
Done reranking query 92. Elapsed time since start: 1945.12 seconds.
Done reranking query 93. Elapsed time since start: 1967.91 seconds.
Done reranking query 94. Elapsed time since start: 1988.93 seconds.
Done reranking query 95. Elapsed time since start: 2008.94 seconds.
Done reranking query 96. Elapsed time since start: 2032.31 seconds.
Done reranking query 97. Elapsed time since start: 2053.65 seconds.
Done reranking query 98. Elapsed time since start: 2074.22 seconds.
Done reranking query 99. Elapsed time since start: 2095.08 seconds.
Done reranking query 100. Elapsed time since start: 2115.87 seconds.
Done reranking query 101. Elapsed time since start: 2135.97 seconds.
Done reranking query 102. Elapsed time since start: 2155.84 seconds.
Done reranking query 103. Elapsed time since start: 2175.70 seconds.
Done reranking query 104. Elapsed time since start: 2195.46 seconds.
Done reranking query 105. Elapsed time since start: 2217.85 seconds.
Saved 105 reranked responses to DeepSeek_text-reranked-100-indices.json
Saved 105 reranked responses to DeepSeek_structured-reranked-100-indices.json
Done reranking query 106. Elapsed time since start: 2237.99 seconds.
Done reranking query 107. Elapsed time since start: 2258.43 seconds.
Done reranking query 108. Elapsed time since start: 2280.51 seconds.
Done reranking query 109. Elapsed time since start: 2301.92 seconds.
Done reranking query 110. Elapsed time since start: 2321.66 seconds.
Done reranking query 111. Elapsed time since start: 2341.48 seconds.
Done reranking query 112. Elapsed time since start: 2362.26 seconds.
Done reranking query 113. Elapsed time since start: 2383.32 seconds.
Done reranking query 114. Elapsed time since start: 2405.05 seconds.
Done reranking query 115. Elapsed time since start: 2425.20 seconds.
Done reranking query 116. Elapsed time since start: 2446.59 seconds.
Done reranking query 117. Elapsed time since start: 2469.50 seconds.
Done reranking query 118. Elapsed time since start: 2489.70 seconds.
Done reranking query 119. Elapsed time since start: 2512.24 seconds.
Done reranking query 120. Elapsed time since start: 2532.59 seconds.
Saved 120 reranked responses to DeepSeek_text-reranked-100-indices.json
Saved 120 reranked responses to DeepSeek_structured-reranked-100-indices.json
Done reranking query 121. Elapsed time since start: 2553.50 seconds.
Done reranking query 122. Elapsed time since start: 2574.82 seconds.
Done reranking query 123. Elapsed time since start: 2594.80 seconds.
Done reranking query 124. Elapsed time since start: 2616.86 seconds.
Done reranking query 125. Elapsed time since start: 2638.49 seconds.
Done reranking query 126. Elapsed time since start: 2660.58 seconds.
Done reranking query 127. Elapsed time since start: 2680.84 seconds.
Done reranking query 128. Elapsed time since start: 2703.50 seconds.
Done reranking query 129. Elapsed time since start: 2723.28 seconds.
Done reranking query 130. Elapsed time since start: 2743.73 seconds.
Done reranking query 131. Elapsed time since start: 2763.92 seconds.
Done reranking query 132. Elapsed time since start: 2784.00 seconds.
Done reranking query 133. Elapsed time since start: 2805.64 seconds.
Done reranking query 134. Elapsed time since start: 2829.13 seconds.
Done reranking query 135. Elapsed time since start: 2851.56 seconds.
Saved 135 reranked responses to DeepSeek_text-reranked-100-indices.json
Saved 135 reranked responses to DeepSeek_structured-reranked-100-indices.json
Done reranking query 136. Elapsed time since start: 2871.49 seconds.
Done reranking query 137. Elapsed time since start: 2891.58 seconds.
Done reranking query 138. Elapsed time since start: 2911.94 seconds.
Done reranking query 139. Elapsed time since start: 2935.16 seconds.
Done reranking query 140. Elapsed time since start: 2957.70 seconds.
Done reranking query 141. Elapsed time since start: 2981.50 seconds.
Done reranking query 142. Elapsed time since start: 3001.91 seconds.
Done reranking query 143. Elapsed time since start: 3021.74 seconds.
Done reranking query 144. Elapsed time since start: 3045.31 seconds.
Done reranking query 145. Elapsed time since start: 3064.67 seconds.
Done reranking query 146. Elapsed time since start: 3087.54 seconds.
Done reranking query 147. Elapsed time since start: 3108.32 seconds.
Done reranking query 148. Elapsed time since start: 3130.13 seconds.
Done reranking query 149. Elapsed time since start: 3152.05 seconds.
Done reranking query 150. Elapsed time since start: 3172.86 seconds.
Saved 150 reranked responses to DeepSeek_text-reranked-100-indices.json
Saved 150 reranked responses to DeepSeek_structured-reranked-100-indices.json
Done reranking query 151. Elapsed time since start: 3193.05 seconds.
Done reranking query 152. Elapsed time since start: 3216.80 seconds.
Done reranking query 153. Elapsed time since start: 3238.24 seconds.
Done reranking query 154. Elapsed time since start: 3257.96 seconds.
Done reranking query 155. Elapsed time since start: 3277.82 seconds.
Done reranking query 156. Elapsed time since start: 3298.16 seconds.
Done reranking query 157. Elapsed time since start: 3319.32 seconds.
Done reranking query 158. Elapsed time since start: 3340.36 seconds.
Done reranking query 159. Elapsed time since start: 3361.46 seconds.
Done reranking query 160. Elapsed time since start: 3381.58 seconds.
Done reranking query 161. Elapsed time since start: 3401.20 seconds.
Done reranking query 162. Elapsed time since start: 3421.49 seconds.
Done reranking query 163. Elapsed time since start: 3445.35 seconds.
Done reranking query 164. Elapsed time since start: 3466.17 seconds.
Done reranking query 165. Elapsed time since start: 3489.33 seconds.
Saved 165 reranked responses to DeepSeek_text-reranked-100-indices.json
Saved 165 reranked responses to DeepSeek_structured-reranked-100-indices.json
Done reranking query 166. Elapsed time since start: 3512.22 seconds.
Done reranking query 167. Elapsed time since start: 3532.38 seconds.
Done reranking query 168. Elapsed time since start: 3554.09 seconds.
Error parsing or validating JSON from DeepSeek: Expecting value: line 1 column 1 (char 0)
Failed to parse JSON. Raw response from DeepSeek: 'Here is the reranked list of indices based on relevance to the query:

[3, 4, 5, 6, 7, 8, 9, 10, 11, 12, 13, 14, 15, 16, 17, 18, 19, 20, 21, 22, 23, 24, 25, 26, 27, 28, 29, 30, 31, 32, 33, 34, 35, 36, 37, 38, 39, 40, 41, 42, 43, 44, 45, 46, 47, 48, 49, 50, 51, 52, 53, 54, 55, 56, 57, 58, 59, 60, 61, 62, 63, 64, 65, 66, 67, 68, 69, 70, 71, 72, 73, 74, 75, 76, 77, 78, 79, 80, 81, 82, 83, 84, 85, 86, 87, 88, 89, 90, 91, 92, 93, 94, 95, 96, 97, 98, 99, 0, 1, 2]'
Done reranking query 169. Elapsed time since start: 3576.81 seconds.
Done reranking query 170. Elapsed time since start: 3596.95 seconds.
Done reranking query 171. Elapsed time since start: 3619.69 seconds.
Done reranking query 172. Elapsed time since start: 3640.69 seconds.
Done reranking query 173. Elapsed time since start: 3660.70 seconds.
Done reranking query 174. Elapsed time since start: 3683.20 seconds.
Done reranking query 175. Elapsed time since start: 3702.99 seconds.
Done reranking query 176. Elapsed time since start: 3723.49 seconds.
Done reranking query 177. Elapsed time since start: 3745.05 seconds.
Done reranking query 178. Elapsed time since start: 3764.85 seconds.
Done reranking query 179. Elapsed time since start: 3786.50 seconds.
Done reranking query 180. Elapsed time since start: 3808.24 seconds.
Saved 180 reranked responses to DeepSeek_text-reranked-100-indices.json
Saved 180 reranked responses to DeepSeek_structured-reranked-100-indices.json
Done reranking query 181. Elapsed time since start: 3830.45 seconds.
Done reranking query 182. Elapsed time since start: 3852.52 seconds.
Done reranking query 183. Elapsed time since start: 3872.61 seconds.
Done reranking query 184. Elapsed time since start: 3893.61 seconds.
Done reranking query 185. Elapsed time since start: 3917.28 seconds.
Done reranking query 186. Elapsed time since start: 3938.13 seconds.
Done reranking query 187. Elapsed time since start: 3957.75 seconds.
Done reranking query 188. Elapsed time since start: 3980.98 seconds.
Done reranking query 189. Elapsed time since start: 4003.44 seconds.
Done reranking query 190. Elapsed time since start: 4023.39 seconds.
Done reranking query 191. Elapsed time since start: 4046.31 seconds.
Done reranking query 192. Elapsed time since start: 4066.10 seconds.
Done reranking query 193. Elapsed time since start: 4094.28 seconds.
Done reranking query 194. Elapsed time since start: 4115.52 seconds.
Done reranking query 195. Elapsed time since start: 4137.81 seconds.
Saved 195 reranked responses to DeepSeek_text-reranked-100-indices.json
Saved 195 reranked responses to DeepSeek_structured-reranked-100-indices.json
Done reranking query 196. Elapsed time since start: 4159.58 seconds.
Done reranking query 197. Elapsed time since start: 4179.18 seconds.
Done reranking query 198. Elapsed time since start: 4199.95 seconds.
Done reranking query 199. Elapsed time since start: 4220.27 seconds.
Done reranking query 200. Elapsed time since start: 4243.89 seconds.
Done reranking query 201. Elapsed time since start: 4267.30 seconds.
Done reranking query 202. Elapsed time since start: 4288.12 seconds.
Done reranking query 203. Elapsed time since start: 4308.29 seconds.
Done reranking query 204. Elapsed time since start: 4328.21 seconds.
Done reranking query 205. Elapsed time since start: 4351.30 seconds.
Done reranking query 206. Elapsed time since start: 4371.63 seconds.
Done reranking query 207. Elapsed time since start: 4393.02 seconds.
Done reranking query 208. Elapsed time since start: 4413.16 seconds.
Done reranking query 209. Elapsed time since start: 4435.42 seconds.
Done reranking query 210. Elapsed time since start: 4455.34 seconds.
Saved 210 reranked responses to DeepSeek_text-reranked-100-indices.json
Saved 210 reranked responses to DeepSeek_structured-reranked-100-indices.json
Done reranking query 211. Elapsed time since start: 4477.48 seconds.
Done reranking query 212. Elapsed time since start: 4498.13 seconds.
Done reranking query 213. Elapsed time since start: 4519.90 seconds.
Done reranking query 214. Elapsed time since start: 4540.32 seconds.
Done reranking query 215. Elapsed time since start: 4563.23 seconds.
Done reranking query 216. Elapsed time since start: 4583.89 seconds.
Done reranking query 217. Elapsed time since start: 4604.08 seconds.
Done reranking query 218. Elapsed time since start: 4625.06 seconds.
Done reranking query 219. Elapsed time since start: 4645.35 seconds.
Done reranking query 220. Elapsed time since start: 4668.18 seconds.
Done reranking query 221. Elapsed time since start: 4690.27 seconds.
Done reranking query 222. Elapsed time since start: 4713.18 seconds.
Done reranking query 223. Elapsed time since start: 4737.17 seconds.
Done reranking query 224. Elapsed time since start: 4758.54 seconds.
Done reranking query 225. Elapsed time since start: 4779.30 seconds.
Saved 225 reranked responses to DeepSeek_text-reranked-100-indices.json
Saved 225 reranked responses to DeepSeek_structured-reranked-100-indices.json
Done reranking query 226. Elapsed time since start: 4799.00 seconds.
Done reranking query 227. Elapsed time since start: 4822.43 seconds.
Done reranking query 228. Elapsed time since start: 4842.93 seconds.
Done reranking query 229. Elapsed time since start: 4865.98 seconds.
Done reranking query 230. Elapsed time since start: 4887.21 seconds.
Done reranking query 231. Elapsed time since start: 4908.61 seconds.
Done reranking query 232. Elapsed time since start: 4928.88 seconds.
Done reranking query 233. Elapsed time since start: 4951.20 seconds.
Done reranking query 234. Elapsed time since start: 4972.54 seconds.
Done reranking query 235. Elapsed time since start: 4995.21 seconds.
Done reranking query 236. Elapsed time since start: 5017.57 seconds.
Done reranking query 237. Elapsed time since start: 5042.51 seconds.
Done reranking query 238. Elapsed time since start: 5063.62 seconds.
Done reranking query 239. Elapsed time since start: 5086.84 seconds.
Done reranking query 240. Elapsed time since start: 5111.03 seconds.
Saved 240 reranked responses to DeepSeek_text-reranked-100-indices.json
Saved 240 reranked responses to DeepSeek_structured-reranked-100-indices.json
Done reranking query 241. Elapsed time since start: 5134.30 seconds.
Done reranking query 242. Elapsed time since start: 5155.89 seconds.
Done reranking query 243. Elapsed time since start: 5176.13 seconds.
Done reranking query 244. Elapsed time since start: 5196.28 seconds.
Done reranking query 245. Elapsed time since start: 5219.05 seconds.
Done reranking query 246. Elapsed time since start: 5242.46 seconds.
Done reranking query 247. Elapsed time since start: 5265.08 seconds.
Done reranking query 248. Elapsed time since start: 5285.87 seconds.
Done reranking query 249. Elapsed time since start: 5306.73 seconds.
Done reranking query 250. Elapsed time since start: 5327.61 seconds.
Done reranking query 251. Elapsed time since start: 5348.71 seconds.
Done reranking query 252. Elapsed time since start: 5369.89 seconds.
Done reranking query 253. Elapsed time since start: 5393.58 seconds.
Done reranking query 254. Elapsed time since start: 5413.90 seconds.
Done reranking query 255. Elapsed time since start: 5434.51 seconds.
Saved 255 reranked responses to DeepSeek_text-reranked-100-indices.json
Saved 255 reranked responses to DeepSeek_structured-reranked-100-indices.json
Done reranking query 256. Elapsed time since start: 5456.77 seconds.
Done reranking query 257. Elapsed time since start: 5477.01 seconds.
Done reranking query 258. Elapsed time since start: 5499.74 seconds.
Done reranking query 259. Elapsed time since start: 5521.19 seconds.
Done reranking query 260. Elapsed time since start: 5541.44 seconds.
Done reranking query 261. Elapsed time since start: 5561.30 seconds.
Done reranking query 262. Elapsed time since start: 5581.89 seconds.
Done reranking query 263. Elapsed time since start: 5603.80 seconds.
Done reranking query 264. Elapsed time since start: 5624.53 seconds.
Done reranking query 265. Elapsed time since start: 5644.28 seconds.
Done reranking query 266. Elapsed time since start: 5665.37 seconds.
Done reranking query 267. Elapsed time since start: 5685.78 seconds.
Done reranking query 268. Elapsed time since start: 5706.67 seconds.
Done reranking query 269. Elapsed time since start: 5730.26 seconds.
Done reranking query 270. Elapsed time since start: 5750.60 seconds.
Saved 270 reranked responses to DeepSeek_text-reranked-100-indices.json
Saved 270 reranked responses to DeepSeek_structured-reranked-100-indices.json
Done reranking query 271. Elapsed time since start: 5771.92 seconds.
Done reranking query 272. Elapsed time since start: 5793.48 seconds.
Done reranking query 273. Elapsed time since start: 5815.12 seconds.
Done reranking query 274. Elapsed time since start: 5838.27 seconds.
Done reranking query 275. Elapsed time since start: 5859.25 seconds.
Done reranking query 276. Elapsed time since start: 5881.82 seconds.
Done reranking query 277. Elapsed time since start: 5901.87 seconds.
Done reranking query 278. Elapsed time since start: 5925.61 seconds.
Done reranking query 279. Elapsed time since start: 5946.63 seconds.
Done reranking query 280. Elapsed time since start: 5967.16 seconds.
Done reranking query 281. Elapsed time since start: 5987.72 seconds.
Done reranking query 282. Elapsed time since start: 6009.79 seconds.
Done reranking query 283. Elapsed time since start: 6030.46 seconds.
Done reranking query 284. Elapsed time since start: 6053.52 seconds.
Done reranking query 285. Elapsed time since start: 6075.30 seconds.
Saved 285 reranked responses to DeepSeek_text-reranked-100-indices.json
Saved 285 reranked responses to DeepSeek_structured-reranked-100-indices.json
Done reranking query 286. Elapsed time since start: 6098.69 seconds.
Done reranking query 287. Elapsed time since start: 6120.74 seconds.
Done reranking query 288. Elapsed time since start: 6144.25 seconds.
Done reranking query 289. Elapsed time since start: 6165.13 seconds.
Done reranking query 290. Elapsed time since start: 6187.46 seconds.
Done reranking query 291. Elapsed time since start: 6209.77 seconds.
Done reranking query 292. Elapsed time since start: 6231.11 seconds.
Done reranking query 293. Elapsed time since start: 6252.55 seconds.
Done reranking query 294. Elapsed time since start: 6274.77 seconds.
Done reranking query 295. Elapsed time since start: 6295.69 seconds.
Done reranking query 296. Elapsed time since start: 6319.87 seconds.
Done reranking query 297. Elapsed time since start: 6341.66 seconds.
Done reranking query 298. Elapsed time since start: 6362.67 seconds.
Done reranking query 299. Elapsed time since start: 6383.32 seconds.
Done reranking query 300. Elapsed time since start: 6404.11 seconds.
Saved 300 reranked responses to DeepSeek_text-reranked-100-indices.json
Saved 300 reranked responses to DeepSeek_structured-reranked-100-indices.json
Done reranking query 301. Elapsed time since start: 6425.17 seconds.
Done reranking query 302. Elapsed time since start: 6446.12 seconds.
Done reranking query 303. Elapsed time since start: 6467.18 seconds.
Done reranking query 304. Elapsed time since start: 6488.30 seconds.
Done reranking query 305. Elapsed time since start: 6508.48 seconds.
Done reranking query 306. Elapsed time since start: 6533.40 seconds.
Done reranking query 307. Elapsed time since start: 6553.56 seconds.
Done reranking query 308. Elapsed time since start: 6578.03 seconds.
Done reranking query 309. Elapsed time since start: 6598.26 seconds.
Done reranking query 310. Elapsed time since start: 6621.27 seconds.
Done reranking query 311. Elapsed time since start: 6644.48 seconds.
Done reranking query 312. Elapsed time since start: 6665.31 seconds.
Done reranking query 313. Elapsed time since start: 6689.10 seconds.
Done reranking query 314. Elapsed time since start: 6710.81 seconds.
Done reranking query 315. Elapsed time since start: 6733.86 seconds.
Saved 315 reranked responses to DeepSeek_text-reranked-100-indices.json
Saved 315 reranked responses to DeepSeek_structured-reranked-100-indices.json
Done reranking query 316. Elapsed time since start: 6757.82 seconds.
Done reranking query 317. Elapsed time since start: 6781.76 seconds.
Done reranking query 318. Elapsed time since start: 6802.28 seconds.
Done reranking query 319. Elapsed time since start: 6825.51 seconds.
Done reranking query 320. Elapsed time since start: 6848.98 seconds.
Done reranking query 321. Elapsed time since start: 6870.41 seconds.
Done reranking query 322. Elapsed time since start: 6890.67 seconds.
Done reranking query 323. Elapsed time since start: 6914.44 seconds.
Done reranking query 324. Elapsed time since start: 6936.04 seconds.
Done reranking query 325. Elapsed time since start: 6958.27 seconds.
Done reranking query 326. Elapsed time since start: 6979.22 seconds.
Done reranking query 327. Elapsed time since start: 6999.94 seconds.
Done reranking query 328. Elapsed time since start: 7024.44 seconds.
Done reranking query 329. Elapsed time since start: 7044.39 seconds.
Done reranking query 330. Elapsed time since start: 7064.72 seconds.
Saved 330 reranked responses to DeepSeek_text-reranked-100-indices.json
Saved 330 reranked responses to DeepSeek_structured-reranked-100-indices.json
Done reranking query 331. Elapsed time since start: 7084.72 seconds.
Done reranking query 332. Elapsed time since start: 7104.90 seconds.
Done reranking query 333. Elapsed time since start: 7125.28 seconds.
Done reranking query 334. Elapsed time since start: 7145.73 seconds.
Done reranking query 335. Elapsed time since start: 7169.04 seconds.
Done reranking query 336. Elapsed time since start: 7192.52 seconds.
Done reranking query 337. Elapsed time since start: 7215.05 seconds.
Done reranking query 338. Elapsed time since start: 7236.53 seconds.
Done reranking query 339. Elapsed time since start: 7260.50 seconds.
Done reranking query 340. Elapsed time since start: 7281.87 seconds.
Done reranking query 341. Elapsed time since start: 7305.07 seconds.
Done reranking query 342. Elapsed time since start: 7326.29 seconds.
Done reranking query 343. Elapsed time since start: 7348.79 seconds.
Done reranking query 344. Elapsed time since start: 7370.78 seconds.
Done reranking query 345. Elapsed time since start: 7394.22 seconds.
Saved 345 reranked responses to DeepSeek_text-reranked-100-indices.json
Saved 345 reranked responses to DeepSeek_structured-reranked-100-indices.json
Done reranking query 346. Elapsed time since start: 7415.60 seconds.
Done reranking query 347. Elapsed time since start: 7440.74 seconds.
Done reranking query 348. Elapsed time since start: 7462.85 seconds.
Done reranking query 349. Elapsed time since start: 7485.16 seconds.
Done reranking query 350. Elapsed time since start: 7505.81 seconds.
Done reranking query 351. Elapsed time since start: 7526.02 seconds.
Done reranking query 352. Elapsed time since start: 7546.20 seconds.
Done reranking query 353. Elapsed time since start: 7568.96 seconds.
Done reranking query 354. Elapsed time since start: 7589.97 seconds.
Done reranking query 355. Elapsed time since start: 7612.72 seconds.
Done reranking query 356. Elapsed time since start: 7632.62 seconds.
Done reranking query 357. Elapsed time since start: 7653.19 seconds.
Done reranking query 358. Elapsed time since start: 7674.53 seconds.
Done reranking query 359. Elapsed time since start: 7698.26 seconds.
Done reranking query 360. Elapsed time since start: 7719.25 seconds.
Saved 360 reranked responses to DeepSeek_text-reranked-100-indices.json
Saved 360 reranked responses to DeepSeek_structured-reranked-100-indices.json
Done reranking query 361. Elapsed time since start: 7743.51 seconds.
Done reranking query 362. Elapsed time since start: 7767.08 seconds.
Done reranking query 363. Elapsed time since start: 7787.11 seconds.
Done reranking query 364. Elapsed time since start: 7807.98 seconds.
Done reranking query 365. Elapsed time since start: 7832.55 seconds.
Done reranking query 366. Elapsed time since start: 7852.42 seconds.
Done reranking query 367. Elapsed time since start: 7872.15 seconds.
Done reranking query 368. Elapsed time since start: 7892.22 seconds.
Done reranking query 369. Elapsed time since start: 7911.16 seconds.
Done reranking query 370. Elapsed time since start: 7932.84 seconds.
Done reranking query 371. Elapsed time since start: 7952.12 seconds.
Done reranking query 372. Elapsed time since start: 7976.44 seconds.
Done reranking query 373. Elapsed time since start: 7996.35 seconds.
Done reranking query 374. Elapsed time since start: 8018.74 seconds.
Done reranking query 375. Elapsed time since start: 8040.17 seconds.
Saved 375 reranked responses to DeepSeek_text-reranked-100-indices.json
Saved 375 reranked responses to DeepSeek_structured-reranked-100-indices.json
Done reranking query 376. Elapsed time since start: 8063.04 seconds.
Done reranking query 377. Elapsed time since start: 8084.32 seconds.
Error calling DeepSeek API: Error code: 400 - {'error': {'message': 'Content Exists Risk', 'type': 'invalid_request_error', 'param': None, 'code': 'invalid_request_error'}}
Done reranking query 378. Elapsed time since start: 8087.68 seconds.
Done reranking query 379. Elapsed time since start: 8105.87 seconds.
Done reranking query 380. Elapsed time since start: 8124.50 seconds.
Done reranking query 381. Elapsed time since start: 8144.72 seconds.
Done reranking query 382. Elapsed time since start: 8164.92 seconds.
Done reranking query 383. Elapsed time since start: 8186.39 seconds.
Done reranking query 384. Elapsed time since start: 8203.82 seconds.
Done reranking query 385. Elapsed time since start: 8221.51 seconds.
Done reranking query 386. Elapsed time since start: 8237.60 seconds.
Done reranking query 387. Elapsed time since start: 8253.73 seconds.
Done reranking query 388. Elapsed time since start: 8273.64 seconds.
Done reranking query 389. Elapsed time since start: 8290.43 seconds.
Done reranking query 390. Elapsed time since start: 8307.63 seconds.
Saved 390 reranked responses to DeepSeek_text-reranked-100-indices.json
Saved 390 reranked responses to DeepSeek_structured-reranked-100-indices.json
Done reranking query 391. Elapsed time since start: 8324.75 seconds.
Done reranking query 392. Elapsed time since start: 8341.78 seconds.
Done reranking query 393. Elapsed time since start: 8360.36 seconds.
Done reranking query 394. Elapsed time since start: 8377.13 seconds.
Done reranking query 395. Elapsed time since start: 8395.72 seconds.
Done reranking query 396. Elapsed time since start: 8412.99 seconds.
Done reranking query 397. Elapsed time since start: 8433.26 seconds.
Done reranking query 398. Elapsed time since start: 8453.23 seconds.
Done reranking query 399. Elapsed time since start: 8474.01 seconds.
Done reranking query 400. Elapsed time since start: 8493.68 seconds.
Done reranking query 401. Elapsed time since start: 8516.08 seconds.
Done reranking query 402. Elapsed time since start: 8546.08 seconds.
Done reranking query 403. Elapsed time since start: 8570.04 seconds.
Done reranking query 404. Elapsed time since start: 8606.38 seconds.
Done reranking query 405. Elapsed time since start: 8638.19 seconds.
Saved 405 reranked responses to DeepSeek_text-reranked-100-indices.json
Saved 405 reranked responses to DeepSeek_structured-reranked-100-indices.json
Done reranking query 406. Elapsed time since start: 8662.94 seconds.
Done reranking query 407. Elapsed time since start: 8697.56 seconds.
Done reranking query 408. Elapsed time since start: 8725.73 seconds.
Done reranking query 409. Elapsed time since start: 8748.50 seconds.
Done reranking query 410. Elapsed time since start: 8775.04 seconds.
Done reranking query 411. Elapsed time since start: 8798.71 seconds.
Done reranking query 412. Elapsed time since start: 8818.87 seconds.
Done reranking query 413. Elapsed time since start: 8842.46 seconds.
Done reranking query 414. Elapsed time since start: 8863.65 seconds.
Done reranking query 415. Elapsed time since start: 8886.41 seconds.
Done reranking query 416. Elapsed time since start: 8907.44 seconds.
Done reranking query 417. Elapsed time since start: 8928.77 seconds.
Done reranking query 418. Elapsed time since start: 8951.51 seconds.
Done reranking query 419. Elapsed time since start: 8973.44 seconds.
Done reranking query 420. Elapsed time since start: 8993.78 seconds.
Saved 420 reranked responses to DeepSeek_text-reranked-100-indices.json
Saved 420 reranked responses to DeepSeek_structured-reranked-100-indices.json
Done reranking query 421. Elapsed time since start: 9014.75 seconds.
Done reranking query 422. Elapsed time since start: 9038.02 seconds.
Done reranking query 423. Elapsed time since start: 9058.12 seconds.
Done reranking query 424. Elapsed time since start: 9078.08 seconds.
Done reranking query 425. Elapsed time since start: 9100.08 seconds.
Done reranking query 426. Elapsed time since start: 9119.58 seconds.
Done reranking query 427. Elapsed time since start: 9140.01 seconds.
Done reranking query 428. Elapsed time since start: 9159.23 seconds.
Done reranking query 429. Elapsed time since start: 9178.11 seconds.
Done reranking query 430. Elapsed time since start: 9197.66 seconds.
Done reranking query 431. Elapsed time since start: 9217.48 seconds.
Done reranking query 432. Elapsed time since start: 9236.97 seconds.
Done reranking query 433. Elapsed time since start: 9258.88 seconds.
Done reranking query 434. Elapsed time since start: 9277.98 seconds.
Done reranking query 435. Elapsed time since start: 9299.53 seconds.
Saved 435 reranked responses to DeepSeek_text-reranked-100-indices.json
Saved 435 reranked responses to DeepSeek_structured-reranked-100-indices.json
Done reranking query 436. Elapsed time since start: 9321.19 seconds.
Done reranking query 437. Elapsed time since start: 9346.22 seconds.
Done reranking query 438. Elapsed time since start: 9365.10 seconds.
Done reranking query 439. Elapsed time since start: 9384.18 seconds.
Done reranking query 440. Elapsed time since start: 9405.39 seconds.
Done reranking query 441. Elapsed time since start: 9424.33 seconds.
Done reranking query 442. Elapsed time since start: 9445.70 seconds.
Done reranking query 443. Elapsed time since start: 9464.50 seconds.
Done reranking query 444. Elapsed time since start: 9483.39 seconds.
Done reranking query 445. Elapsed time since start: 9505.61 seconds.
Done reranking query 446. Elapsed time since start: 9524.97 seconds.
Done reranking query 447. Elapsed time since start: 9543.93 seconds.
Done reranking query 448. Elapsed time since start: 9563.15 seconds.
Done reranking query 449. Elapsed time since start: 9583.29 seconds.
Done reranking query 450. Elapsed time since start: 9604.96 seconds.
Saved 450 reranked responses to DeepSeek_text-reranked-100-indices.json
Saved 450 reranked responses to DeepSeek_structured-reranked-100-indices.json
Done reranking query 451. Elapsed time since start: 9624.82 seconds.
Done reranking query 452. Elapsed time since start: 9647.12 seconds.
Done reranking query 453. Elapsed time since start: 9665.48 seconds.
Done reranking query 454. Elapsed time since start: 9687.46 seconds.
Done reranking query 455. Elapsed time since start: 9706.60 seconds.
Done reranking query 456. Elapsed time since start: 9727.49 seconds.
Done reranking query 457. Elapsed time since start: 9748.68 seconds.
Done reranking query 458. Elapsed time since start: 9767.56 seconds.
Done reranking query 459. Elapsed time since start: 9786.63 seconds.
Done reranking query 460. Elapsed time since start: 9806.03 seconds.
Done reranking query 461. Elapsed time since start: 9827.78 seconds.
Done reranking query 462. Elapsed time since start: 9846.77 seconds.
Done reranking query 463. Elapsed time since start: 9867.67 seconds.
Done reranking query 464. Elapsed time since start: 9888.95 seconds.
Done reranking query 465. Elapsed time since start: 9908.46 seconds.
Saved 465 reranked responses to DeepSeek_text-reranked-100-indices.json
Saved 465 reranked responses to DeepSeek_structured-reranked-100-indices.json
Done reranking query 466. Elapsed time since start: 9928.02 seconds.
Done reranking query 467. Elapsed time since start: 9947.10 seconds.
Done reranking query 468. Elapsed time since start: 9968.86 seconds.
Done reranking query 469. Elapsed time since start: 9990.52 seconds.
Done reranking query 470. Elapsed time since start: 10009.03 seconds.
Done reranking query 471. Elapsed time since start: 10029.66 seconds.
Done reranking query 472. Elapsed time since start: 10051.42 seconds.
Done reranking query 473. Elapsed time since start: 10070.14 seconds.
Done reranking query 474. Elapsed time since start: 10089.38 seconds.
Done reranking query 475. Elapsed time since start: 10108.64 seconds.
Done reranking query 476. Elapsed time since start: 10130.44 seconds.
Done reranking query 477. Elapsed time since start: 10149.46 seconds.
Done reranking query 478. Elapsed time since start: 10168.42 seconds.
Done reranking query 479. Elapsed time since start: 10187.32 seconds.
Done reranking query 480. Elapsed time since start: 10206.85 seconds.
Saved 480 reranked responses to DeepSeek_text-reranked-100-indices.json
Saved 480 reranked responses to DeepSeek_structured-reranked-100-indices.json
Done reranking query 481. Elapsed time since start: 10228.24 seconds.
Done reranking query 482. Elapsed time since start: 10248.61 seconds.
Done reranking query 483. Elapsed time since start: 10267.94 seconds.
Done reranking query 484. Elapsed time since start: 10287.35 seconds.
Done reranking query 485. Elapsed time since start: 10307.02 seconds.
Done reranking query 486. Elapsed time since start: 10328.76 seconds.
Done reranking query 487. Elapsed time since start: 10347.88 seconds.
Done reranking query 488. Elapsed time since start: 10370.25 seconds.
Done reranking query 489. Elapsed time since start: 10391.79 seconds.
Done reranking query 490. Elapsed time since start: 10413.96 seconds.
Done reranking query 491. Elapsed time since start: 10432.65 seconds.
Done reranking query 492. Elapsed time since start: 10454.24 seconds.
Done reranking query 493. Elapsed time since start: 10473.66 seconds.
Done reranking query 494. Elapsed time since start: 10494.85 seconds.
Done reranking query 495. Elapsed time since start: 10513.58 seconds.
Saved 495 reranked responses to DeepSeek_text-reranked-100-indices.json
Saved 495 reranked responses to DeepSeek_structured-reranked-100-indices.json
Done reranking query 496. Elapsed time since start: 10536.86 seconds.
Done reranking query 497. Elapsed time since start: 10558.16 seconds.
Done reranking query 498. Elapsed time since start: 10579.66 seconds.
Done reranking query 499. Elapsed time since start: 10601.78 seconds.
Done reranking query 500. Elapsed time since start: 10623.37 seconds.
Done reranking query 501. Elapsed time since start: 10644.49 seconds.
Done reranking query 502. Elapsed time since start: 10667.97 seconds.
Done reranking query 503. Elapsed time since start: 10692.13 seconds.
Done reranking query 504. Elapsed time since start: 10714.35 seconds.
Done reranking query 505. Elapsed time since start: 10736.84 seconds.
Done reranking query 506. Elapsed time since start: 10761.76 seconds.
Done reranking query 507. Elapsed time since start: 10785.19 seconds.
Done reranking query 508. Elapsed time since start: 10809.77 seconds.
Done reranking query 509. Elapsed time since start: 10831.59 seconds.
Done reranking query 510. Elapsed time since start: 10853.11 seconds.
Saved 510 reranked responses to DeepSeek_text-reranked-100-indices.json
Saved 510 reranked responses to DeepSeek_structured-reranked-100-indices.json
Done reranking query 511. Elapsed time since start: 10875.08 seconds.
Done reranking query 512. Elapsed time since start: 10896.80 seconds.
Done reranking query 513. Elapsed time since start: 10917.99 seconds.
Done reranking query 514. Elapsed time since start: 10938.67 seconds.
Done reranking query 515. Elapsed time since start: 10961.01 seconds.
Done reranking query 516. Elapsed time since start: 10986.63 seconds.
Done reranking query 517. Elapsed time since start: 11034.72 seconds.
Done reranking query 518. Elapsed time since start: 11059.04 seconds.
Done reranking query 519. Elapsed time since start: 11081.32 seconds.
Done reranking query 520. Elapsed time since start: 11104.49 seconds.
Done reranking query 521. Elapsed time since start: 11127.00 seconds.
Done reranking query 522. Elapsed time since start: 11151.07 seconds.
Done reranking query 523. Elapsed time since start: 11173.49 seconds.
Done reranking query 524. Elapsed time since start: 11194.63 seconds.
Done reranking query 525. Elapsed time since start: 11220.03 seconds.
Saved 525 reranked responses to DeepSeek_text-reranked-100-indices.json
Saved 525 reranked responses to DeepSeek_structured-reranked-100-indices.json
Done reranking query 526. Elapsed time since start: 11242.97 seconds.
Done reranking query 527. Elapsed time since start: 11264.97 seconds.
Done reranking query 528. Elapsed time since start: 11290.85 seconds.
Done reranking query 529. Elapsed time since start: 11313.04 seconds.
Done reranking query 530. Elapsed time since start: 11335.96 seconds.
Done reranking query 531. Elapsed time since start: 11360.95 seconds.
Done reranking query 532. Elapsed time since start: 11382.25 seconds.
Done reranking query 533. Elapsed time since start: 11404.72 seconds.
Done reranking query 534. Elapsed time since start: 11429.03 seconds.
Done reranking query 535. Elapsed time since start: 11455.97 seconds.
Done reranking query 536. Elapsed time since start: 11509.42 seconds.
Done reranking query 537. Elapsed time since start: 11533.05 seconds.
Done reranking query 538. Elapsed time since start: 11556.72 seconds.
Done reranking query 539. Elapsed time since start: 11580.02 seconds.
Done reranking query 540. Elapsed time since start: 11603.06 seconds.
Saved 540 reranked responses to DeepSeek_text-reranked-100-indices.json
Saved 540 reranked responses to DeepSeek_structured-reranked-100-indices.json
Done reranking query 541. Elapsed time since start: 11626.36 seconds.
Done reranking query 542. Elapsed time since start: 11646.97 seconds.
Done reranking query 543. Elapsed time since start: 11669.92 seconds.
Done reranking query 544. Elapsed time since start: 11692.79 seconds.
Done reranking query 545. Elapsed time since start: 11716.77 seconds.
Done reranking query 546. Elapsed time since start: 11738.02 seconds.
Done reranking query 547. Elapsed time since start: 11761.56 seconds.
Done reranking query 548. Elapsed time since start: 11784.45 seconds.
Done reranking query 549. Elapsed time since start: 11805.43 seconds.
Done reranking query 550. Elapsed time since start: 11828.96 seconds.
Done reranking query 551. Elapsed time since start: 11852.07 seconds.
Done reranking query 552. Elapsed time since start: 11874.15 seconds.
Done reranking query 553. Elapsed time since start: 11896.45 seconds.
Done reranking query 554. Elapsed time since start: 11917.10 seconds.
Done reranking query 555. Elapsed time since start: 11938.49 seconds.
Saved 555 reranked responses to DeepSeek_text-reranked-100-indices.json
Saved 555 reranked responses to DeepSeek_structured-reranked-100-indices.json
Done reranking query 556. Elapsed time since start: 11961.21 seconds.
Done reranking query 557. Elapsed time since start: 11983.86 seconds.
Done reranking query 558. Elapsed time since start: 12006.94 seconds.
Done reranking query 559. Elapsed time since start: 12031.58 seconds.
Done reranking query 560. Elapsed time since start: 12052.54 seconds.
Done reranking query 561. Elapsed time since start: 12073.01 seconds.
Done reranking query 562. Elapsed time since start: 12096.85 seconds.
Done reranking query 563. Elapsed time since start: 12118.06 seconds.
Done reranking query 564. Elapsed time since start: 12137.98 seconds.
Done reranking query 565. Elapsed time since start: 12159.04 seconds.
Done reranking query 566. Elapsed time since start: 12181.62 seconds.
Done reranking query 567. Elapsed time since start: 12204.01 seconds.
Done reranking query 568. Elapsed time since start: 12226.77 seconds.
Done reranking query 569. Elapsed time since start: 12249.95 seconds.
Done reranking query 570. Elapsed time since start: 12270.28 seconds.
Saved 570 reranked responses to DeepSeek_text-reranked-100-indices.json
Saved 570 reranked responses to DeepSeek_structured-reranked-100-indices.json
Done reranking query 571. Elapsed time since start: 12293.62 seconds.
Done reranking query 572. Elapsed time since start: 12313.47 seconds.
Done reranking query 573. Elapsed time since start: 12335.23 seconds.
Done reranking query 574. Elapsed time since start: 12356.32 seconds.
Done reranking query 575. Elapsed time since start: 12377.76 seconds.
Done reranking query 576. Elapsed time since start: 12400.28 seconds.
Done reranking query 577. Elapsed time since start: 12423.85 seconds.
Done reranking query 578. Elapsed time since start: 12446.24 seconds.
Done reranking query 579. Elapsed time since start: 12469.88 seconds.
Done reranking query 580. Elapsed time since start: 12490.75 seconds.
Done reranking query 581. Elapsed time since start: 12514.75 seconds.
Done reranking query 582. Elapsed time since start: 12536.71 seconds.
Done reranking query 583. Elapsed time since start: 12562.08 seconds.
Done reranking query 584. Elapsed time since start: 12584.50 seconds.
Done reranking query 585. Elapsed time since start: 12604.86 seconds.
Saved 585 reranked responses to DeepSeek_text-reranked-100-indices.json
Saved 585 reranked responses to DeepSeek_structured-reranked-100-indices.json
Done reranking query 586. Elapsed time since start: 12625.45 seconds.
Done reranking query 587. Elapsed time since start: 12647.87 seconds.
Done reranking query 588. Elapsed time since start: 12670.49 seconds.
Done reranking query 589. Elapsed time since start: 12692.72 seconds.
Done reranking query 590. Elapsed time since start: 12715.32 seconds.
Done reranking query 591. Elapsed time since start: 12735.98 seconds.
Done reranking query 592. Elapsed time since start: 12755.73 seconds.
Done reranking query 593. Elapsed time since start: 12775.64 seconds.
Done reranking query 594. Elapsed time since start: 12795.85 seconds.
Done reranking query 595. Elapsed time since start: 12815.99 seconds.
Done reranking query 596. Elapsed time since start: 12836.29 seconds.
Done reranking query 597. Elapsed time since start: 12855.93 seconds.
Done reranking query 598. Elapsed time since start: 12879.04 seconds.
Done reranking query 599. Elapsed time since start: 12898.83 seconds.
Done reranking query 600. Elapsed time since start: 12921.91 seconds.
Saved 600 reranked responses to DeepSeek_text-reranked-100-indices.json
Saved 600 reranked responses to DeepSeek_structured-reranked-100-indices.json
Done reranking query 601. Elapsed time since start: 12942.45 seconds.
Done reranking query 602. Elapsed time since start: 12962.48 seconds.
Done reranking query 603. Elapsed time since start: 12984.40 seconds.
Done reranking query 604. Elapsed time since start: 13004.55 seconds.
Done reranking query 605. Elapsed time since start: 13024.35 seconds.
Done reranking query 606. Elapsed time since start: 13044.58 seconds.
Done reranking query 607. Elapsed time since start: 13067.32 seconds.
Done reranking query 608. Elapsed time since start: 13088.91 seconds.
Done reranking query 609. Elapsed time since start: 13109.55 seconds.
Done reranking query 610. Elapsed time since start: 13129.39 seconds.
Done reranking query 611. Elapsed time since start: 13152.33 seconds.
Done reranking query 612. Elapsed time since start: 13173.15 seconds.
Done reranking query 613. Elapsed time since start: 13193.43 seconds.
Done reranking query 614. Elapsed time since start: 13215.03 seconds.
Done reranking query 615. Elapsed time since start: 13237.70 seconds.
Saved 615 reranked responses to DeepSeek_text-reranked-100-indices.json
Saved 615 reranked responses to DeepSeek_structured-reranked-100-indices.json
Done reranking query 616. Elapsed time since start: 13258.34 seconds.
Done reranking query 617. Elapsed time since start: 13278.50 seconds.
Done reranking query 618. Elapsed time since start: 13303.12 seconds.
Done reranking query 619. Elapsed time since start: 13326.85 seconds.
Done reranking query 620. Elapsed time since start: 13351.21 seconds.
Done reranking query 621. Elapsed time since start: 13372.83 seconds.
Done reranking query 622. Elapsed time since start: 13393.03 seconds.
Done reranking query 623. Elapsed time since start: 13413.66 seconds.
Done reranking query 624. Elapsed time since start: 13435.63 seconds.
Done reranking query 625. Elapsed time since start: 13455.47 seconds.
Done reranking query 626. Elapsed time since start: 13478.56 seconds.
Done reranking query 627. Elapsed time since start: 13498.87 seconds.
Done reranking query 628. Elapsed time since start: 13523.14 seconds.
Done reranking query 629. Elapsed time since start: 13546.21 seconds.
Done reranking query 630. Elapsed time since start: 13566.64 seconds.
Saved 630 reranked responses to DeepSeek_text-reranked-100-indices.json
Saved 630 reranked responses to DeepSeek_structured-reranked-100-indices.json
Done reranking query 631. Elapsed time since start: 13589.53 seconds.
Done reranking query 632. Elapsed time since start: 13611.45 seconds.
Done reranking query 633. Elapsed time since start: 13631.89 seconds.
Done reranking query 634. Elapsed time since start: 13653.25 seconds.
Done reranking query 635. Elapsed time since start: 13674.30 seconds.
Done reranking query 636. Elapsed time since start: 13694.59 seconds.
Done reranking query 637. Elapsed time since start: 13716.04 seconds.
Done reranking query 638. Elapsed time since start: 13739.10 seconds.
Done reranking query 639. Elapsed time since start: 13761.19 seconds.
Done reranking query 640. Elapsed time since start: 13784.21 seconds.
Done reranking query 641. Elapsed time since start: 13806.26 seconds.
Done reranking query 642. Elapsed time since start: 13826.76 seconds.
Done reranking query 643. Elapsed time since start: 13847.37 seconds.
Done reranking query 644. Elapsed time since start: 13868.42 seconds.
Done reranking query 645. Elapsed time since start: 13889.18 seconds.
Saved 645 reranked responses to DeepSeek_text-reranked-100-indices.json
Saved 645 reranked responses to DeepSeek_structured-reranked-100-indices.json
Done reranking query 646. Elapsed time since start: 13910.32 seconds.
Done reranking query 647. Elapsed time since start: 13933.29 seconds.
Done reranking query 648. Elapsed time since start: 13954.63 seconds.
Done reranking query 649. Elapsed time since start: 13975.69 seconds.
Done reranking query 650. Elapsed time since start: 13996.07 seconds.
Done reranking query 651. Elapsed time since start: 14021.12 seconds.
Done reranking query 652. Elapsed time since start: 14044.08 seconds.
Done reranking query 653. Elapsed time since start: 14066.79 seconds.
Done reranking query 654. Elapsed time since start: 14090.68 seconds.
Done reranking query 655. Elapsed time since start: 14111.64 seconds.
Done reranking query 656. Elapsed time since start: 14133.26 seconds.
Done reranking query 657. Elapsed time since start: 14153.04 seconds.
Done reranking query 658. Elapsed time since start: 14173.53 seconds.
Done reranking query 659. Elapsed time since start: 14193.75 seconds.
Done reranking query 660. Elapsed time since start: 14215.17 seconds.
Saved 660 reranked responses to DeepSeek_text-reranked-100-indices.json
Saved 660 reranked responses to DeepSeek_structured-reranked-100-indices.json
Done reranking query 661. Elapsed time since start: 14239.09 seconds.
Done reranking query 662. Elapsed time since start: 14261.56 seconds.
Done reranking query 663. Elapsed time since start: 14283.05 seconds.
Done reranking query 664. Elapsed time since start: 14303.14 seconds.
Done reranking query 665. Elapsed time since start: 14325.35 seconds.
Done reranking query 666. Elapsed time since start: 14345.59 seconds.
Done reranking query 667. Elapsed time since start: 14365.75 seconds.
Done reranking query 668. Elapsed time since start: 14388.34 seconds.
Done reranking query 669. Elapsed time since start: 14408.85 seconds.
Done reranking query 670. Elapsed time since start: 14429.57 seconds.
Done reranking query 671. Elapsed time since start: 14450.57 seconds.
Done reranking query 672. Elapsed time since start: 14471.40 seconds.
Done reranking query 673. Elapsed time since start: 14492.32 seconds.
Done reranking query 674. Elapsed time since start: 14513.96 seconds.
Done reranking query 675. Elapsed time since start: 14537.15 seconds.
Saved 675 reranked responses to DeepSeek_text-reranked-100-indices.json
Saved 675 reranked responses to DeepSeek_structured-reranked-100-indices.json
Done reranking query 676. Elapsed time since start: 14560.41 seconds.
Done reranking query 677. Elapsed time since start: 14581.13 seconds.
Done reranking query 678. Elapsed time since start: 14603.08 seconds.
Done reranking query 679. Elapsed time since start: 14624.95 seconds.
Done reranking query 680. Elapsed time since start: 14645.40 seconds.
Done reranking query 681. Elapsed time since start: 14666.33 seconds.
Done reranking query 682. Elapsed time since start: 14686.96 seconds.
Done reranking query 683. Elapsed time since start: 14710.99 seconds.
Done reranking query 684. Elapsed time since start: 14732.93 seconds.
Done reranking query 685. Elapsed time since start: 14756.79 seconds.
Done reranking query 686. Elapsed time since start: 14781.38 seconds.
Done reranking query 687. Elapsed time since start: 14803.18 seconds.
Done reranking query 688. Elapsed time since start: 14824.09 seconds.
Done reranking query 689. Elapsed time since start: 14849.14 seconds.
Done reranking query 690. Elapsed time since start: 14870.23 seconds.
Saved 690 reranked responses to DeepSeek_text-reranked-100-indices.json
Saved 690 reranked responses to DeepSeek_structured-reranked-100-indices.json
Done reranking query 691. Elapsed time since start: 14891.35 seconds.
Done reranking query 692. Elapsed time since start: 14911.71 seconds.
Done reranking query 693. Elapsed time since start: 14932.79 seconds.
Done reranking query 694. Elapsed time since start: 14954.69 seconds.
Done reranking query 695. Elapsed time since start: 14976.19 seconds.
Done reranking query 696. Elapsed time since start: 14999.13 seconds.
Done reranking query 697. Elapsed time since start: 15020.90 seconds.
Done reranking query 698. Elapsed time since start: 15043.53 seconds.
Done reranking query 699. Elapsed time since start: 15064.88 seconds.
Done reranking query 700. Elapsed time since start: 15085.66 seconds.
Done reranking query 701. Elapsed time since start: 15108.37 seconds.
Done reranking query 702. Elapsed time since start: 15128.87 seconds.
Done reranking query 703. Elapsed time since start: 15149.87 seconds.
Done reranking query 704. Elapsed time since start: 15173.82 seconds.
Done reranking query 705. Elapsed time since start: 15195.23 seconds.
Saved 705 reranked responses to DeepSeek_text-reranked-100-indices.json
Saved 705 reranked responses to DeepSeek_structured-reranked-100-indices.json
Done reranking query 706. Elapsed time since start: 15215.96 seconds.
Done reranking query 707. Elapsed time since start: 15237.18 seconds.
Done reranking query 708. Elapsed time since start: 15259.97 seconds.
Done reranking query 709. Elapsed time since start: 15285.08 seconds.
Done reranking query 710. Elapsed time since start: 15306.87 seconds.
Done reranking query 711. Elapsed time since start: 15329.50 seconds.
Done reranking query 712. Elapsed time since start: 15350.84 seconds.
Done reranking query 713. Elapsed time since start: 15375.23 seconds.
Done reranking query 714. Elapsed time since start: 15397.77 seconds.
Done reranking query 715. Elapsed time since start: 15419.73 seconds.
Done reranking query 716. Elapsed time since start: 15443.47 seconds.
Done reranking query 717. Elapsed time since start: 15464.02 seconds.
Done reranking query 718. Elapsed time since start: 15485.03 seconds.
Done reranking query 719. Elapsed time since start: 15505.38 seconds.
Done reranking query 720. Elapsed time since start: 15526.43 seconds.
Saved 720 reranked responses to DeepSeek_text-reranked-100-indices.json
Saved 720 reranked responses to DeepSeek_structured-reranked-100-indices.json
Done reranking query 721. Elapsed time since start: 15550.88 seconds.
Done reranking query 722. Elapsed time since start: 15573.99 seconds.
Done reranking query 723. Elapsed time since start: 15594.57 seconds.
Done reranking query 724. Elapsed time since start: 15616.41 seconds.
Done reranking query 725. Elapsed time since start: 15638.54 seconds.
Done reranking query 726. Elapsed time since start: 15659.18 seconds.
Done reranking query 727. Elapsed time since start: 15683.03 seconds.
Done reranking query 728. Elapsed time since start: 15704.54 seconds.
Done reranking query 729. Elapsed time since start: 15727.03 seconds.
Done reranking query 730. Elapsed time since start: 15749.39 seconds.
Done reranking query 731. Elapsed time since start: 15772.78 seconds.
Done reranking query 732. Elapsed time since start: 15795.15 seconds.
Done reranking query 733. Elapsed time since start: 15818.25 seconds.
Done reranking query 734. Elapsed time since start: 15841.20 seconds.
Done reranking query 735. Elapsed time since start: 15862.63 seconds.
Saved 735 reranked responses to DeepSeek_text-reranked-100-indices.json
Saved 735 reranked responses to DeepSeek_structured-reranked-100-indices.json
Done reranking query 736. Elapsed time since start: 15884.73 seconds.
Done reranking query 737. Elapsed time since start: 15905.75 seconds.
Done reranking query 738. Elapsed time since start: 15928.44 seconds.
Done reranking query 739. Elapsed time since start: 15951.44 seconds.
Done reranking query 740. Elapsed time since start: 15975.19 seconds.
Done reranking query 741. Elapsed time since start: 15995.83 seconds.
Done reranking query 742. Elapsed time since start: 16019.59 seconds.
Done reranking query 743. Elapsed time since start: 16041.48 seconds.
Done reranking query 744. Elapsed time since start: 16063.30 seconds.
Done reranking query 745. Elapsed time since start: 16085.22 seconds.
Done reranking query 746. Elapsed time since start: 16106.84 seconds.
Done reranking query 747. Elapsed time since start: 16127.90 seconds.
Done reranking query 748. Elapsed time since start: 16149.04 seconds.
Done reranking query 749. Elapsed time since start: 16171.09 seconds.
Done reranking query 750. Elapsed time since start: 16192.61 seconds.
Saved 750 reranked responses to DeepSeek_text-reranked-100-indices.json
Saved 750 reranked responses to DeepSeek_structured-reranked-100-indices.json
Done reranking query 751. Elapsed time since start: 16214.70 seconds.
Done reranking query 752. Elapsed time since start: 16236.39 seconds.
Done reranking query 753. Elapsed time since start: 16257.34 seconds.
Done reranking query 754. Elapsed time since start: 16281.28 seconds.
Done reranking query 755. Elapsed time since start: 16302.36 seconds.
Done reranking query 756. Elapsed time since start: 16322.98 seconds.
Done reranking query 757. Elapsed time since start: 16344.84 seconds.
Done reranking query 758. Elapsed time since start: 16367.72 seconds.
Done reranking query 759. Elapsed time since start: 16388.39 seconds.
Done reranking query 760. Elapsed time since start: 16412.70 seconds.
Done reranking query 761. Elapsed time since start: 16433.89 seconds.
Done reranking query 762. Elapsed time since start: 16455.65 seconds.
Done reranking query 763. Elapsed time since start: 16477.41 seconds.
Done reranking query 764. Elapsed time since start: 16500.03 seconds.
Done reranking query 765. Elapsed time since start: 16521.16 seconds.
Saved 765 reranked responses to DeepSeek_text-reranked-100-indices.json
Saved 765 reranked responses to DeepSeek_structured-reranked-100-indices.json
Done reranking query 766. Elapsed time since start: 16542.46 seconds.
Done reranking query 767. Elapsed time since start: 16563.59 seconds.
Done reranking query 768. Elapsed time since start: 16586.01 seconds.
Done reranking query 769. Elapsed time since start: 16606.91 seconds.
Done reranking query 770. Elapsed time since start: 16631.47 seconds.
Done reranking query 771. Elapsed time since start: 16653.00 seconds.
Done reranking query 772. Elapsed time since start: 16673.39 seconds.
Done reranking query 773. Elapsed time since start: 16693.97 seconds.
Done reranking query 774. Elapsed time since start: 16714.94 seconds.
Done reranking query 775. Elapsed time since start: 16738.35 seconds.
Done reranking query 776. Elapsed time since start: 16760.49 seconds.
Done reranking query 777. Elapsed time since start: 16783.07 seconds.
Done reranking query 778. Elapsed time since start: 16805.41 seconds.
Done reranking query 779. Elapsed time since start: 16826.44 seconds.
Done reranking query 780. Elapsed time since start: 16847.19 seconds.
Saved 780 reranked responses to DeepSeek_text-reranked-100-indices.json
Saved 780 reranked responses to DeepSeek_structured-reranked-100-indices.json
Done reranking query 781. Elapsed time since start: 16869.62 seconds.
Done reranking query 782. Elapsed time since start: 16889.64 seconds.
Done reranking query 783. Elapsed time since start: 16913.66 seconds.
Done reranking query 784. Elapsed time since start: 16933.83 seconds.
Done reranking query 785. Elapsed time since start: 16955.35 seconds.
Done reranking query 786. Elapsed time since start: 16978.78 seconds.
Done reranking query 787. Elapsed time since start: 17001.13 seconds.
Done reranking query 788. Elapsed time since start: 17025.34 seconds.
Done reranking query 789. Elapsed time since start: 17046.78 seconds.
Done reranking query 790. Elapsed time since start: 17067.50 seconds.
Done reranking query 791. Elapsed time since start: 17091.07 seconds.
Done reranking query 792. Elapsed time since start: 17114.65 seconds.
Done reranking query 793. Elapsed time since start: 17135.52 seconds.
Done reranking query 794. Elapsed time since start: 17155.61 seconds.
Done reranking query 795. Elapsed time since start: 17176.15 seconds.
Saved 795 reranked responses to DeepSeek_text-reranked-100-indices.json
Saved 795 reranked responses to DeepSeek_structured-reranked-100-indices.json
Done reranking query 796. Elapsed time since start: 17197.58 seconds.
Done reranking query 797. Elapsed time since start: 17218.64 seconds.
Done reranking query 798. Elapsed time since start: 17239.13 seconds.
Done reranking query 799. Elapsed time since start: 17260.07 seconds.
Done reranking query 800. Elapsed time since start: 17281.30 seconds.
Done reranking query 801. Elapsed time since start: 17303.02 seconds.
Done reranking query 802. Elapsed time since start: 17323.97 seconds.
Done reranking query 803. Elapsed time since start: 17344.68 seconds.
Done reranking query 804. Elapsed time since start: 17367.87 seconds.
Done reranking query 805. Elapsed time since start: 17389.02 seconds.
Done reranking query 806. Elapsed time since start: 17410.86 seconds.
Done reranking query 807. Elapsed time since start: 17433.94 seconds.
Done reranking query 808. Elapsed time since start: 17456.47 seconds.
Done reranking query 809. Elapsed time since start: 17476.87 seconds.
Done reranking query 810. Elapsed time since start: 17496.98 seconds.
Saved 810 reranked responses to DeepSeek_text-reranked-100-indices.json
Saved 810 reranked responses to DeepSeek_structured-reranked-100-indices.json
Done reranking query 811. Elapsed time since start: 17520.69 seconds.
Done reranking query 812. Elapsed time since start: 17540.81 seconds.
Done reranking query 813. Elapsed time since start: 17565.90 seconds.
Done reranking query 814. Elapsed time since start: 17588.45 seconds.
Done reranking query 815. Elapsed time since start: 17608.68 seconds.
Done reranking query 816. Elapsed time since start: 17629.70 seconds.
Done reranking query 817. Elapsed time since start: 17650.00 seconds.
Done reranking query 818. Elapsed time since start: 17672.16 seconds.
Done reranking query 819. Elapsed time since start: 17693.88 seconds.
Done reranking query 820. Elapsed time since start: 17716.66 seconds.
Done reranking query 821. Elapsed time since start: 17739.58 seconds.
Done reranking query 822. Elapsed time since start: 17760.92 seconds.
Done reranking query 823. Elapsed time since start: 17781.21 seconds.
Done reranking query 824. Elapsed time since start: 17802.74 seconds.
Done reranking query 825. Elapsed time since start: 17823.07 seconds.
Saved 825 reranked responses to DeepSeek_text-reranked-100-indices.json
Saved 825 reranked responses to DeepSeek_structured-reranked-100-indices.json
Done reranking query 826. Elapsed time since start: 17846.40 seconds.
Done reranking query 827. Elapsed time since start: 17866.69 seconds.
Done reranking query 828. Elapsed time since start: 17890.08 seconds.
Done reranking query 829. Elapsed time since start: 17910.35 seconds.
Done reranking query 830. Elapsed time since start: 17932.47 seconds.
Done reranking query 831. Elapsed time since start: 17953.81 seconds.
Done reranking query 832. Elapsed time since start: 17976.10 seconds.
Done reranking query 833. Elapsed time since start: 17998.24 seconds.
Done reranking query 834. Elapsed time since start: 18018.68 seconds.
Done reranking query 835. Elapsed time since start: 18038.89 seconds.
Done reranking query 836. Elapsed time since start: 18060.92 seconds.
Done reranking query 837. Elapsed time since start: 18081.55 seconds.
Done reranking query 838. Elapsed time since start: 18102.71 seconds.
Done reranking query 839. Elapsed time since start: 18124.09 seconds.
Done reranking query 840. Elapsed time since start: 18146.53 seconds.
Saved 840 reranked responses to DeepSeek_text-reranked-100-indices.json
Saved 840 reranked responses to DeepSeek_structured-reranked-100-indices.json
Done reranking query 841. Elapsed time since start: 18171.16 seconds.
Done reranking query 842. Elapsed time since start: 18191.44 seconds.
Done reranking query 843. Elapsed time since start: 18214.23 seconds.
Done reranking query 844. Elapsed time since start: 18234.50 seconds.
Done reranking query 845. Elapsed time since start: 18254.75 seconds.
Done reranking query 846. Elapsed time since start: 18277.04 seconds.
Done reranking query 847. Elapsed time since start: 18297.74 seconds.
Done reranking query 848. Elapsed time since start: 18320.35 seconds.
Done reranking query 849. Elapsed time since start: 18341.57 seconds.
Done reranking query 850. Elapsed time since start: 18364.23 seconds.
Done reranking query 851. Elapsed time since start: 18386.49 seconds.
Done reranking query 852. Elapsed time since start: 18410.44 seconds.
Done reranking query 853. Elapsed time since start: 18431.40 seconds.
Done reranking query 854. Elapsed time since start: 18451.17 seconds.
Done reranking query 855. Elapsed time since start: 18471.61 seconds.
Saved 855 reranked responses to DeepSeek_text-reranked-100-indices.json
Saved 855 reranked responses to DeepSeek_structured-reranked-100-indices.json
Done reranking query 856. Elapsed time since start: 18492.17 seconds.
Done reranking query 857. Elapsed time since start: 18512.07 seconds.
Done reranking query 858. Elapsed time since start: 18532.00 seconds.
Done reranking query 859. Elapsed time since start: 18553.38 seconds.
Done reranking query 860. Elapsed time since start: 18574.88 seconds.
Done reranking query 861. Elapsed time since start: 18595.46 seconds.
Done reranking query 862. Elapsed time since start: 18615.75 seconds.
Done reranking query 863. Elapsed time since start: 18637.62 seconds.
Done reranking query 864. Elapsed time since start: 18658.30 seconds.
Done reranking query 865. Elapsed time since start: 18680.35 seconds.
Done reranking query 866. Elapsed time since start: 18703.06 seconds.
Done reranking query 867. Elapsed time since start: 18724.82 seconds.
Done reranking query 868. Elapsed time since start: 18748.36 seconds.
Done reranking query 869. Elapsed time since start: 18768.84 seconds.
Done reranking query 870. Elapsed time since start: 18790.83 seconds.
Saved 870 reranked responses to DeepSeek_text-reranked-100-indices.json
Saved 870 reranked responses to DeepSeek_structured-reranked-100-indices.json
Done reranking query 871. Elapsed time since start: 18812.85 seconds.
Done reranking query 872. Elapsed time since start: 18833.10 seconds.
Done reranking query 873. Elapsed time since start: 18853.77 seconds.
Done reranking query 874. Elapsed time since start: 18875.94 seconds.
Done reranking query 875. Elapsed time since start: 18896.48 seconds.
Done reranking query 876. Elapsed time since start: 18920.67 seconds.
Done reranking query 877. Elapsed time since start: 18941.93 seconds.
Done reranking query 878. Elapsed time since start: 18965.36 seconds.
Done reranking query 879. Elapsed time since start: 18984.85 seconds.
Done reranking query 880. Elapsed time since start: 19004.83 seconds.
Done reranking query 881. Elapsed time since start: 19025.06 seconds.
Done reranking query 882. Elapsed time since start: 19046.90 seconds.
Done reranking query 883. Elapsed time since start: 19067.55 seconds.
Done reranking query 884. Elapsed time since start: 19090.24 seconds.
Done reranking query 885. Elapsed time since start: 19112.28 seconds.
Saved 885 reranked responses to DeepSeek_text-reranked-100-indices.json
Saved 885 reranked responses to DeepSeek_structured-reranked-100-indices.json
Done reranking query 886. Elapsed time since start: 19132.19 seconds.
Done reranking query 887. Elapsed time since start: 19152.21 seconds.
Done reranking query 888. Elapsed time since start: 19173.97 seconds.
Done reranking query 889. Elapsed time since start: 19194.39 seconds.
Done reranking query 890. Elapsed time since start: 19215.12 seconds.
Done reranking query 891. Elapsed time since start: 19235.47 seconds.
Done reranking query 892. Elapsed time since start: 19257.40 seconds.
Error parsing or validating JSON from DeepSeek: Expecting value: line 1 column 1 (char 0)
Failed to parse JSON. Raw response from DeepSeek: 'Here is the reranked list of indices based on relevance to the query about cognate identification and Levenshtein distance:

[0, 3, 8, 1, 2, 4, 5, 6, 7, 9, 10, 11, 12, 13, 14, 15, 16, 17, 18, 19, 20, 21, 22, 23, 24, 25, 26, 27, 28, 29, 30, 31, 32, 33, 34, 35, 36, 37, 38, 39, 40, 41, 42, 43, 44, 45, 46, 47, 48, 49, 50, 51, 52, 53, 54, 55, 56, 57, 58, 59, 60, 61, 62, 63, 64, 65, 66, 67, 68, 69, 70, 71, 72, 73, 74, 75, 76, 77, 78, 79, 80, 81, 82, 83, 84, 85, 86, 87, 88, 89, 90, 91, 92, 93, 94, 95, 96, 97, 98, 99]'
Done reranking query 893. Elapsed time since start: 19279.60 seconds.
Done reranking query 894. Elapsed time since start: 19302.04 seconds.
Done reranking query 895. Elapsed time since start: 19323.48 seconds.
Done reranking query 896. Elapsed time since start: 19343.45 seconds.
Done reranking query 897. Elapsed time since start: 19364.28 seconds.
Done reranking query 898. Elapsed time since start: 19384.78 seconds.
Done reranking query 899. Elapsed time since start: 19405.65 seconds.
Done reranking query 900. Elapsed time since start: 19427.60 seconds.
Saved 900 reranked responses to DeepSeek_text-reranked-100-indices.json
Saved 900 reranked responses to DeepSeek_structured-reranked-100-indices.json
Done reranking query 901. Elapsed time since start: 19448.21 seconds.
Done reranking query 902. Elapsed time since start: 19468.95 seconds.
Done reranking query 903. Elapsed time since start: 19489.72 seconds.
Done reranking query 904. Elapsed time since start: 19510.84 seconds.
Done reranking query 905. Elapsed time since start: 19530.74 seconds.
Done reranking query 906. Elapsed time since start: 19550.45 seconds.
Done reranking query 907. Elapsed time since start: 19573.33 seconds.
Done reranking query 908. Elapsed time since start: 19593.77 seconds.
Done reranking query 909. Elapsed time since start: 19616.29 seconds.
Done reranking query 910. Elapsed time since start: 19636.55 seconds.
Done reranking query 911. Elapsed time since start: 19656.23 seconds.
Done reranking query 912. Elapsed time since start: 19677.95 seconds.
Done reranking query 913. Elapsed time since start: 19700.09 seconds.
Done reranking query 914. Elapsed time since start: 19720.04 seconds.
Done reranking query 915. Elapsed time since start: 19740.08 seconds.
Saved 915 reranked responses to DeepSeek_text-reranked-100-indices.json
Saved 915 reranked responses to DeepSeek_structured-reranked-100-indices.json
Done reranking query 916. Elapsed time since start: 19759.91 seconds.
Done reranking query 917. Elapsed time since start: 19780.61 seconds.
Error calling DeepSeek API: Error code: 400 - {'error': {'message': 'Content Exists Risk', 'type': 'invalid_request_error', 'param': None, 'code': 'invalid_request_error'}}
Done reranking query 918. Elapsed time since start: 19783.98 seconds.
Done reranking query 919. Elapsed time since start: 19805.38 seconds.
Done reranking query 920. Elapsed time since start: 19825.64 seconds.
Done reranking query 921. Elapsed time since start: 19846.37 seconds.
Done reranking query 922. Elapsed time since start: 19869.03 seconds.
Done reranking query 923. Elapsed time since start: 19891.45 seconds.
Done reranking query 924. Elapsed time since start: 19912.09 seconds.
Done reranking query 925. Elapsed time since start: 19934.38 seconds.
Done reranking query 926. Elapsed time since start: 19958.44 seconds.
Done reranking query 927. Elapsed time since start: 19980.89 seconds.
Done reranking query 928. Elapsed time since start: 20001.68 seconds.
Done reranking query 929. Elapsed time since start: 20021.70 seconds.
Done reranking query 930. Elapsed time since start: 20047.22 seconds.
Saved 930 reranked responses to DeepSeek_text-reranked-100-indices.json
Saved 930 reranked responses to DeepSeek_structured-reranked-100-indices.json
Done reranking query 931. Elapsed time since start: 20069.64 seconds.
Done reranking query 932. Elapsed time since start: 20091.49 seconds.
Done reranking query 933. Elapsed time since start: 20111.51 seconds.
Done reranking query 934. Elapsed time since start: 20133.53 seconds.
Done reranking query 935. Elapsed time since start: 20155.13 seconds.
Done reranking query 936. Elapsed time since start: 20178.12 seconds.
Done reranking query 937. Elapsed time since start: 20199.90 seconds.
Done reranking query 938. Elapsed time since start: 20220.60 seconds.
Done reranking query 939. Elapsed time since start: 20240.18 seconds.
Done reranking query 940. Elapsed time since start: 20260.05 seconds.
Done reranking query 941. Elapsed time since start: 20283.76 seconds.
Done reranking query 942. Elapsed time since start: 20306.98 seconds.
Done reranking query 943. Elapsed time since start: 20327.78 seconds.
Done reranking query 944. Elapsed time since start: 20348.12 seconds.
Done reranking query 945. Elapsed time since start: 20370.30 seconds.
Saved 945 reranked responses to DeepSeek_text-reranked-100-indices.json
Saved 945 reranked responses to DeepSeek_structured-reranked-100-indices.json
Done reranking query 946. Elapsed time since start: 20391.51 seconds.
Done reranking query 947. Elapsed time since start: 20411.22 seconds.
Done reranking query 948. Elapsed time since start: 20431.26 seconds.
Done reranking query 949. Elapsed time since start: 20450.95 seconds.
Done reranking query 950. Elapsed time since start: 20471.74 seconds.
Done reranking query 951. Elapsed time since start: 20492.41 seconds.
Done reranking query 952. Elapsed time since start: 20513.72 seconds.
Done reranking query 953. Elapsed time since start: 20536.39 seconds.
Done reranking query 954. Elapsed time since start: 20556.06 seconds.
Done reranking query 955. Elapsed time since start: 20576.73 seconds.
Done reranking query 956. Elapsed time since start: 20595.89 seconds.
Done reranking query 957. Elapsed time since start: 20615.92 seconds.
Done reranking query 958. Elapsed time since start: 20637.87 seconds.
Done reranking query 959. Elapsed time since start: 20659.01 seconds.
Done reranking query 960. Elapsed time since start: 20679.89 seconds.
Saved 960 reranked responses to DeepSeek_text-reranked-100-indices.json
Saved 960 reranked responses to DeepSeek_structured-reranked-100-indices.json
Done reranking query 961. Elapsed time since start: 20699.80 seconds.
Done reranking query 962. Elapsed time since start: 20719.50 seconds.
Done reranking query 963. Elapsed time since start: 20739.63 seconds.
Done reranking query 964. Elapsed time since start: 20762.22 seconds.
Done reranking query 965. Elapsed time since start: 20784.27 seconds.
Done reranking query 966. Elapsed time since start: 20806.08 seconds.
Done reranking query 967. Elapsed time since start: 20829.42 seconds.
Done reranking query 968. Elapsed time since start: 20850.66 seconds.
Done reranking query 969. Elapsed time since start: 20871.86 seconds.
Done reranking query 970. Elapsed time since start: 20894.45 seconds.
Done reranking query 971. Elapsed time since start: 20914.97 seconds.
Done reranking query 972. Elapsed time since start: 20935.52 seconds.
Done reranking query 973. Elapsed time since start: 20955.61 seconds.
Done reranking query 974. Elapsed time since start: 20977.97 seconds.
Done reranking query 975. Elapsed time since start: 20997.93 seconds.
Saved 975 reranked responses to DeepSeek_text-reranked-100-indices.json
Saved 975 reranked responses to DeepSeek_structured-reranked-100-indices.json
Done reranking query 976. Elapsed time since start: 21020.76 seconds.
Done reranking query 977. Elapsed time since start: 21040.86 seconds.
Done reranking query 978. Elapsed time since start: 21063.26 seconds.
Done reranking query 979. Elapsed time since start: 21083.90 seconds.
Done reranking query 980. Elapsed time since start: 21105.78 seconds.
Done reranking query 981. Elapsed time since start: 21126.46 seconds.
Done reranking query 982. Elapsed time since start: 21146.44 seconds.
Done reranking query 983. Elapsed time since start: 21166.74 seconds.
Done reranking query 984. Elapsed time since start: 21185.94 seconds.
Done reranking query 985. Elapsed time since start: 21205.64 seconds.
Done reranking query 986. Elapsed time since start: 21228.33 seconds.
Done reranking query 987. Elapsed time since start: 21248.47 seconds.
Done reranking query 988. Elapsed time since start: 21267.86 seconds.
Done reranking query 989. Elapsed time since start: 21289.50 seconds.
Done reranking query 990. Elapsed time since start: 21313.64 seconds.
Saved 990 reranked responses to DeepSeek_text-reranked-100-indices.json
Saved 990 reranked responses to DeepSeek_structured-reranked-100-indices.json
Done reranking query 991. Elapsed time since start: 21333.87 seconds.
Done reranking query 992. Elapsed time since start: 21354.69 seconds.
Done reranking query 993. Elapsed time since start: 21375.33 seconds.
Done reranking query 994. Elapsed time since start: 21398.30 seconds.
Done reranking query 995. Elapsed time since start: 21420.79 seconds.
Done reranking query 996. Elapsed time since start: 21443.77 seconds.
Done reranking query 997. Elapsed time since start: 21466.29 seconds.
Done reranking query 998. Elapsed time since start: 21486.56 seconds.
Done reranking query 999. Elapsed time since start: 21508.43 seconds.
Done reranking query 1000. Elapsed time since start: 21528.40 seconds.
Done reranking query 1001. Elapsed time since start: 21547.36 seconds.
Error calling DeepSeek API: Error code: 400 - {'error': {'message': 'Content Exists Risk', 'type': 'invalid_request_error', 'param': None, 'code': 'invalid_request_error'}}
Done reranking query 1002. Elapsed time since start: 21550.76 seconds.
Done reranking query 1003. Elapsed time since start: 21570.20 seconds.
Done reranking query 1004. Elapsed time since start: 21590.30 seconds.
Done reranking query 1005. Elapsed time since start: 21614.92 seconds.
Saved 1005 reranked responses to DeepSeek_text-reranked-100-indices.json
Saved 1005 reranked responses to DeepSeek_structured-reranked-100-indices.json
Done reranking query 1006. Elapsed time since start: 21635.81 seconds.
Done reranking query 1007. Elapsed time since start: 21656.88 seconds.
Done reranking query 1008. Elapsed time since start: 21676.98 seconds.
Done reranking query 1009. Elapsed time since start: 21696.99 seconds.
Done reranking query 1010. Elapsed time since start: 21716.91 seconds.
Done reranking query 1011. Elapsed time since start: 21738.86 seconds.
Done reranking query 1012. Elapsed time since start: 21762.19 seconds.
Done reranking query 1013. Elapsed time since start: 21783.99 seconds.
Done reranking query 1014. Elapsed time since start: 21804.21 seconds.
Done reranking query 1015. Elapsed time since start: 21824.96 seconds.
Done reranking query 1016. Elapsed time since start: 21845.36 seconds.
Done reranking query 1017. Elapsed time since start: 21868.06 seconds.
Done reranking query 1018. Elapsed time since start: 21890.01 seconds.
Done reranking query 1019. Elapsed time since start: 21909.38 seconds.
Done reranking query 1020. Elapsed time since start: 21929.93 seconds.
Saved 1020 reranked responses to DeepSeek_text-reranked-100-indices.json
Saved 1020 reranked responses to DeepSeek_structured-reranked-100-indices.json
Done reranking query 1021. Elapsed time since start: 21953.43 seconds.
Done reranking query 1022. Elapsed time since start: 21973.92 seconds.
Done reranking query 1023. Elapsed time since start: 21996.07 seconds.
Done reranking query 1024. Elapsed time since start: 22016.85 seconds.
Done reranking query 1025. Elapsed time since start: 22038.46 seconds.
Done reranking query 1026. Elapsed time since start: 22058.49 seconds.
Done reranking query 1027. Elapsed time since start: 22079.94 seconds.
Done reranking query 1028. Elapsed time since start: 22102.31 seconds.
Done reranking query 1029. Elapsed time since start: 22122.58 seconds.
Done reranking query 1030. Elapsed time since start: 22144.53 seconds.
Done reranking query 1031. Elapsed time since start: 22167.26 seconds.
Done reranking query 1032. Elapsed time since start: 22187.20 seconds.
Done reranking query 1033. Elapsed time since start: 22208.61 seconds.
Done reranking query 1034. Elapsed time since start: 22228.96 seconds.
Done reranking query 1035. Elapsed time since start: 22250.24 seconds.
Saved 1035 reranked responses to DeepSeek_text-reranked-100-indices.json
Saved 1035 reranked responses to DeepSeek_structured-reranked-100-indices.json
Done reranking query 1036. Elapsed time since start: 22270.66 seconds.
Done reranking query 1037. Elapsed time since start: 22291.35 seconds.
Done reranking query 1038. Elapsed time since start: 22313.03 seconds.
Done reranking query 1039. Elapsed time since start: 22332.37 seconds.
Done reranking query 1040. Elapsed time since start: 22352.29 seconds.
Done reranking query 1041. Elapsed time since start: 22371.92 seconds.
Done reranking query 1042. Elapsed time since start: 22392.61 seconds.
Done reranking query 1043. Elapsed time since start: 22414.47 seconds.
Done reranking query 1044. Elapsed time since start: 22434.72 seconds.
Done reranking query 1045. Elapsed time since start: 22456.81 seconds.
Done reranking query 1046. Elapsed time since start: 22478.00 seconds.
Done reranking query 1047. Elapsed time since start: 22498.84 seconds.
Done reranking query 1048. Elapsed time since start: 22518.26 seconds.
Done reranking query 1049. Elapsed time since start: 22537.98 seconds.
Done reranking query 1050. Elapsed time since start: 22557.75 seconds.
Saved 1050 reranked responses to DeepSeek_text-reranked-100-indices.json
Saved 1050 reranked responses to DeepSeek_structured-reranked-100-indices.json
Done reranking query 1051. Elapsed time since start: 22577.60 seconds.
Done reranking query 1052. Elapsed time since start: 22597.15 seconds.
Done reranking query 1053. Elapsed time since start: 22616.70 seconds.
Done reranking query 1054. Elapsed time since start: 22635.49 seconds.
Done reranking query 1055. Elapsed time since start: 22655.48 seconds.
Done reranking query 1056. Elapsed time since start: 22675.22 seconds.
Done reranking query 1057. Elapsed time since start: 22695.71 seconds.
Done reranking query 1058. Elapsed time since start: 22717.15 seconds.
Done reranking query 1059. Elapsed time since start: 22737.37 seconds.
Done reranking query 1060. Elapsed time since start: 22758.75 seconds.
Done reranking query 1061. Elapsed time since start: 22777.80 seconds.
Done reranking query 1062. Elapsed time since start: 22796.84 seconds.
Done reranking query 1063. Elapsed time since start: 22819.87 seconds.
Done reranking query 1064. Elapsed time since start: 22840.05 seconds.
Done reranking query 1065. Elapsed time since start: 22861.82 seconds.
Saved 1065 reranked responses to DeepSeek_text-reranked-100-indices.json
Saved 1065 reranked responses to DeepSeek_structured-reranked-100-indices.json
Done reranking query 1066. Elapsed time since start: 22882.36 seconds.
Done reranking query 1067. Elapsed time since start: 22901.74 seconds.
Done reranking query 1068. Elapsed time since start: 22921.18 seconds.
Done reranking query 1069. Elapsed time since start: 22941.69 seconds.
Done reranking query 1070. Elapsed time since start: 22964.24 seconds.
Done reranking query 1071. Elapsed time since start: 22986.09 seconds.
Done reranking query 1072. Elapsed time since start: 23005.92 seconds.
Done reranking query 1073. Elapsed time since start: 23028.24 seconds.
Done reranking query 1074. Elapsed time since start: 23048.99 seconds.
Done reranking query 1075. Elapsed time since start: 23069.61 seconds.
Done reranking query 1076. Elapsed time since start: 23091.57 seconds.
Done reranking query 1077. Elapsed time since start: 23110.80 seconds.
Done reranking query 1078. Elapsed time since start: 23131.77 seconds.
Done reranking query 1079. Elapsed time since start: 23154.52 seconds.
Done reranking query 1080. Elapsed time since start: 23174.37 seconds.
Saved 1080 reranked responses to DeepSeek_text-reranked-100-indices.json
Saved 1080 reranked responses to DeepSeek_structured-reranked-100-indices.json
Done reranking query 1081. Elapsed time since start: 23195.49 seconds.
Done reranking query 1082. Elapsed time since start: 23215.11 seconds.
Done reranking query 1083. Elapsed time since start: 23235.71 seconds.
Done reranking query 1084. Elapsed time since start: 23256.72 seconds.
Done reranking query 1085. Elapsed time since start: 23275.94 seconds.
Done reranking query 1086. Elapsed time since start: 23295.18 seconds.
Done reranking query 1087. Elapsed time since start: 23316.35 seconds.
Done reranking query 1088. Elapsed time since start: 23335.35 seconds.
Done reranking query 1089. Elapsed time since start: 23354.34 seconds.
Done reranking query 1090. Elapsed time since start: 23373.81 seconds.
Done reranking query 1091. Elapsed time since start: 23393.42 seconds.
Done reranking query 1092. Elapsed time since start: 23413.24 seconds.
Done reranking query 1093. Elapsed time since start: 23435.45 seconds.
Done reranking query 1094. Elapsed time since start: 23456.93 seconds.
Done reranking query 1095. Elapsed time since start: 23476.32 seconds.
Saved 1095 reranked responses to DeepSeek_text-reranked-100-indices.json
Saved 1095 reranked responses to DeepSeek_structured-reranked-100-indices.json
Done reranking query 1096. Elapsed time since start: 23496.45 seconds.
Done reranking query 1097. Elapsed time since start: 23516.06 seconds.
Done reranking query 1098. Elapsed time since start: 23534.94 seconds.
Done reranking query 1099. Elapsed time since start: 23556.53 seconds.
Done reranking query 1100. Elapsed time since start: 23577.36 seconds.
Done reranking query 1101. Elapsed time since start: 23598.17 seconds.
Done reranking query 1102. Elapsed time since start: 23619.54 seconds.
Done reranking query 1103. Elapsed time since start: 23639.67 seconds.
Done reranking query 1104. Elapsed time since start: 23658.81 seconds.
Done reranking query 1105. Elapsed time since start: 23679.65 seconds.
Done reranking query 1106. Elapsed time since start: 23700.75 seconds.
Done reranking query 1107. Elapsed time since start: 23722.71 seconds.
Done reranking query 1108. Elapsed time since start: 23742.88 seconds.
Done reranking query 1109. Elapsed time since start: 23763.84 seconds.
Done reranking query 1110. Elapsed time since start: 23783.65 seconds.
Saved 1110 reranked responses to DeepSeek_text-reranked-100-indices.json
Saved 1110 reranked responses to DeepSeek_structured-reranked-100-indices.json
Done reranking query 1111. Elapsed time since start: 23804.08 seconds.
Done reranking query 1112. Elapsed time since start: 23822.99 seconds.
Done reranking query 1113. Elapsed time since start: 23842.32 seconds.
Done reranking query 1114. Elapsed time since start: 23861.57 seconds.
Done reranking query 1115. Elapsed time since start: 23880.69 seconds.
Done reranking query 1116. Elapsed time since start: 23901.30 seconds.
Done reranking query 1117. Elapsed time since start: 23921.69 seconds.
Done reranking query 1118. Elapsed time since start: 23942.56 seconds.
Done reranking query 1119. Elapsed time since start: 23963.35 seconds.
Done reranking query 1120. Elapsed time since start: 23982.02 seconds.
Done reranking query 1121. Elapsed time since start: 24000.89 seconds.
Done reranking query 1122. Elapsed time since start: 24022.87 seconds.
Done reranking query 1123. Elapsed time since start: 24043.77 seconds.
Done reranking query 1124. Elapsed time since start: 24065.12 seconds.
Done reranking query 1125. Elapsed time since start: 24084.39 seconds.
Saved 1125 reranked responses to DeepSeek_text-reranked-100-indices.json
Saved 1125 reranked responses to DeepSeek_structured-reranked-100-indices.json
Done reranking query 1126. Elapsed time since start: 24104.04 seconds.
Done reranking query 1127. Elapsed time since start: 24126.32 seconds.
Done reranking query 1128. Elapsed time since start: 24145.63 seconds.
Done reranking query 1129. Elapsed time since start: 24164.44 seconds.
Done reranking query 1130. Elapsed time since start: 24185.71 seconds.
Done reranking query 1131. Elapsed time since start: 24205.04 seconds.
Done reranking query 1132. Elapsed time since start: 24224.15 seconds.
Done reranking query 1133. Elapsed time since start: 24243.87 seconds.
Done reranking query 1134. Elapsed time since start: 24265.62 seconds.
Done reranking query 1135. Elapsed time since start: 24286.03 seconds.
Done reranking query 1136. Elapsed time since start: 24305.25 seconds.
Done reranking query 1137. Elapsed time since start: 24327.01 seconds.
Done reranking query 1138. Elapsed time since start: 24347.18 seconds.
Done reranking query 1139. Elapsed time since start: 24366.29 seconds.
Done reranking query 1140. Elapsed time since start: 24387.38 seconds.
Saved 1140 reranked responses to DeepSeek_text-reranked-100-indices.json
Saved 1140 reranked responses to DeepSeek_structured-reranked-100-indices.json
Done reranking query 1141. Elapsed time since start: 24408.50 seconds.
Done reranking query 1142. Elapsed time since start: 24428.01 seconds.
Done reranking query 1143. Elapsed time since start: 24446.87 seconds.
Done reranking query 1144. Elapsed time since start: 24467.40 seconds.
Done reranking query 1145. Elapsed time since start: 24487.82 seconds.
Done reranking query 1146. Elapsed time since start: 24507.03 seconds.
Done reranking query 1147. Elapsed time since start: 24527.15 seconds.
Done reranking query 1148. Elapsed time since start: 24547.80 seconds.
Done reranking query 1149. Elapsed time since start: 24569.71 seconds.
Done reranking query 1150. Elapsed time since start: 24590.49 seconds.
Done reranking query 1151. Elapsed time since start: 24610.60 seconds.
Done reranking query 1152. Elapsed time since start: 24631.46 seconds.
Done reranking query 1153. Elapsed time since start: 24650.80 seconds.
Done reranking query 1154. Elapsed time since start: 24674.07 seconds.
Done reranking query 1155. Elapsed time since start: 24695.67 seconds.
Saved 1155 reranked responses to DeepSeek_text-reranked-100-indices.json
Saved 1155 reranked responses to DeepSeek_structured-reranked-100-indices.json
Done reranking query 1156. Elapsed time since start: 24715.32 seconds.
Done reranking query 1157. Elapsed time since start: 24735.87 seconds.
Done reranking query 1158. Elapsed time since start: 24755.53 seconds.
Done reranking query 1159. Elapsed time since start: 24773.94 seconds.
Done reranking query 1160. Elapsed time since start: 24797.12 seconds.
Done reranking query 1161. Elapsed time since start: 24816.78 seconds.
Done reranking query 1162. Elapsed time since start: 24837.49 seconds.
Done reranking query 1163. Elapsed time since start: 24856.86 seconds.
Done reranking query 1164. Elapsed time since start: 24875.52 seconds.
Done reranking query 1165. Elapsed time since start: 24897.46 seconds.
Done reranking query 1166. Elapsed time since start: 24918.77 seconds.
Done reranking query 1167. Elapsed time since start: 24937.86 seconds.
Done reranking query 1168. Elapsed time since start: 24956.38 seconds.
Done reranking query 1169. Elapsed time since start: 24975.55 seconds.
Done reranking query 1170. Elapsed time since start: 24994.92 seconds.
Saved 1170 reranked responses to DeepSeek_text-reranked-100-indices.json
Saved 1170 reranked responses to DeepSeek_structured-reranked-100-indices.json
Done reranking query 1171. Elapsed time since start: 25015.11 seconds.
Done reranking query 1172. Elapsed time since start: 25035.71 seconds.
Done reranking query 1173. Elapsed time since start: 25055.15 seconds.
Done reranking query 1174. Elapsed time since start: 25074.40 seconds.
Done reranking query 1175. Elapsed time since start: 25093.93 seconds.
Done reranking query 1176. Elapsed time since start: 25112.34 seconds.
Done reranking query 1177. Elapsed time since start: 25132.21 seconds.
Done reranking query 1178. Elapsed time since start: 25151.19 seconds.
Done reranking query 1179. Elapsed time since start: 25170.12 seconds.
Done reranking query 1180. Elapsed time since start: 25190.07 seconds.
Done reranking query 1181. Elapsed time since start: 25209.07 seconds.
Done reranking query 1182. Elapsed time since start: 25227.74 seconds.
Done reranking query 1183. Elapsed time since start: 25247.25 seconds.
Done reranking query 1184. Elapsed time since start: 25266.46 seconds.
Done reranking query 1185. Elapsed time since start: 25285.33 seconds.
Saved 1185 reranked responses to DeepSeek_text-reranked-100-indices.json
Saved 1185 reranked responses to DeepSeek_structured-reranked-100-indices.json
Done reranking query 1186. Elapsed time since start: 25307.22 seconds.
Done reranking query 1187. Elapsed time since start: 25329.21 seconds.
Done reranking query 1188. Elapsed time since start: 25349.25 seconds.
Done reranking query 1189. Elapsed time since start: 25370.12 seconds.
Done reranking query 1190. Elapsed time since start: 25390.27 seconds.
Done reranking query 1191. Elapsed time since start: 25411.96 seconds.
Done reranking query 1192. Elapsed time since start: 25430.63 seconds.
Done reranking query 1193. Elapsed time since start: 25450.93 seconds.
Done reranking query 1194. Elapsed time since start: 25470.08 seconds.
Done reranking query 1195. Elapsed time since start: 25489.03 seconds.
Done reranking query 1196. Elapsed time since start: 25508.26 seconds.
Done reranking query 1197. Elapsed time since start: 25529.30 seconds.
Done reranking query 1198. Elapsed time since start: 25547.96 seconds.
Done reranking query 1199. Elapsed time since start: 25569.27 seconds.
Done reranking query 1200. Elapsed time since start: 25590.09 seconds.
Saved 1200 reranked responses to DeepSeek_text-reranked-100-indices.json
Saved 1200 reranked responses to DeepSeek_structured-reranked-100-indices.json
Done reranking query 1201. Elapsed time since start: 25609.98 seconds.
Done reranking query 1202. Elapsed time since start: 25628.98 seconds.
Done reranking query 1203. Elapsed time since start: 25649.82 seconds.
Done reranking query 1204. Elapsed time since start: 25670.84 seconds.
Done reranking query 1205. Elapsed time since start: 25689.50 seconds.
Done reranking query 1206. Elapsed time since start: 25708.02 seconds.
Done reranking query 1207. Elapsed time since start: 25727.15 seconds.
Done reranking query 1208. Elapsed time since start: 25745.84 seconds.
Done reranking query 1209. Elapsed time since start: 25765.13 seconds.
Done reranking query 1210. Elapsed time since start: 25786.45 seconds.
Done reranking query 1211. Elapsed time since start: 25806.73 seconds.
Done reranking query 1212. Elapsed time since start: 25827.66 seconds.
Done reranking query 1213. Elapsed time since start: 25847.07 seconds.
Done reranking query 1214. Elapsed time since start: 25865.50 seconds.
Done reranking query 1215. Elapsed time since start: 25884.72 seconds.
Saved 1215 reranked responses to DeepSeek_text-reranked-100-indices.json
Saved 1215 reranked responses to DeepSeek_structured-reranked-100-indices.json
Done reranking query 1216. Elapsed time since start: 25905.32 seconds.
Done reranking query 1217. Elapsed time since start: 25924.86 seconds.
Done reranking query 1218. Elapsed time since start: 25945.78 seconds.
Done reranking query 1219. Elapsed time since start: 25964.84 seconds.
Done reranking query 1220. Elapsed time since start: 25985.41 seconds.
Done reranking query 1221. Elapsed time since start: 26003.87 seconds.
Done reranking query 1222. Elapsed time since start: 26024.32 seconds.
Done reranking query 1223. Elapsed time since start: 26044.29 seconds.
Done reranking query 1224. Elapsed time since start: 26065.22 seconds.
Done reranking query 1225. Elapsed time since start: 26085.97 seconds.
Done reranking query 1226. Elapsed time since start: 26104.35 seconds.
Done reranking query 1227. Elapsed time since start: 26126.48 seconds.
Done reranking query 1228. Elapsed time since start: 26146.41 seconds.
Done reranking query 1229. Elapsed time since start: 26164.73 seconds.
Done reranking query 1230. Elapsed time since start: 26184.74 seconds.
Saved 1230 reranked responses to DeepSeek_text-reranked-100-indices.json
Saved 1230 reranked responses to DeepSeek_structured-reranked-100-indices.json
Done reranking query 1231. Elapsed time since start: 26204.02 seconds.
Done reranking query 1232. Elapsed time since start: 26223.96 seconds.
Done reranking query 1233. Elapsed time since start: 26244.67 seconds.
Done reranking query 1234. Elapsed time since start: 26263.38 seconds.
Done reranking query 1235. Elapsed time since start: 26284.17 seconds.
Done reranking query 1236. Elapsed time since start: 26302.04 seconds.
Done reranking query 1237. Elapsed time since start: 26322.16 seconds.
Done reranking query 1238. Elapsed time since start: 26340.28 seconds.
Done reranking query 1239. Elapsed time since start: 26358.94 seconds.
Done reranking query 1240. Elapsed time since start: 26377.62 seconds.
Done reranking query 1241. Elapsed time since start: 26395.80 seconds.
Done reranking query 1242. Elapsed time since start: 26415.26 seconds.
Done reranking query 1243. Elapsed time since start: 26434.08 seconds.
Done reranking query 1244. Elapsed time since start: 26453.89 seconds.
Done reranking query 1245. Elapsed time since start: 26471.31 seconds.
Saved 1245 reranked responses to DeepSeek_text-reranked-100-indices.json
Saved 1245 reranked responses to DeepSeek_structured-reranked-100-indices.json
Saved all reranked responses to DeepSeek_text-reranked-100-indices.json
Saved all reranked responses to DeepSeek_structured-reranked-100-indices.json
[2025-04-09 17:24:53] Job completed. Proceeding to next job...
