[2025-04-09 03:50:07] Starting job with: target chunks=256, target overlaps=64, original chunks=1024, original overlaps=256, docs=75
Number of Retrieved Chunks: 1245
Number of Documents per Retrieved Chunks: 75
Done reranking query 1. Elapsed time since start: 14.80 seconds.
Done reranking query 2. Elapsed time since start: 33.91 seconds.
Done reranking query 3. Elapsed time since start: 49.50 seconds.
Done reranking query 4. Elapsed time since start: 67.42 seconds.
Done reranking query 5. Elapsed time since start: 84.24 seconds.
Done reranking query 6. Elapsed time since start: 100.75 seconds.
Done reranking query 7. Elapsed time since start: 118.59 seconds.
Done reranking query 8. Elapsed time since start: 135.66 seconds.
Done reranking query 9. Elapsed time since start: 156.60 seconds.
Done reranking query 10. Elapsed time since start: 173.17 seconds.
Done reranking query 11. Elapsed time since start: 189.65 seconds.
Done reranking query 12. Elapsed time since start: 205.92 seconds.
Done reranking query 13. Elapsed time since start: 227.28 seconds.
Done reranking query 14. Elapsed time since start: 247.09 seconds.
Done reranking query 15. Elapsed time since start: 264.88 seconds.
Saved 15 reranked responses to DeepSeek_text-reranked-75-indices.json
Saved 15 reranked responses to DeepSeek_structured-reranked-75-indices.json
Done reranking query 16. Elapsed time since start: 283.56 seconds.
Done reranking query 17. Elapsed time since start: 304.88 seconds.
Done reranking query 18. Elapsed time since start: 322.44 seconds.
Done reranking query 19. Elapsed time since start: 340.02 seconds.
Done reranking query 20. Elapsed time since start: 359.52 seconds.
Done reranking query 21. Elapsed time since start: 379.52 seconds.
Done reranking query 22. Elapsed time since start: 403.71 seconds.
Done reranking query 23. Elapsed time since start: 422.47 seconds.
Done reranking query 24. Elapsed time since start: 447.59 seconds.
Done reranking query 25. Elapsed time since start: 466.67 seconds.
Done reranking query 26. Elapsed time since start: 483.67 seconds.
Done reranking query 27. Elapsed time since start: 502.26 seconds.
Done reranking query 28. Elapsed time since start: 522.21 seconds.
Done reranking query 29. Elapsed time since start: 541.62 seconds.
Done reranking query 30. Elapsed time since start: 559.51 seconds.
Saved 30 reranked responses to DeepSeek_text-reranked-75-indices.json
Saved 30 reranked responses to DeepSeek_structured-reranked-75-indices.json
Done reranking query 31. Elapsed time since start: 578.97 seconds.
Done reranking query 32. Elapsed time since start: 595.98 seconds.
Done reranking query 33. Elapsed time since start: 614.85 seconds.
Done reranking query 34. Elapsed time since start: 632.55 seconds.
Done reranking query 35. Elapsed time since start: 649.86 seconds.
Done reranking query 36. Elapsed time since start: 667.56 seconds.
Done reranking query 37. Elapsed time since start: 685.99 seconds.
Done reranking query 38. Elapsed time since start: 720.41 seconds.
Done reranking query 39. Elapsed time since start: 739.05 seconds.
Done reranking query 40. Elapsed time since start: 757.31 seconds.
Done reranking query 41. Elapsed time since start: 775.38 seconds.
Done reranking query 42. Elapsed time since start: 807.64 seconds.
Done reranking query 43. Elapsed time since start: 825.73 seconds.
Done reranking query 44. Elapsed time since start: 844.15 seconds.
Done reranking query 45. Elapsed time since start: 861.39 seconds.
Saved 45 reranked responses to DeepSeek_text-reranked-75-indices.json
Saved 45 reranked responses to DeepSeek_structured-reranked-75-indices.json
Done reranking query 46. Elapsed time since start: 878.67 seconds.
Done reranking query 47. Elapsed time since start: 898.63 seconds.
Done reranking query 48. Elapsed time since start: 917.00 seconds.
Done reranking query 49. Elapsed time since start: 934.82 seconds.
Done reranking query 50. Elapsed time since start: 953.52 seconds.
Done reranking query 51. Elapsed time since start: 970.95 seconds.
Done reranking query 52. Elapsed time since start: 987.60 seconds.
Done reranking query 53. Elapsed time since start: 1004.80 seconds.
Done reranking query 54. Elapsed time since start: 1024.09 seconds.
Done reranking query 55. Elapsed time since start: 1041.41 seconds.
Done reranking query 56. Elapsed time since start: 1059.82 seconds.
Done reranking query 57. Elapsed time since start: 1077.35 seconds.
Done reranking query 58. Elapsed time since start: 1096.63 seconds.
Done reranking query 59. Elapsed time since start: 1113.57 seconds.
Done reranking query 60. Elapsed time since start: 1130.68 seconds.
Saved 60 reranked responses to DeepSeek_text-reranked-75-indices.json
Saved 60 reranked responses to DeepSeek_structured-reranked-75-indices.json
Done reranking query 61. Elapsed time since start: 1150.46 seconds.
Done reranking query 62. Elapsed time since start: 1168.46 seconds.
Done reranking query 63. Elapsed time since start: 1191.00 seconds.
Done reranking query 64. Elapsed time since start: 1214.37 seconds.
Done reranking query 65. Elapsed time since start: 1233.62 seconds.
Done reranking query 66. Elapsed time since start: 1252.67 seconds.
Done reranking query 67. Elapsed time since start: 1269.47 seconds.
Done reranking query 68. Elapsed time since start: 1288.56 seconds.
Done reranking query 69. Elapsed time since start: 1305.82 seconds.
Done reranking query 70. Elapsed time since start: 1324.68 seconds.
Done reranking query 71. Elapsed time since start: 1350.46 seconds.
Done reranking query 72. Elapsed time since start: 1368.99 seconds.
Done reranking query 73. Elapsed time since start: 1385.44 seconds.
Done reranking query 74. Elapsed time since start: 1403.51 seconds.
Done reranking query 75. Elapsed time since start: 1420.62 seconds.
Saved 75 reranked responses to DeepSeek_text-reranked-75-indices.json
Saved 75 reranked responses to DeepSeek_structured-reranked-75-indices.json
Done reranking query 76. Elapsed time since start: 1437.04 seconds.
Done reranking query 77. Elapsed time since start: 1456.38 seconds.
Done reranking query 78. Elapsed time since start: 1474.98 seconds.
Done reranking query 79. Elapsed time since start: 1491.16 seconds.
Done reranking query 80. Elapsed time since start: 1507.93 seconds.
Done reranking query 81. Elapsed time since start: 1524.14 seconds.
Done reranking query 82. Elapsed time since start: 1540.20 seconds.
Done reranking query 83. Elapsed time since start: 1555.73 seconds.
Done reranking query 84. Elapsed time since start: 1572.60 seconds.
Done reranking query 85. Elapsed time since start: 1587.78 seconds.
Done reranking query 86. Elapsed time since start: 1603.39 seconds.
Done reranking query 87. Elapsed time since start: 1619.24 seconds.
Done reranking query 88. Elapsed time since start: 1634.30 seconds.
Done reranking query 89. Elapsed time since start: 1649.55 seconds.
Done reranking query 90. Elapsed time since start: 1665.15 seconds.
Saved 90 reranked responses to DeepSeek_text-reranked-75-indices.json
Saved 90 reranked responses to DeepSeek_structured-reranked-75-indices.json
Done reranking query 91. Elapsed time since start: 1687.79 seconds.
Done reranking query 92. Elapsed time since start: 1703.43 seconds.
Done reranking query 93. Elapsed time since start: 1718.92 seconds.
Done reranking query 94. Elapsed time since start: 1734.50 seconds.
Done reranking query 95. Elapsed time since start: 1749.66 seconds.
Done reranking query 96. Elapsed time since start: 1764.83 seconds.
Done reranking query 97. Elapsed time since start: 1780.69 seconds.
Done reranking query 98. Elapsed time since start: 1796.65 seconds.
Done reranking query 99. Elapsed time since start: 1814.52 seconds.
Done reranking query 100. Elapsed time since start: 1829.82 seconds.
Done reranking query 101. Elapsed time since start: 1845.18 seconds.
Done reranking query 102. Elapsed time since start: 1861.55 seconds.
Done reranking query 103. Elapsed time since start: 1877.06 seconds.
Done reranking query 104. Elapsed time since start: 1892.47 seconds.
Done reranking query 105. Elapsed time since start: 1907.61 seconds.
Saved 105 reranked responses to DeepSeek_text-reranked-75-indices.json
Saved 105 reranked responses to DeepSeek_structured-reranked-75-indices.json
Done reranking query 106. Elapsed time since start: 1923.17 seconds.
Done reranking query 107. Elapsed time since start: 1938.27 seconds.
Done reranking query 108. Elapsed time since start: 1953.13 seconds.
Done reranking query 109. Elapsed time since start: 1969.32 seconds.
Done reranking query 110. Elapsed time since start: 1984.82 seconds.
Done reranking query 111. Elapsed time since start: 2000.35 seconds.
Done reranking query 112. Elapsed time since start: 2015.83 seconds.
Done reranking query 113. Elapsed time since start: 2031.15 seconds.
Done reranking query 114. Elapsed time since start: 2046.37 seconds.
Done reranking query 115. Elapsed time since start: 2063.75 seconds.
Done reranking query 116. Elapsed time since start: 2079.46 seconds.
Done reranking query 117. Elapsed time since start: 2095.58 seconds.
Done reranking query 118. Elapsed time since start: 2112.06 seconds.
Done reranking query 119. Elapsed time since start: 2128.21 seconds.
Done reranking query 120. Elapsed time since start: 2144.70 seconds.
Saved 120 reranked responses to DeepSeek_text-reranked-75-indices.json
Saved 120 reranked responses to DeepSeek_structured-reranked-75-indices.json
Done reranking query 121. Elapsed time since start: 2161.47 seconds.
Done reranking query 122. Elapsed time since start: 2177.69 seconds.
Done reranking query 123. Elapsed time since start: 2194.31 seconds.
Done reranking query 124. Elapsed time since start: 2210.29 seconds.
Done reranking query 125. Elapsed time since start: 2226.92 seconds.
Done reranking query 126. Elapsed time since start: 2242.55 seconds.
Done reranking query 127. Elapsed time since start: 2262.40 seconds.
Done reranking query 128. Elapsed time since start: 2279.22 seconds.
Done reranking query 129. Elapsed time since start: 2295.19 seconds.
Done reranking query 130. Elapsed time since start: 2310.75 seconds.
Done reranking query 131. Elapsed time since start: 2327.41 seconds.
Done reranking query 132. Elapsed time since start: 2342.94 seconds.
Done reranking query 133. Elapsed time since start: 2358.60 seconds.
Done reranking query 134. Elapsed time since start: 2375.97 seconds.
Done reranking query 135. Elapsed time since start: 2394.43 seconds.
Saved 135 reranked responses to DeepSeek_text-reranked-75-indices.json
Saved 135 reranked responses to DeepSeek_structured-reranked-75-indices.json
Done reranking query 136. Elapsed time since start: 2410.90 seconds.
Done reranking query 137. Elapsed time since start: 2429.18 seconds.
Done reranking query 138. Elapsed time since start: 2445.77 seconds.
Done reranking query 139. Elapsed time since start: 2462.74 seconds.
Done reranking query 140. Elapsed time since start: 2482.24 seconds.
Done reranking query 141. Elapsed time since start: 2501.90 seconds.
Done reranking query 142. Elapsed time since start: 2519.79 seconds.
Done reranking query 143. Elapsed time since start: 2535.83 seconds.
Done reranking query 144. Elapsed time since start: 2551.61 seconds.
Done reranking query 145. Elapsed time since start: 2569.19 seconds.
Done reranking query 146. Elapsed time since start: 2586.01 seconds.
Done reranking query 147. Elapsed time since start: 2602.51 seconds.
Done reranking query 148. Elapsed time since start: 2620.77 seconds.
Done reranking query 149. Elapsed time since start: 2637.88 seconds.
Done reranking query 150. Elapsed time since start: 2653.94 seconds.
Saved 150 reranked responses to DeepSeek_text-reranked-75-indices.json
Saved 150 reranked responses to DeepSeek_structured-reranked-75-indices.json
Done reranking query 151. Elapsed time since start: 2669.90 seconds.
Done reranking query 152. Elapsed time since start: 2685.59 seconds.
Done reranking query 153. Elapsed time since start: 2703.25 seconds.
Done reranking query 154. Elapsed time since start: 2722.93 seconds.
Done reranking query 155. Elapsed time since start: 2738.71 seconds.
Done reranking query 156. Elapsed time since start: 2756.34 seconds.
Done reranking query 157. Elapsed time since start: 2772.06 seconds.
Done reranking query 158. Elapsed time since start: 2790.89 seconds.
Done reranking query 159. Elapsed time since start: 2806.10 seconds.
Done reranking query 160. Elapsed time since start: 2821.66 seconds.
Done reranking query 161. Elapsed time since start: 2836.97 seconds.
Done reranking query 162. Elapsed time since start: 2853.32 seconds.
Done reranking query 163. Elapsed time since start: 2868.99 seconds.
Done reranking query 164. Elapsed time since start: 2885.97 seconds.
Done reranking query 165. Elapsed time since start: 2904.13 seconds.
Saved 165 reranked responses to DeepSeek_text-reranked-75-indices.json
Saved 165 reranked responses to DeepSeek_structured-reranked-75-indices.json
Done reranking query 166. Elapsed time since start: 2920.30 seconds.
Done reranking query 167. Elapsed time since start: 2936.48 seconds.
Done reranking query 168. Elapsed time since start: 2952.14 seconds.
Done reranking query 169. Elapsed time since start: 2967.77 seconds.
Done reranking query 170. Elapsed time since start: 2982.83 seconds.
Done reranking query 171. Elapsed time since start: 3000.29 seconds.
Done reranking query 172. Elapsed time since start: 3017.06 seconds.
Done reranking query 173. Elapsed time since start: 3032.52 seconds.
Done reranking query 174. Elapsed time since start: 3051.37 seconds.
Done reranking query 175. Elapsed time since start: 3069.35 seconds.
Done reranking query 176. Elapsed time since start: 3085.17 seconds.
Done reranking query 177. Elapsed time since start: 3102.94 seconds.
Done reranking query 178. Elapsed time since start: 3121.34 seconds.
Done reranking query 179. Elapsed time since start: 3137.25 seconds.
Done reranking query 180. Elapsed time since start: 3153.12 seconds.
Saved 180 reranked responses to DeepSeek_text-reranked-75-indices.json
Saved 180 reranked responses to DeepSeek_structured-reranked-75-indices.json
Done reranking query 181. Elapsed time since start: 3169.50 seconds.
Done reranking query 182. Elapsed time since start: 3187.28 seconds.
Done reranking query 183. Elapsed time since start: 3203.02 seconds.
Done reranking query 184. Elapsed time since start: 3218.82 seconds.
Done reranking query 185. Elapsed time since start: 3235.03 seconds.
Done reranking query 186. Elapsed time since start: 3254.89 seconds.
Done reranking query 187. Elapsed time since start: 3271.89 seconds.
Done reranking query 188. Elapsed time since start: 3288.09 seconds.
Done reranking query 189. Elapsed time since start: 3307.19 seconds.
Done reranking query 190. Elapsed time since start: 3323.36 seconds.
Done reranking query 191. Elapsed time since start: 3343.33 seconds.
Done reranking query 192. Elapsed time since start: 3361.49 seconds.
Done reranking query 193. Elapsed time since start: 3377.46 seconds.
Done reranking query 194. Elapsed time since start: 3395.73 seconds.
Done reranking query 195. Elapsed time since start: 3411.84 seconds.
Saved 195 reranked responses to DeepSeek_text-reranked-75-indices.json
Saved 195 reranked responses to DeepSeek_structured-reranked-75-indices.json
Done reranking query 196. Elapsed time since start: 3427.69 seconds.
Done reranking query 197. Elapsed time since start: 3446.81 seconds.
Done reranking query 198. Elapsed time since start: 3463.68 seconds.
Done reranking query 199. Elapsed time since start: 3479.69 seconds.
Done reranking query 200. Elapsed time since start: 3496.97 seconds.
Done reranking query 201. Elapsed time since start: 3516.83 seconds.
Done reranking query 202. Elapsed time since start: 3532.79 seconds.
Done reranking query 203. Elapsed time since start: 3548.71 seconds.
Done reranking query 204. Elapsed time since start: 3568.31 seconds.
Done reranking query 205. Elapsed time since start: 3585.88 seconds.
Done reranking query 206. Elapsed time since start: 3603.85 seconds.
Done reranking query 207. Elapsed time since start: 3619.78 seconds.
Done reranking query 208. Elapsed time since start: 3638.58 seconds.
Done reranking query 209. Elapsed time since start: 3654.67 seconds.
Done reranking query 210. Elapsed time since start: 3671.17 seconds.
Saved 210 reranked responses to DeepSeek_text-reranked-75-indices.json
Saved 210 reranked responses to DeepSeek_structured-reranked-75-indices.json
Done reranking query 211. Elapsed time since start: 3687.79 seconds.
Done reranking query 212. Elapsed time since start: 3704.00 seconds.
Done reranking query 213. Elapsed time since start: 3722.51 seconds.
Done reranking query 214. Elapsed time since start: 3741.18 seconds.
Done reranking query 215. Elapsed time since start: 3758.43 seconds.
Done reranking query 216. Elapsed time since start: 3779.22 seconds.
Done reranking query 217. Elapsed time since start: 3796.69 seconds.
Done reranking query 218. Elapsed time since start: 3812.92 seconds.
Done reranking query 219. Elapsed time since start: 3831.12 seconds.
Done reranking query 220. Elapsed time since start: 3848.22 seconds.
Done reranking query 221. Elapsed time since start: 3865.06 seconds.
Done reranking query 222. Elapsed time since start: 3882.50 seconds.
Done reranking query 223. Elapsed time since start: 3899.23 seconds.
Done reranking query 224. Elapsed time since start: 3918.68 seconds.
Done reranking query 225. Elapsed time since start: 3937.22 seconds.
Saved 225 reranked responses to DeepSeek_text-reranked-75-indices.json
Saved 225 reranked responses to DeepSeek_structured-reranked-75-indices.json
Done reranking query 226. Elapsed time since start: 3953.50 seconds.
Done reranking query 227. Elapsed time since start: 3972.60 seconds.
Done reranking query 228. Elapsed time since start: 3988.75 seconds.
Done reranking query 229. Elapsed time since start: 4005.61 seconds.
Done reranking query 230. Elapsed time since start: 4021.03 seconds.
Done reranking query 231. Elapsed time since start: 4037.25 seconds.
Done reranking query 232. Elapsed time since start: 4056.03 seconds.
Done reranking query 233. Elapsed time since start: 4072.00 seconds.
Done reranking query 234. Elapsed time since start: 4089.40 seconds.
Done reranking query 235. Elapsed time since start: 4105.77 seconds.
Done reranking query 236. Elapsed time since start: 4121.99 seconds.
Done reranking query 237. Elapsed time since start: 4138.80 seconds.
Done reranking query 238. Elapsed time since start: 4156.48 seconds.
Done reranking query 239. Elapsed time since start: 4172.49 seconds.
Done reranking query 240. Elapsed time since start: 4189.74 seconds.
Saved 240 reranked responses to DeepSeek_text-reranked-75-indices.json
Saved 240 reranked responses to DeepSeek_structured-reranked-75-indices.json
Done reranking query 241. Elapsed time since start: 4207.52 seconds.
Done reranking query 242. Elapsed time since start: 4223.54 seconds.
Done reranking query 243. Elapsed time since start: 4240.58 seconds.
Done reranking query 244. Elapsed time since start: 4256.63 seconds.
Done reranking query 245. Elapsed time since start: 4273.77 seconds.
Done reranking query 246. Elapsed time since start: 4290.06 seconds.
Done reranking query 247. Elapsed time since start: 4306.05 seconds.
Done reranking query 248. Elapsed time since start: 4323.01 seconds.
Done reranking query 249. Elapsed time since start: 4339.11 seconds.
Done reranking query 250. Elapsed time since start: 4355.49 seconds.
Done reranking query 251. Elapsed time since start: 4373.15 seconds.
Done reranking query 252. Elapsed time since start: 4390.41 seconds.
Done reranking query 253. Elapsed time since start: 4413.28 seconds.
Done reranking query 254. Elapsed time since start: 4430.57 seconds.
Done reranking query 255. Elapsed time since start: 4447.87 seconds.
Saved 255 reranked responses to DeepSeek_text-reranked-75-indices.json
Saved 255 reranked responses to DeepSeek_structured-reranked-75-indices.json
Done reranking query 256. Elapsed time since start: 4466.31 seconds.
Done reranking query 257. Elapsed time since start: 4485.17 seconds.
Done reranking query 258. Elapsed time since start: 4505.60 seconds.
Done reranking query 259. Elapsed time since start: 4523.82 seconds.
Done reranking query 260. Elapsed time since start: 4546.31 seconds.
Done reranking query 261. Elapsed time since start: 4570.33 seconds.
Done reranking query 262. Elapsed time since start: 4589.71 seconds.
Done reranking query 263. Elapsed time since start: 4611.88 seconds.
Done reranking query 264. Elapsed time since start: 4630.03 seconds.
Done reranking query 265. Elapsed time since start: 4647.13 seconds.
Done reranking query 266. Elapsed time since start: 4664.90 seconds.
Done reranking query 267. Elapsed time since start: 4682.04 seconds.
Done reranking query 268. Elapsed time since start: 4701.07 seconds.
Done reranking query 269. Elapsed time since start: 4720.49 seconds.
Done reranking query 270. Elapsed time since start: 4739.81 seconds.
Saved 270 reranked responses to DeepSeek_text-reranked-75-indices.json
Saved 270 reranked responses to DeepSeek_structured-reranked-75-indices.json
Done reranking query 271. Elapsed time since start: 4758.20 seconds.
Done reranking query 272. Elapsed time since start: 4784.31 seconds.
Done reranking query 273. Elapsed time since start: 4803.44 seconds.
Done reranking query 274. Elapsed time since start: 4821.95 seconds.
Done reranking query 275. Elapsed time since start: 4839.72 seconds.
Done reranking query 276. Elapsed time since start: 4860.07 seconds.
Done reranking query 277. Elapsed time since start: 4882.08 seconds.
Done reranking query 278. Elapsed time since start: 4920.59 seconds.
Done reranking query 279. Elapsed time since start: 4937.27 seconds.
Done reranking query 280. Elapsed time since start: 4963.50 seconds.
Done reranking query 281. Elapsed time since start: 4980.00 seconds.
Done reranking query 282. Elapsed time since start: 4998.57 seconds.
Done reranking query 283. Elapsed time since start: 5015.23 seconds.
Done reranking query 284. Elapsed time since start: 5032.48 seconds.
Done reranking query 285. Elapsed time since start: 5048.70 seconds.
Saved 285 reranked responses to DeepSeek_text-reranked-75-indices.json
Saved 285 reranked responses to DeepSeek_structured-reranked-75-indices.json
Done reranking query 286. Elapsed time since start: 5065.85 seconds.
Done reranking query 287. Elapsed time since start: 5082.65 seconds.
Done reranking query 288. Elapsed time since start: 5099.27 seconds.
Done reranking query 289. Elapsed time since start: 5116.02 seconds.
Done reranking query 290. Elapsed time since start: 5132.33 seconds.
Done reranking query 291. Elapsed time since start: 5151.13 seconds.
Done reranking query 292. Elapsed time since start: 5169.98 seconds.
Done reranking query 293. Elapsed time since start: 5186.64 seconds.
Done reranking query 294. Elapsed time since start: 5202.66 seconds.
Done reranking query 295. Elapsed time since start: 5219.33 seconds.
Done reranking query 296. Elapsed time since start: 5236.06 seconds.
Done reranking query 297. Elapsed time since start: 5252.51 seconds.
Done reranking query 298. Elapsed time since start: 5269.65 seconds.
Done reranking query 299. Elapsed time since start: 5287.32 seconds.
Done reranking query 300. Elapsed time since start: 5303.77 seconds.
Saved 300 reranked responses to DeepSeek_text-reranked-75-indices.json
Saved 300 reranked responses to DeepSeek_structured-reranked-75-indices.json
Done reranking query 301. Elapsed time since start: 5320.36 seconds.
Done reranking query 302. Elapsed time since start: 5339.84 seconds.
Done reranking query 303. Elapsed time since start: 5358.65 seconds.
Done reranking query 304. Elapsed time since start: 5375.89 seconds.
Done reranking query 305. Elapsed time since start: 5392.87 seconds.
Done reranking query 306. Elapsed time since start: 5410.53 seconds.
Done reranking query 307. Elapsed time since start: 5426.53 seconds.
Done reranking query 308. Elapsed time since start: 5443.02 seconds.
Done reranking query 309. Elapsed time since start: 5459.15 seconds.
Done reranking query 310. Elapsed time since start: 5475.39 seconds.
Done reranking query 311. Elapsed time since start: 5491.93 seconds.
Done reranking query 312. Elapsed time since start: 5507.85 seconds.
Done reranking query 313. Elapsed time since start: 5524.85 seconds.
Done reranking query 314. Elapsed time since start: 5544.49 seconds.
Done reranking query 315. Elapsed time since start: 5563.46 seconds.
Saved 315 reranked responses to DeepSeek_text-reranked-75-indices.json
Saved 315 reranked responses to DeepSeek_structured-reranked-75-indices.json
Done reranking query 316. Elapsed time since start: 5580.65 seconds.
Done reranking query 317. Elapsed time since start: 5597.23 seconds.
Done reranking query 318. Elapsed time since start: 5615.60 seconds.
Done reranking query 319. Elapsed time since start: 5633.06 seconds.
Done reranking query 320. Elapsed time since start: 5649.09 seconds.
Done reranking query 321. Elapsed time since start: 5667.67 seconds.
Done reranking query 322. Elapsed time since start: 5686.11 seconds.
Done reranking query 323. Elapsed time since start: 5703.14 seconds.
Done reranking query 324. Elapsed time since start: 5719.54 seconds.
Done reranking query 325. Elapsed time since start: 5735.77 seconds.
Done reranking query 326. Elapsed time since start: 5753.11 seconds.
Done reranking query 327. Elapsed time since start: 5769.54 seconds.
Done reranking query 328. Elapsed time since start: 5788.93 seconds.
Done reranking query 329. Elapsed time since start: 5805.43 seconds.
Done reranking query 330. Elapsed time since start: 5823.44 seconds.
Saved 330 reranked responses to DeepSeek_text-reranked-75-indices.json
Saved 330 reranked responses to DeepSeek_structured-reranked-75-indices.json
Done reranking query 331. Elapsed time since start: 5842.10 seconds.
Done reranking query 332. Elapsed time since start: 5858.89 seconds.
Done reranking query 333. Elapsed time since start: 5877.58 seconds.
Done reranking query 334. Elapsed time since start: 5894.48 seconds.
Done reranking query 335. Elapsed time since start: 5911.37 seconds.
Done reranking query 336. Elapsed time since start: 5927.06 seconds.
Done reranking query 337. Elapsed time since start: 5943.31 seconds.
Done reranking query 338. Elapsed time since start: 5959.15 seconds.
Done reranking query 339. Elapsed time since start: 5977.54 seconds.
Done reranking query 340. Elapsed time since start: 5994.89 seconds.
Done reranking query 341. Elapsed time since start: 6011.32 seconds.
Done reranking query 342. Elapsed time since start: 6027.88 seconds.
Done reranking query 343. Elapsed time since start: 6044.42 seconds.
Done reranking query 344. Elapsed time since start: 6060.64 seconds.
Done reranking query 345. Elapsed time since start: 6077.95 seconds.
Saved 345 reranked responses to DeepSeek_text-reranked-75-indices.json
Saved 345 reranked responses to DeepSeek_structured-reranked-75-indices.json
Done reranking query 346. Elapsed time since start: 6096.41 seconds.
Done reranking query 347. Elapsed time since start: 6112.46 seconds.
Done reranking query 348. Elapsed time since start: 6131.17 seconds.
Done reranking query 349. Elapsed time since start: 6148.82 seconds.
Done reranking query 350. Elapsed time since start: 6168.73 seconds.
Done reranking query 351. Elapsed time since start: 6184.52 seconds.
Done reranking query 352. Elapsed time since start: 6202.20 seconds.
Done reranking query 353. Elapsed time since start: 6219.18 seconds.
Done reranking query 354. Elapsed time since start: 6239.51 seconds.
Done reranking query 355. Elapsed time since start: 6259.64 seconds.
Done reranking query 356. Elapsed time since start: 6275.88 seconds.
Done reranking query 357. Elapsed time since start: 6292.62 seconds.
Done reranking query 358. Elapsed time since start: 6309.29 seconds.
Done reranking query 359. Elapsed time since start: 6325.56 seconds.
Done reranking query 360. Elapsed time since start: 6342.27 seconds.
Saved 360 reranked responses to DeepSeek_text-reranked-75-indices.json
Saved 360 reranked responses to DeepSeek_structured-reranked-75-indices.json
Done reranking query 361. Elapsed time since start: 6359.25 seconds.
Done reranking query 362. Elapsed time since start: 6375.53 seconds.
Done reranking query 363. Elapsed time since start: 6391.60 seconds.
Done reranking query 364. Elapsed time since start: 6408.31 seconds.
Done reranking query 365. Elapsed time since start: 6426.33 seconds.
Done reranking query 366. Elapsed time since start: 6443.42 seconds.
Done reranking query 367. Elapsed time since start: 6460.63 seconds.
Done reranking query 368. Elapsed time since start: 6478.45 seconds.
Done reranking query 369. Elapsed time since start: 6497.90 seconds.
Done reranking query 370. Elapsed time since start: 6514.37 seconds.
Done reranking query 371. Elapsed time since start: 6531.26 seconds.
Done reranking query 372. Elapsed time since start: 6549.86 seconds.
Done reranking query 373. Elapsed time since start: 6569.65 seconds.
Done reranking query 374. Elapsed time since start: 6587.84 seconds.
Done reranking query 375. Elapsed time since start: 6607.56 seconds.
Saved 375 reranked responses to DeepSeek_text-reranked-75-indices.json
Saved 375 reranked responses to DeepSeek_structured-reranked-75-indices.json
Done reranking query 376. Elapsed time since start: 6624.57 seconds.
Done reranking query 377. Elapsed time since start: 6644.07 seconds.
Error calling DeepSeek API: Error code: 400 - {'error': {'message': 'Content Exists Risk', 'type': 'invalid_request_error', 'param': None, 'code': 'invalid_request_error'}}
Done reranking query 378. Elapsed time since start: 6647.43 seconds.
Done reranking query 379. Elapsed time since start: 6663.76 seconds.
Done reranking query 380. Elapsed time since start: 6685.09 seconds.
Done reranking query 381. Elapsed time since start: 6702.79 seconds.
Done reranking query 382. Elapsed time since start: 6720.42 seconds.
Done reranking query 383. Elapsed time since start: 6739.01 seconds.
Done reranking query 384. Elapsed time since start: 6756.33 seconds.
Done reranking query 385. Elapsed time since start: 6772.42 seconds.
Done reranking query 386. Elapsed time since start: 6789.33 seconds.
Done reranking query 387. Elapsed time since start: 6805.90 seconds.
Done reranking query 388. Elapsed time since start: 6832.60 seconds.
Done reranking query 389. Elapsed time since start: 6851.59 seconds.
Done reranking query 390. Elapsed time since start: 6867.05 seconds.
Saved 390 reranked responses to DeepSeek_text-reranked-75-indices.json
Saved 390 reranked responses to DeepSeek_structured-reranked-75-indices.json
Done reranking query 391. Elapsed time since start: 6884.27 seconds.
Done reranking query 392. Elapsed time since start: 6900.98 seconds.
Done reranking query 393. Elapsed time since start: 6918.57 seconds.
Done reranking query 394. Elapsed time since start: 6934.32 seconds.
Done reranking query 395. Elapsed time since start: 6950.10 seconds.
Done reranking query 396. Elapsed time since start: 6966.97 seconds.
Done reranking query 397. Elapsed time since start: 6987.39 seconds.
Done reranking query 398. Elapsed time since start: 7004.06 seconds.
Done reranking query 399. Elapsed time since start: 7022.78 seconds.
Done reranking query 400. Elapsed time since start: 7038.89 seconds.
Done reranking query 401. Elapsed time since start: 7056.85 seconds.
Done reranking query 402. Elapsed time since start: 7073.49 seconds.
Done reranking query 403. Elapsed time since start: 7091.06 seconds.
Done reranking query 404. Elapsed time since start: 7108.55 seconds.
Done reranking query 405. Elapsed time since start: 7124.91 seconds.
Saved 405 reranked responses to DeepSeek_text-reranked-75-indices.json
Saved 405 reranked responses to DeepSeek_structured-reranked-75-indices.json
Done reranking query 406. Elapsed time since start: 7143.27 seconds.
Done reranking query 407. Elapsed time since start: 7169.05 seconds.
Done reranking query 408. Elapsed time since start: 7185.86 seconds.
Done reranking query 409. Elapsed time since start: 7202.60 seconds.
Done reranking query 410. Elapsed time since start: 7219.44 seconds.
Done reranking query 411. Elapsed time since start: 7236.78 seconds.
Done reranking query 412. Elapsed time since start: 7253.00 seconds.
Done reranking query 413. Elapsed time since start: 7269.22 seconds.
Done reranking query 414. Elapsed time since start: 7285.67 seconds.
Done reranking query 415. Elapsed time since start: 7302.17 seconds.
Done reranking query 416. Elapsed time since start: 7319.60 seconds.
Done reranking query 417. Elapsed time since start: 7337.48 seconds.
Done reranking query 418. Elapsed time since start: 7354.12 seconds.
Done reranking query 419. Elapsed time since start: 7370.93 seconds.
Done reranking query 420. Elapsed time since start: 7389.53 seconds.
Saved 420 reranked responses to DeepSeek_text-reranked-75-indices.json
Saved 420 reranked responses to DeepSeek_structured-reranked-75-indices.json
Done reranking query 421. Elapsed time since start: 7406.07 seconds.
Done reranking query 422. Elapsed time since start: 7424.94 seconds.
Done reranking query 423. Elapsed time since start: 7446.92 seconds.
Done reranking query 424. Elapsed time since start: 7465.15 seconds.
Done reranking query 425. Elapsed time since start: 7481.39 seconds.
Done reranking query 426. Elapsed time since start: 7498.76 seconds.
Done reranking query 427. Elapsed time since start: 7517.38 seconds.
Done reranking query 428. Elapsed time since start: 7533.89 seconds.
Done reranking query 429. Elapsed time since start: 7550.36 seconds.
Done reranking query 430. Elapsed time since start: 7575.17 seconds.
Done reranking query 431. Elapsed time since start: 7591.67 seconds.
Done reranking query 432. Elapsed time since start: 7608.72 seconds.
Done reranking query 433. Elapsed time since start: 7626.38 seconds.
Done reranking query 434. Elapsed time since start: 7645.53 seconds.
Done reranking query 435. Elapsed time since start: 7662.60 seconds.
Saved 435 reranked responses to DeepSeek_text-reranked-75-indices.json
Saved 435 reranked responses to DeepSeek_structured-reranked-75-indices.json
Done reranking query 436. Elapsed time since start: 7680.32 seconds.
Done reranking query 437. Elapsed time since start: 7697.33 seconds.
Done reranking query 438. Elapsed time since start: 7715.66 seconds.
Done reranking query 439. Elapsed time since start: 7732.64 seconds.
Done reranking query 440. Elapsed time since start: 7750.05 seconds.
Done reranking query 441. Elapsed time since start: 7766.89 seconds.
Done reranking query 442. Elapsed time since start: 7792.14 seconds.
Done reranking query 443. Elapsed time since start: 7808.73 seconds.
Done reranking query 444. Elapsed time since start: 7830.04 seconds.
Done reranking query 445. Elapsed time since start: 7850.31 seconds.
Done reranking query 446. Elapsed time since start: 7874.82 seconds.
Done reranking query 447. Elapsed time since start: 7895.63 seconds.
Done reranking query 448. Elapsed time since start: 7928.63 seconds.
Done reranking query 449. Elapsed time since start: 7946.32 seconds.
Done reranking query 450. Elapsed time since start: 7964.41 seconds.
Saved 450 reranked responses to DeepSeek_text-reranked-75-indices.json
Saved 450 reranked responses to DeepSeek_structured-reranked-75-indices.json
Done reranking query 451. Elapsed time since start: 7983.15 seconds.
Done reranking query 452. Elapsed time since start: 8002.34 seconds.
Done reranking query 453. Elapsed time since start: 8019.87 seconds.
Done reranking query 454. Elapsed time since start: 8041.19 seconds.
Done reranking query 455. Elapsed time since start: 8058.40 seconds.
Done reranking query 456. Elapsed time since start: 8077.52 seconds.
Done reranking query 457. Elapsed time since start: 8095.40 seconds.
Done reranking query 458. Elapsed time since start: 8114.06 seconds.
Done reranking query 459. Elapsed time since start: 8136.42 seconds.
Done reranking query 460. Elapsed time since start: 8154.01 seconds.
Done reranking query 461. Elapsed time since start: 8172.84 seconds.
Done reranking query 462. Elapsed time since start: 8192.48 seconds.
Done reranking query 463. Elapsed time since start: 8221.25 seconds.
Done reranking query 464. Elapsed time since start: 8240.65 seconds.
Done reranking query 465. Elapsed time since start: 8257.80 seconds.
Saved 465 reranked responses to DeepSeek_text-reranked-75-indices.json
Saved 465 reranked responses to DeepSeek_structured-reranked-75-indices.json
Done reranking query 466. Elapsed time since start: 8289.31 seconds.
Done reranking query 467. Elapsed time since start: 8331.24 seconds.
Done reranking query 468. Elapsed time since start: 8357.55 seconds.
Done reranking query 469. Elapsed time since start: 8376.82 seconds.
Done reranking query 470. Elapsed time since start: 8403.37 seconds.
Done reranking query 471. Elapsed time since start: 8421.12 seconds.
Done reranking query 472. Elapsed time since start: 8441.32 seconds.
Done reranking query 473. Elapsed time since start: 8458.26 seconds.
Done reranking query 474. Elapsed time since start: 8476.28 seconds.
Done reranking query 475. Elapsed time since start: 8496.37 seconds.
Done reranking query 476. Elapsed time since start: 8513.82 seconds.
Done reranking query 477. Elapsed time since start: 8532.29 seconds.
Done reranking query 478. Elapsed time since start: 8552.37 seconds.
Done reranking query 479. Elapsed time since start: 8570.98 seconds.
Done reranking query 480. Elapsed time since start: 8589.49 seconds.
Saved 480 reranked responses to DeepSeek_text-reranked-75-indices.json
Saved 480 reranked responses to DeepSeek_structured-reranked-75-indices.json
Done reranking query 481. Elapsed time since start: 8611.03 seconds.
Done reranking query 482. Elapsed time since start: 8634.39 seconds.
Done reranking query 483. Elapsed time since start: 8652.65 seconds.
Done reranking query 484. Elapsed time since start: 8674.43 seconds.
Done reranking query 485. Elapsed time since start: 8697.78 seconds.
Done reranking query 486. Elapsed time since start: 8716.86 seconds.
Done reranking query 487. Elapsed time since start: 8739.27 seconds.
Done reranking query 488. Elapsed time since start: 8760.74 seconds.
Done reranking query 489. Elapsed time since start: 8786.81 seconds.
Done reranking query 490. Elapsed time since start: 8805.70 seconds.
Done reranking query 491. Elapsed time since start: 8826.43 seconds.
Done reranking query 492. Elapsed time since start: 8843.84 seconds.
Done reranking query 493. Elapsed time since start: 8863.03 seconds.
Done reranking query 494. Elapsed time since start: 8886.36 seconds.
Done reranking query 495. Elapsed time since start: 8906.04 seconds.
Saved 495 reranked responses to DeepSeek_text-reranked-75-indices.json
Saved 495 reranked responses to DeepSeek_structured-reranked-75-indices.json
Done reranking query 496. Elapsed time since start: 8928.10 seconds.
Done reranking query 497. Elapsed time since start: 8947.38 seconds.
Done reranking query 498. Elapsed time since start: 8970.19 seconds.
Done reranking query 499. Elapsed time since start: 8988.79 seconds.
Done reranking query 500. Elapsed time since start: 9010.66 seconds.
Done reranking query 501. Elapsed time since start: 9030.37 seconds.
Done reranking query 502. Elapsed time since start: 9048.24 seconds.
Done reranking query 503. Elapsed time since start: 9067.06 seconds.
Done reranking query 504. Elapsed time since start: 9096.30 seconds.
Done reranking query 505. Elapsed time since start: 9113.83 seconds.
Done reranking query 506. Elapsed time since start: 9131.87 seconds.
Done reranking query 507. Elapsed time since start: 9156.24 seconds.
Done reranking query 508. Elapsed time since start: 9176.24 seconds.
Done reranking query 509. Elapsed time since start: 9196.60 seconds.
Done reranking query 510. Elapsed time since start: 9214.50 seconds.
Saved 510 reranked responses to DeepSeek_text-reranked-75-indices.json
Saved 510 reranked responses to DeepSeek_structured-reranked-75-indices.json
Done reranking query 511. Elapsed time since start: 9233.82 seconds.
Done reranking query 512. Elapsed time since start: 9254.16 seconds.
Done reranking query 513. Elapsed time since start: 9271.95 seconds.
Done reranking query 514. Elapsed time since start: 9288.94 seconds.
Done reranking query 515. Elapsed time since start: 9306.99 seconds.
Done reranking query 516. Elapsed time since start: 9325.03 seconds.
Done reranking query 517. Elapsed time since start: 9342.77 seconds.
Done reranking query 518. Elapsed time since start: 9360.61 seconds.
Done reranking query 519. Elapsed time since start: 9380.73 seconds.
Done reranking query 520. Elapsed time since start: 9399.00 seconds.
Done reranking query 521. Elapsed time since start: 9416.59 seconds.
Done reranking query 522. Elapsed time since start: 9433.60 seconds.
Done reranking query 523. Elapsed time since start: 9452.43 seconds.
Done reranking query 524. Elapsed time since start: 9471.40 seconds.
Done reranking query 525. Elapsed time since start: 9490.20 seconds.
Saved 525 reranked responses to DeepSeek_text-reranked-75-indices.json
Saved 525 reranked responses to DeepSeek_structured-reranked-75-indices.json
Done reranking query 526. Elapsed time since start: 9509.72 seconds.
Done reranking query 527. Elapsed time since start: 9526.19 seconds.
Done reranking query 528. Elapsed time since start: 9543.89 seconds.
Done reranking query 529. Elapsed time since start: 9561.12 seconds.
Done reranking query 530. Elapsed time since start: 9578.07 seconds.
Done reranking query 531. Elapsed time since start: 9596.73 seconds.
Done reranking query 532. Elapsed time since start: 9613.60 seconds.
Done reranking query 533. Elapsed time since start: 9630.56 seconds.
Done reranking query 534. Elapsed time since start: 9647.93 seconds.
Done reranking query 535. Elapsed time since start: 9666.20 seconds.
Done reranking query 536. Elapsed time since start: 9684.02 seconds.
Done reranking query 537. Elapsed time since start: 9701.08 seconds.
Done reranking query 538. Elapsed time since start: 9718.73 seconds.
Done reranking query 539. Elapsed time since start: 9736.03 seconds.
Done reranking query 540. Elapsed time since start: 9754.27 seconds.
Saved 540 reranked responses to DeepSeek_text-reranked-75-indices.json
Saved 540 reranked responses to DeepSeek_structured-reranked-75-indices.json
Done reranking query 541. Elapsed time since start: 9772.08 seconds.
Done reranking query 542. Elapsed time since start: 9790.38 seconds.
Done reranking query 543. Elapsed time since start: 9809.13 seconds.
Done reranking query 544. Elapsed time since start: 9827.03 seconds.
Done reranking query 545. Elapsed time since start: 9850.99 seconds.
Done reranking query 546. Elapsed time since start: 9872.53 seconds.
Done reranking query 547. Elapsed time since start: 9891.10 seconds.
Done reranking query 548. Elapsed time since start: 9925.43 seconds.
Done reranking query 549. Elapsed time since start: 9944.48 seconds.
Done reranking query 550. Elapsed time since start: 9962.81 seconds.
Done reranking query 551. Elapsed time since start: 9981.78 seconds.
Done reranking query 552. Elapsed time since start: 10004.62 seconds.
Done reranking query 553. Elapsed time since start: 10023.06 seconds.
Done reranking query 554. Elapsed time since start: 10042.31 seconds.
Done reranking query 555. Elapsed time since start: 10060.82 seconds.
Saved 555 reranked responses to DeepSeek_text-reranked-75-indices.json
Saved 555 reranked responses to DeepSeek_structured-reranked-75-indices.json
Done reranking query 556. Elapsed time since start: 10082.92 seconds.
Done reranking query 557. Elapsed time since start: 10101.15 seconds.
Done reranking query 558. Elapsed time since start: 10119.83 seconds.
Done reranking query 559. Elapsed time since start: 10138.83 seconds.
Done reranking query 560. Elapsed time since start: 10160.60 seconds.
Done reranking query 561. Elapsed time since start: 10179.73 seconds.
Done reranking query 562. Elapsed time since start: 10198.03 seconds.
Done reranking query 563. Elapsed time since start: 10217.44 seconds.
Done reranking query 564. Elapsed time since start: 10235.23 seconds.
Done reranking query 565. Elapsed time since start: 10257.00 seconds.
Done reranking query 566. Elapsed time since start: 10278.14 seconds.
Done reranking query 567. Elapsed time since start: 10299.71 seconds.
Done reranking query 568. Elapsed time since start: 10319.48 seconds.
Done reranking query 569. Elapsed time since start: 10338.96 seconds.
Done reranking query 570. Elapsed time since start: 10360.13 seconds.
Saved 570 reranked responses to DeepSeek_text-reranked-75-indices.json
Saved 570 reranked responses to DeepSeek_structured-reranked-75-indices.json
Done reranking query 571. Elapsed time since start: 10378.94 seconds.
Done reranking query 572. Elapsed time since start: 10397.29 seconds.
Done reranking query 573. Elapsed time since start: 10414.02 seconds.
Done reranking query 574. Elapsed time since start: 10432.23 seconds.
Done reranking query 575. Elapsed time since start: 10449.51 seconds.
Done reranking query 576. Elapsed time since start: 10468.87 seconds.
Done reranking query 577. Elapsed time since start: 10485.93 seconds.
Done reranking query 578. Elapsed time since start: 10502.63 seconds.
Done reranking query 579. Elapsed time since start: 10519.93 seconds.
Done reranking query 580. Elapsed time since start: 10539.10 seconds.
Done reranking query 581. Elapsed time since start: 10558.62 seconds.
Done reranking query 582. Elapsed time since start: 10575.86 seconds.
Done reranking query 583. Elapsed time since start: 10593.92 seconds.
Done reranking query 584. Elapsed time since start: 10612.42 seconds.
Done reranking query 585. Elapsed time since start: 10631.90 seconds.
Saved 585 reranked responses to DeepSeek_text-reranked-75-indices.json
Saved 585 reranked responses to DeepSeek_structured-reranked-75-indices.json
Done reranking query 586. Elapsed time since start: 10649.62 seconds.
Done reranking query 587. Elapsed time since start: 10669.76 seconds.
Done reranking query 588. Elapsed time since start: 10687.19 seconds.
Done reranking query 589. Elapsed time since start: 10706.75 seconds.
Done reranking query 590. Elapsed time since start: 10724.46 seconds.
Done reranking query 591. Elapsed time since start: 10742.19 seconds.
Done reranking query 592. Elapsed time since start: 10760.71 seconds.
Done reranking query 593. Elapsed time since start: 10777.35 seconds.
Done reranking query 594. Elapsed time since start: 10795.01 seconds.
Done reranking query 595. Elapsed time since start: 10812.66 seconds.
Done reranking query 596. Elapsed time since start: 10829.44 seconds.
Done reranking query 597. Elapsed time since start: 10848.70 seconds.
Done reranking query 598. Elapsed time since start: 10865.54 seconds.
Done reranking query 599. Elapsed time since start: 10882.18 seconds.
Done reranking query 600. Elapsed time since start: 10899.45 seconds.
Saved 600 reranked responses to DeepSeek_text-reranked-75-indices.json
Saved 600 reranked responses to DeepSeek_structured-reranked-75-indices.json
Done reranking query 601. Elapsed time since start: 10915.92 seconds.
Done reranking query 602. Elapsed time since start: 10933.26 seconds.
Done reranking query 603. Elapsed time since start: 10950.66 seconds.
Done reranking query 604. Elapsed time since start: 10968.40 seconds.
Done reranking query 605. Elapsed time since start: 10986.20 seconds.
Done reranking query 606. Elapsed time since start: 11005.81 seconds.
Done reranking query 607. Elapsed time since start: 11023.48 seconds.
Done reranking query 608. Elapsed time since start: 11041.07 seconds.
Done reranking query 609. Elapsed time since start: 11058.76 seconds.
Done reranking query 610. Elapsed time since start: 11078.95 seconds.
Done reranking query 611. Elapsed time since start: 11096.93 seconds.
Done reranking query 612. Elapsed time since start: 11114.59 seconds.
Done reranking query 613. Elapsed time since start: 11132.36 seconds.
Done reranking query 614. Elapsed time since start: 11149.84 seconds.
Done reranking query 615. Elapsed time since start: 11166.88 seconds.
Saved 615 reranked responses to DeepSeek_text-reranked-75-indices.json
Saved 615 reranked responses to DeepSeek_structured-reranked-75-indices.json
Done reranking query 616. Elapsed time since start: 11184.69 seconds.
Done reranking query 617. Elapsed time since start: 11202.22 seconds.
Done reranking query 618. Elapsed time since start: 11219.70 seconds.
Done reranking query 619. Elapsed time since start: 11236.69 seconds.
Done reranking query 620. Elapsed time since start: 11254.49 seconds.
Done reranking query 621. Elapsed time since start: 11271.35 seconds.
Done reranking query 622. Elapsed time since start: 11288.09 seconds.
Done reranking query 623. Elapsed time since start: 11309.99 seconds.
Done reranking query 624. Elapsed time since start: 11328.20 seconds.
Done reranking query 625. Elapsed time since start: 11346.71 seconds.
Done reranking query 626. Elapsed time since start: 11365.14 seconds.
Done reranking query 627. Elapsed time since start: 11381.89 seconds.
Done reranking query 628. Elapsed time since start: 11399.34 seconds.
Done reranking query 629. Elapsed time since start: 11416.39 seconds.
Done reranking query 630. Elapsed time since start: 11433.67 seconds.
Saved 630 reranked responses to DeepSeek_text-reranked-75-indices.json
Saved 630 reranked responses to DeepSeek_structured-reranked-75-indices.json
Done reranking query 631. Elapsed time since start: 11453.60 seconds.
Done reranking query 632. Elapsed time since start: 11470.89 seconds.
Done reranking query 633. Elapsed time since start: 11488.71 seconds.
Done reranking query 634. Elapsed time since start: 11506.18 seconds.
Done reranking query 635. Elapsed time since start: 11523.64 seconds.
Done reranking query 636. Elapsed time since start: 11541.52 seconds.
Done reranking query 637. Elapsed time since start: 11561.22 seconds.
Done reranking query 638. Elapsed time since start: 11581.24 seconds.
Done reranking query 639. Elapsed time since start: 11598.21 seconds.
Done reranking query 640. Elapsed time since start: 11615.70 seconds.
Done reranking query 641. Elapsed time since start: 11634.80 seconds.
Done reranking query 642. Elapsed time since start: 11651.99 seconds.
Done reranking query 643. Elapsed time since start: 11669.74 seconds.
Done reranking query 644. Elapsed time since start: 11687.65 seconds.
Done reranking query 645. Elapsed time since start: 11705.08 seconds.
Saved 645 reranked responses to DeepSeek_text-reranked-75-indices.json
Saved 645 reranked responses to DeepSeek_structured-reranked-75-indices.json
Done reranking query 646. Elapsed time since start: 11722.89 seconds.
Done reranking query 647. Elapsed time since start: 11740.47 seconds.
Done reranking query 648. Elapsed time since start: 11758.11 seconds.
Done reranking query 649. Elapsed time since start: 11776.41 seconds.
Done reranking query 650. Elapsed time since start: 11795.60 seconds.
Done reranking query 651. Elapsed time since start: 11815.03 seconds.
Done reranking query 652. Elapsed time since start: 11832.68 seconds.
Done reranking query 653. Elapsed time since start: 11850.70 seconds.
Done reranking query 654. Elapsed time since start: 11871.24 seconds.
Done reranking query 655. Elapsed time since start: 11888.63 seconds.
Done reranking query 656. Elapsed time since start: 11907.80 seconds.
Done reranking query 657. Elapsed time since start: 11925.15 seconds.
Done reranking query 658. Elapsed time since start: 11944.62 seconds.
Done reranking query 659. Elapsed time since start: 11961.76 seconds.
Done reranking query 660. Elapsed time since start: 11978.71 seconds.
Saved 660 reranked responses to DeepSeek_text-reranked-75-indices.json
Saved 660 reranked responses to DeepSeek_structured-reranked-75-indices.json
Done reranking query 661. Elapsed time since start: 11996.08 seconds.
Done reranking query 662. Elapsed time since start: 12015.53 seconds.
Done reranking query 663. Elapsed time since start: 12033.09 seconds.
Done reranking query 664. Elapsed time since start: 12051.93 seconds.
Done reranking query 665. Elapsed time since start: 12070.86 seconds.
Done reranking query 666. Elapsed time since start: 12090.19 seconds.
Done reranking query 667. Elapsed time since start: 12107.99 seconds.
Done reranking query 668. Elapsed time since start: 12125.15 seconds.
Done reranking query 669. Elapsed time since start: 12141.96 seconds.
Done reranking query 670. Elapsed time since start: 12160.24 seconds.
Done reranking query 671. Elapsed time since start: 12177.52 seconds.
Done reranking query 672. Elapsed time since start: 12195.24 seconds.
Done reranking query 673. Elapsed time since start: 12212.95 seconds.
Done reranking query 674. Elapsed time since start: 12230.04 seconds.
Done reranking query 675. Elapsed time since start: 12247.78 seconds.
Saved 675 reranked responses to DeepSeek_text-reranked-75-indices.json
Saved 675 reranked responses to DeepSeek_structured-reranked-75-indices.json
Done reranking query 676. Elapsed time since start: 12265.61 seconds.
Done reranking query 677. Elapsed time since start: 12283.98 seconds.
Done reranking query 678. Elapsed time since start: 12301.54 seconds.
Done reranking query 679. Elapsed time since start: 12319.28 seconds.
Done reranking query 680. Elapsed time since start: 12338.12 seconds.
Done reranking query 681. Elapsed time since start: 12355.74 seconds.
Done reranking query 682. Elapsed time since start: 12374.82 seconds.
Done reranking query 683. Elapsed time since start: 12392.59 seconds.
Done reranking query 684. Elapsed time since start: 12412.13 seconds.
Done reranking query 685. Elapsed time since start: 12429.98 seconds.
Done reranking query 686. Elapsed time since start: 12448.51 seconds.
Done reranking query 687. Elapsed time since start: 12468.43 seconds.
Done reranking query 688. Elapsed time since start: 12485.60 seconds.
Done reranking query 689. Elapsed time since start: 12502.14 seconds.
Done reranking query 690. Elapsed time since start: 12522.42 seconds.
Saved 690 reranked responses to DeepSeek_text-reranked-75-indices.json
Saved 690 reranked responses to DeepSeek_structured-reranked-75-indices.json
Done reranking query 691. Elapsed time since start: 12540.20 seconds.
Done reranking query 692. Elapsed time since start: 12559.62 seconds.
Error calling DeepSeek API: Error code: 400 - {'error': {'message': 'Content Exists Risk', 'type': 'invalid_request_error', 'param': None, 'code': 'invalid_request_error'}}
Done reranking query 693. Elapsed time since start: 12562.99 seconds.
Done reranking query 694. Elapsed time since start: 12583.67 seconds.
Done reranking query 695. Elapsed time since start: 12601.71 seconds.
Done reranking query 696. Elapsed time since start: 12619.59 seconds.
Done reranking query 697. Elapsed time since start: 12636.58 seconds.
Done reranking query 698. Elapsed time since start: 12653.85 seconds.
Done reranking query 699. Elapsed time since start: 12672.38 seconds.
Done reranking query 700. Elapsed time since start: 12690.84 seconds.
Done reranking query 701. Elapsed time since start: 12709.00 seconds.
Done reranking query 702. Elapsed time since start: 12727.22 seconds.
Done reranking query 703. Elapsed time since start: 12746.00 seconds.
Done reranking query 704. Elapsed time since start: 12763.17 seconds.
Done reranking query 705. Elapsed time since start: 12780.54 seconds.
Saved 705 reranked responses to DeepSeek_text-reranked-75-indices.json
Saved 705 reranked responses to DeepSeek_structured-reranked-75-indices.json
Done reranking query 706. Elapsed time since start: 12797.57 seconds.
Done reranking query 707. Elapsed time since start: 12814.86 seconds.
Done reranking query 708. Elapsed time since start: 12834.46 seconds.
Done reranking query 709. Elapsed time since start: 12851.52 seconds.
Done reranking query 710. Elapsed time since start: 12868.59 seconds.
Done reranking query 711. Elapsed time since start: 12885.82 seconds.
Done reranking query 712. Elapsed time since start: 12903.49 seconds.
Done reranking query 713. Elapsed time since start: 12922.78 seconds.
Done reranking query 714. Elapsed time since start: 12939.65 seconds.
Done reranking query 715. Elapsed time since start: 12956.46 seconds.
Done reranking query 716. Elapsed time since start: 12974.80 seconds.
Done reranking query 717. Elapsed time since start: 12991.88 seconds.
Done reranking query 718. Elapsed time since start: 13010.12 seconds.
Done reranking query 719. Elapsed time since start: 13030.30 seconds.
Done reranking query 720. Elapsed time since start: 13047.48 seconds.
Saved 720 reranked responses to DeepSeek_text-reranked-75-indices.json
Saved 720 reranked responses to DeepSeek_structured-reranked-75-indices.json
Done reranking query 721. Elapsed time since start: 13066.25 seconds.
Done reranking query 722. Elapsed time since start: 13086.22 seconds.
Done reranking query 723. Elapsed time since start: 13103.23 seconds.
Done reranking query 724. Elapsed time since start: 13123.92 seconds.
Done reranking query 725. Elapsed time since start: 13143.72 seconds.
Done reranking query 726. Elapsed time since start: 13160.80 seconds.
Done reranking query 727. Elapsed time since start: 13177.65 seconds.
Done reranking query 728. Elapsed time since start: 13195.03 seconds.
Done reranking query 729. Elapsed time since start: 13214.35 seconds.
Done reranking query 730. Elapsed time since start: 13233.07 seconds.
Done reranking query 731. Elapsed time since start: 13251.85 seconds.
Done reranking query 732. Elapsed time since start: 13269.50 seconds.
Done reranking query 733. Elapsed time since start: 13286.46 seconds.
Done reranking query 734. Elapsed time since start: 13304.12 seconds.
Done reranking query 735. Elapsed time since start: 13321.49 seconds.
Saved 735 reranked responses to DeepSeek_text-reranked-75-indices.json
Saved 735 reranked responses to DeepSeek_structured-reranked-75-indices.json
Done reranking query 736. Elapsed time since start: 13339.34 seconds.
Done reranking query 737. Elapsed time since start: 13357.75 seconds.
Done reranking query 738. Elapsed time since start: 13379.12 seconds.
Done reranking query 739. Elapsed time since start: 13396.97 seconds.
Done reranking query 740. Elapsed time since start: 13417.08 seconds.
Done reranking query 741. Elapsed time since start: 13436.78 seconds.
Done reranking query 742. Elapsed time since start: 13456.18 seconds.
Done reranking query 743. Elapsed time since start: 13473.74 seconds.
Done reranking query 744. Elapsed time since start: 13490.61 seconds.
Done reranking query 745. Elapsed time since start: 13508.90 seconds.
Done reranking query 746. Elapsed time since start: 13529.07 seconds.
Done reranking query 747. Elapsed time since start: 13546.82 seconds.
Done reranking query 748. Elapsed time since start: 13567.79 seconds.
Done reranking query 749. Elapsed time since start: 13585.32 seconds.
Done reranking query 750. Elapsed time since start: 13605.81 seconds.
Saved 750 reranked responses to DeepSeek_text-reranked-75-indices.json
Saved 750 reranked responses to DeepSeek_structured-reranked-75-indices.json
Done reranking query 751. Elapsed time since start: 13622.99 seconds.
Done reranking query 752. Elapsed time since start: 13643.05 seconds.
Done reranking query 753. Elapsed time since start: 13660.72 seconds.
Done reranking query 754. Elapsed time since start: 13678.16 seconds.
Done reranking query 755. Elapsed time since start: 13698.67 seconds.
Done reranking query 756. Elapsed time since start: 13717.45 seconds.
Done reranking query 757. Elapsed time since start: 13734.78 seconds.
Done reranking query 758. Elapsed time since start: 13753.12 seconds.
Done reranking query 759. Elapsed time since start: 13770.88 seconds.
Done reranking query 760. Elapsed time since start: 13791.64 seconds.
Done reranking query 761. Elapsed time since start: 13808.67 seconds.
Done reranking query 762. Elapsed time since start: 13826.28 seconds.
Done reranking query 763. Elapsed time since start: 13844.90 seconds.
Done reranking query 764. Elapsed time since start: 13864.17 seconds.
Done reranking query 765. Elapsed time since start: 13881.36 seconds.
Saved 765 reranked responses to DeepSeek_text-reranked-75-indices.json
Saved 765 reranked responses to DeepSeek_structured-reranked-75-indices.json
Done reranking query 766. Elapsed time since start: 13899.13 seconds.
Done reranking query 767. Elapsed time since start: 13916.21 seconds.
Done reranking query 768. Elapsed time since start: 13935.56 seconds.
Done reranking query 769. Elapsed time since start: 13953.78 seconds.
Done reranking query 770. Elapsed time since start: 13973.18 seconds.
Done reranking query 771. Elapsed time since start: 13990.70 seconds.
Done reranking query 772. Elapsed time since start: 14009.58 seconds.
Done reranking query 773. Elapsed time since start: 14027.18 seconds.
Done reranking query 774. Elapsed time since start: 14043.99 seconds.
Done reranking query 775. Elapsed time since start: 14061.12 seconds.
Done reranking query 776. Elapsed time since start: 14080.13 seconds.
Done reranking query 777. Elapsed time since start: 14097.77 seconds.
Done reranking query 778. Elapsed time since start: 14115.05 seconds.
Done reranking query 779. Elapsed time since start: 14133.01 seconds.
Done reranking query 780. Elapsed time since start: 14150.08 seconds.
Saved 780 reranked responses to DeepSeek_text-reranked-75-indices.json
Saved 780 reranked responses to DeepSeek_structured-reranked-75-indices.json
Done reranking query 781. Elapsed time since start: 14167.64 seconds.
Done reranking query 782. Elapsed time since start: 14187.10 seconds.
Done reranking query 783. Elapsed time since start: 14204.26 seconds.
Done reranking query 784. Elapsed time since start: 14222.69 seconds.
Done reranking query 785. Elapsed time since start: 14240.06 seconds.
Done reranking query 786. Elapsed time since start: 14257.61 seconds.
Done reranking query 787. Elapsed time since start: 14276.22 seconds.
Done reranking query 788. Elapsed time since start: 14293.08 seconds.
Done reranking query 789. Elapsed time since start: 14310.24 seconds.
Done reranking query 790. Elapsed time since start: 14328.38 seconds.
Done reranking query 791. Elapsed time since start: 14345.22 seconds.
Done reranking query 792. Elapsed time since start: 14363.36 seconds.
Done reranking query 793. Elapsed time since start: 14381.47 seconds.
Done reranking query 794. Elapsed time since start: 14398.20 seconds.
Done reranking query 795. Elapsed time since start: 14415.03 seconds.
Saved 795 reranked responses to DeepSeek_text-reranked-75-indices.json
Saved 795 reranked responses to DeepSeek_structured-reranked-75-indices.json
Done reranking query 796. Elapsed time since start: 14434.68 seconds.
Done reranking query 797. Elapsed time since start: 14452.68 seconds.
Done reranking query 798. Elapsed time since start: 14470.72 seconds.
Done reranking query 799. Elapsed time since start: 14488.36 seconds.
Done reranking query 800. Elapsed time since start: 14509.77 seconds.
Done reranking query 801. Elapsed time since start: 14527.18 seconds.
Done reranking query 802. Elapsed time since start: 14544.31 seconds.
Done reranking query 803. Elapsed time since start: 14563.70 seconds.
Done reranking query 804. Elapsed time since start: 14580.84 seconds.
Done reranking query 805. Elapsed time since start: 14598.61 seconds.
Done reranking query 806. Elapsed time since start: 14618.56 seconds.
Done reranking query 807. Elapsed time since start: 14637.81 seconds.
Done reranking query 808. Elapsed time since start: 14654.75 seconds.
Done reranking query 809. Elapsed time since start: 14672.52 seconds.
Done reranking query 810. Elapsed time since start: 14689.47 seconds.
Saved 810 reranked responses to DeepSeek_text-reranked-75-indices.json
Saved 810 reranked responses to DeepSeek_structured-reranked-75-indices.json
Done reranking query 811. Elapsed time since start: 14709.27 seconds.
Done reranking query 812. Elapsed time since start: 14726.50 seconds.
Done reranking query 813. Elapsed time since start: 14744.47 seconds.
Done reranking query 814. Elapsed time since start: 14762.29 seconds.
Done reranking query 815. Elapsed time since start: 14778.93 seconds.
Done reranking query 816. Elapsed time since start: 14796.40 seconds.
Done reranking query 817. Elapsed time since start: 14814.24 seconds.
Done reranking query 818. Elapsed time since start: 14831.35 seconds.
Done reranking query 819. Elapsed time since start: 14849.12 seconds.
Done reranking query 820. Elapsed time since start: 14865.83 seconds.
Done reranking query 821. Elapsed time since start: 14884.21 seconds.
Done reranking query 822. Elapsed time since start: 14901.45 seconds.
Done reranking query 823. Elapsed time since start: 14921.38 seconds.
Done reranking query 824. Elapsed time since start: 14940.79 seconds.
Done reranking query 825. Elapsed time since start: 14959.25 seconds.
Saved 825 reranked responses to DeepSeek_text-reranked-75-indices.json
Saved 825 reranked responses to DeepSeek_structured-reranked-75-indices.json
Done reranking query 826. Elapsed time since start: 14979.11 seconds.
Done reranking query 827. Elapsed time since start: 14999.96 seconds.
Done reranking query 828. Elapsed time since start: 15017.08 seconds.
Done reranking query 829. Elapsed time since start: 15034.77 seconds.
Done reranking query 830. Elapsed time since start: 15052.24 seconds.
Done reranking query 831. Elapsed time since start: 15069.75 seconds.
Done reranking query 832. Elapsed time since start: 15091.38 seconds.
Done reranking query 833. Elapsed time since start: 15109.28 seconds.
Done reranking query 834. Elapsed time since start: 15127.42 seconds.
Done reranking query 835. Elapsed time since start: 15145.74 seconds.
Done reranking query 836. Elapsed time since start: 15163.32 seconds.
Done reranking query 837. Elapsed time since start: 15183.15 seconds.
Done reranking query 838. Elapsed time since start: 15201.02 seconds.
Done reranking query 839. Elapsed time since start: 15218.21 seconds.
Done reranking query 840. Elapsed time since start: 15235.39 seconds.
Saved 840 reranked responses to DeepSeek_text-reranked-75-indices.json
Saved 840 reranked responses to DeepSeek_structured-reranked-75-indices.json
Done reranking query 841. Elapsed time since start: 15254.87 seconds.
Done reranking query 842. Elapsed time since start: 15273.69 seconds.
Done reranking query 843. Elapsed time since start: 15290.47 seconds.
Done reranking query 844. Elapsed time since start: 15311.14 seconds.
Done reranking query 845. Elapsed time since start: 15330.05 seconds.
Done reranking query 846. Elapsed time since start: 15347.22 seconds.
Done reranking query 847. Elapsed time since start: 15365.61 seconds.
Done reranking query 848. Elapsed time since start: 15382.72 seconds.
Done reranking query 849. Elapsed time since start: 15401.76 seconds.
Done reranking query 850. Elapsed time since start: 15420.08 seconds.
Done reranking query 851. Elapsed time since start: 15437.71 seconds.
Done reranking query 852. Elapsed time since start: 15455.12 seconds.
Done reranking query 853. Elapsed time since start: 15473.72 seconds.
Done reranking query 854. Elapsed time since start: 15491.74 seconds.
Done reranking query 855. Elapsed time since start: 15509.19 seconds.
Saved 855 reranked responses to DeepSeek_text-reranked-75-indices.json
Saved 855 reranked responses to DeepSeek_structured-reranked-75-indices.json
Done reranking query 856. Elapsed time since start: 15527.11 seconds.
Done reranking query 857. Elapsed time since start: 15543.77 seconds.
Done reranking query 858. Elapsed time since start: 15561.68 seconds.
Done reranking query 859. Elapsed time since start: 15579.77 seconds.
Done reranking query 860. Elapsed time since start: 15596.50 seconds.
Done reranking query 861. Elapsed time since start: 15613.67 seconds.
Done reranking query 862. Elapsed time since start: 15630.01 seconds.
Done reranking query 863. Elapsed time since start: 15651.89 seconds.
Done reranking query 864. Elapsed time since start: 15669.29 seconds.
Done reranking query 865. Elapsed time since start: 15688.61 seconds.
Done reranking query 866. Elapsed time since start: 15707.44 seconds.
Done reranking query 867. Elapsed time since start: 15724.42 seconds.
Done reranking query 868. Elapsed time since start: 15743.43 seconds.
Done reranking query 869. Elapsed time since start: 15760.23 seconds.
Done reranking query 870. Elapsed time since start: 15777.58 seconds.
Saved 870 reranked responses to DeepSeek_text-reranked-75-indices.json
Saved 870 reranked responses to DeepSeek_structured-reranked-75-indices.json
Done reranking query 871. Elapsed time since start: 15794.90 seconds.
Done reranking query 872. Elapsed time since start: 15812.28 seconds.
Done reranking query 873. Elapsed time since start: 15832.25 seconds.
Done reranking query 874. Elapsed time since start: 15850.50 seconds.
Done reranking query 875. Elapsed time since start: 15869.13 seconds.
Done reranking query 876. Elapsed time since start: 15887.01 seconds.
Done reranking query 877. Elapsed time since start: 15903.99 seconds.
Done reranking query 878. Elapsed time since start: 15921.19 seconds.
Done reranking query 879. Elapsed time since start: 15937.86 seconds.
Done reranking query 880. Elapsed time since start: 15955.02 seconds.
Done reranking query 881. Elapsed time since start: 15972.89 seconds.
Done reranking query 882. Elapsed time since start: 15990.68 seconds.
Done reranking query 883. Elapsed time since start: 16007.98 seconds.
Done reranking query 884. Elapsed time since start: 16025.07 seconds.
Done reranking query 885. Elapsed time since start: 16042.76 seconds.
Saved 885 reranked responses to DeepSeek_text-reranked-75-indices.json
Saved 885 reranked responses to DeepSeek_structured-reranked-75-indices.json
Done reranking query 886. Elapsed time since start: 16060.60 seconds.
Done reranking query 887. Elapsed time since start: 16079.58 seconds.
Done reranking query 888. Elapsed time since start: 16098.58 seconds.
Done reranking query 889. Elapsed time since start: 16115.29 seconds.
Done reranking query 890. Elapsed time since start: 16135.88 seconds.
Done reranking query 891. Elapsed time since start: 16152.51 seconds.
Done reranking query 892. Elapsed time since start: 16170.04 seconds.
Done reranking query 893. Elapsed time since start: 16186.64 seconds.
Done reranking query 894. Elapsed time since start: 16204.14 seconds.
Done reranking query 895. Elapsed time since start: 16223.68 seconds.
Done reranking query 896. Elapsed time since start: 16240.85 seconds.
Done reranking query 897. Elapsed time since start: 16258.90 seconds.
Done reranking query 898. Elapsed time since start: 16278.01 seconds.
Done reranking query 899. Elapsed time since start: 16295.42 seconds.
Done reranking query 900. Elapsed time since start: 16313.07 seconds.
Saved 900 reranked responses to DeepSeek_text-reranked-75-indices.json
Saved 900 reranked responses to DeepSeek_structured-reranked-75-indices.json
Done reranking query 901. Elapsed time since start: 16329.82 seconds.
Done reranking query 902. Elapsed time since start: 16348.91 seconds.
Done reranking query 903. Elapsed time since start: 16366.80 seconds.
Done reranking query 904. Elapsed time since start: 16386.18 seconds.
Done reranking query 905. Elapsed time since start: 16404.51 seconds.
Done reranking query 906. Elapsed time since start: 16426.45 seconds.
Done reranking query 907. Elapsed time since start: 16445.27 seconds.
Done reranking query 908. Elapsed time since start: 16462.16 seconds.
Done reranking query 909. Elapsed time since start: 16478.88 seconds.
Done reranking query 910. Elapsed time since start: 16497.25 seconds.
Done reranking query 911. Elapsed time since start: 16514.78 seconds.
Done reranking query 912. Elapsed time since start: 16532.39 seconds.
Done reranking query 913. Elapsed time since start: 16549.71 seconds.
Done reranking query 914. Elapsed time since start: 16568.06 seconds.
Done reranking query 915. Elapsed time since start: 16586.25 seconds.
Saved 915 reranked responses to DeepSeek_text-reranked-75-indices.json
Saved 915 reranked responses to DeepSeek_structured-reranked-75-indices.json
Done reranking query 916. Elapsed time since start: 16603.50 seconds.
Done reranking query 917. Elapsed time since start: 16623.34 seconds.
Error calling DeepSeek API: Error code: 400 - {'error': {'message': 'Content Exists Risk', 'type': 'invalid_request_error', 'param': None, 'code': 'invalid_request_error'}}
Done reranking query 918. Elapsed time since start: 16626.76 seconds.
Done reranking query 919. Elapsed time since start: 16643.35 seconds.
Done reranking query 920. Elapsed time since start: 16662.22 seconds.
Done reranking query 921. Elapsed time since start: 16679.05 seconds.
Done reranking query 922. Elapsed time since start: 16698.26 seconds.
Done reranking query 923. Elapsed time since start: 16715.22 seconds.
Done reranking query 924. Elapsed time since start: 16732.97 seconds.
Done reranking query 925. Elapsed time since start: 16750.85 seconds.
Done reranking query 926. Elapsed time since start: 16768.26 seconds.
Done reranking query 927. Elapsed time since start: 16785.52 seconds.
Done reranking query 928. Elapsed time since start: 16802.61 seconds.
Done reranking query 929. Elapsed time since start: 16819.78 seconds.
Done reranking query 930. Elapsed time since start: 16836.49 seconds.
Saved 930 reranked responses to DeepSeek_text-reranked-75-indices.json
Saved 930 reranked responses to DeepSeek_structured-reranked-75-indices.json
Done reranking query 931. Elapsed time since start: 16858.45 seconds.
Done reranking query 932. Elapsed time since start: 16876.81 seconds.
Done reranking query 933. Elapsed time since start: 16897.25 seconds.
Done reranking query 934. Elapsed time since start: 16914.75 seconds.
Done reranking query 935. Elapsed time since start: 16931.51 seconds.
Done reranking query 936. Elapsed time since start: 16949.02 seconds.
Done reranking query 937. Elapsed time since start: 16966.58 seconds.
Done reranking query 938. Elapsed time since start: 16983.40 seconds.
Done reranking query 939. Elapsed time since start: 17000.61 seconds.
Done reranking query 940. Elapsed time since start: 17020.69 seconds.
Done reranking query 941. Elapsed time since start: 17040.96 seconds.
Done reranking query 942. Elapsed time since start: 17060.21 seconds.
Done reranking query 943. Elapsed time since start: 17078.39 seconds.
Done reranking query 944. Elapsed time since start: 17095.18 seconds.
Done reranking query 945. Elapsed time since start: 17112.10 seconds.
Saved 945 reranked responses to DeepSeek_text-reranked-75-indices.json
Saved 945 reranked responses to DeepSeek_structured-reranked-75-indices.json
Done reranking query 946. Elapsed time since start: 17129.07 seconds.
Done reranking query 947. Elapsed time since start: 17145.82 seconds.
Done reranking query 948. Elapsed time since start: 17163.55 seconds.
Done reranking query 949. Elapsed time since start: 17180.75 seconds.
Done reranking query 950. Elapsed time since start: 17197.43 seconds.
Done reranking query 951. Elapsed time since start: 17214.30 seconds.
Done reranking query 952. Elapsed time since start: 17234.63 seconds.
Done reranking query 953. Elapsed time since start: 17252.37 seconds.
Done reranking query 954. Elapsed time since start: 17269.37 seconds.
Done reranking query 955. Elapsed time since start: 17286.74 seconds.
Done reranking query 956. Elapsed time since start: 17303.13 seconds.
Done reranking query 957. Elapsed time since start: 17323.05 seconds.
Done reranking query 958. Elapsed time since start: 17339.96 seconds.
Done reranking query 959. Elapsed time since start: 17359.77 seconds.
Done reranking query 960. Elapsed time since start: 17380.24 seconds.
Saved 960 reranked responses to DeepSeek_text-reranked-75-indices.json
Saved 960 reranked responses to DeepSeek_structured-reranked-75-indices.json
Done reranking query 961. Elapsed time since start: 17397.92 seconds.
Done reranking query 962. Elapsed time since start: 17414.40 seconds.
Done reranking query 963. Elapsed time since start: 17431.02 seconds.
Done reranking query 964. Elapsed time since start: 17450.83 seconds.
Done reranking query 965. Elapsed time since start: 17469.71 seconds.
Done reranking query 966. Elapsed time since start: 17486.29 seconds.
Done reranking query 967. Elapsed time since start: 17503.66 seconds.
Done reranking query 968. Elapsed time since start: 17522.53 seconds.
Done reranking query 969. Elapsed time since start: 17538.68 seconds.
Done reranking query 970. Elapsed time since start: 17554.61 seconds.
Done reranking query 971. Elapsed time since start: 17571.93 seconds.
Done reranking query 972. Elapsed time since start: 17588.25 seconds.
Done reranking query 973. Elapsed time since start: 17604.76 seconds.
Done reranking query 974. Elapsed time since start: 17621.49 seconds.
Done reranking query 975. Elapsed time since start: 17641.35 seconds.
Saved 975 reranked responses to DeepSeek_text-reranked-75-indices.json
Saved 975 reranked responses to DeepSeek_structured-reranked-75-indices.json
Done reranking query 976. Elapsed time since start: 17658.04 seconds.
Done reranking query 977. Elapsed time since start: 17675.09 seconds.
Done reranking query 978. Elapsed time since start: 17691.67 seconds.
Done reranking query 979. Elapsed time since start: 17708.34 seconds.
Done reranking query 980. Elapsed time since start: 17725.06 seconds.
Done reranking query 981. Elapsed time since start: 17742.36 seconds.
Done reranking query 982. Elapsed time since start: 17760.35 seconds.
Done reranking query 983. Elapsed time since start: 17781.01 seconds.
Done reranking query 984. Elapsed time since start: 17798.57 seconds.
Done reranking query 985. Elapsed time since start: 17816.61 seconds.
Done reranking query 986. Elapsed time since start: 17833.32 seconds.
Done reranking query 987. Elapsed time since start: 17850.95 seconds.
Done reranking query 988. Elapsed time since start: 17868.93 seconds.
Done reranking query 989. Elapsed time since start: 17886.76 seconds.
Done reranking query 990. Elapsed time since start: 17906.21 seconds.
Saved 990 reranked responses to DeepSeek_text-reranked-75-indices.json
Saved 990 reranked responses to DeepSeek_structured-reranked-75-indices.json
Done reranking query 991. Elapsed time since start: 17923.31 seconds.
Done reranking query 992. Elapsed time since start: 17940.44 seconds.
Done reranking query 993. Elapsed time since start: 17957.44 seconds.
Done reranking query 994. Elapsed time since start: 17974.29 seconds.
Done reranking query 995. Elapsed time since start: 17993.15 seconds.
Done reranking query 996. Elapsed time since start: 18010.13 seconds.
Done reranking query 997. Elapsed time since start: 18029.41 seconds.
Done reranking query 998. Elapsed time since start: 18046.54 seconds.
Done reranking query 999. Elapsed time since start: 18066.76 seconds.
Done reranking query 1000. Elapsed time since start: 18085.62 seconds.
Done reranking query 1001. Elapsed time since start: 18104.12 seconds.
Error calling DeepSeek API: Error code: 400 - {'error': {'message': 'Content Exists Risk', 'type': 'invalid_request_error', 'param': None, 'code': 'invalid_request_error'}}
Done reranking query 1002. Elapsed time since start: 18107.52 seconds.
Done reranking query 1003. Elapsed time since start: 18124.65 seconds.
Done reranking query 1004. Elapsed time since start: 18142.19 seconds.
Done reranking query 1005. Elapsed time since start: 18161.06 seconds.
Saved 1005 reranked responses to DeepSeek_text-reranked-75-indices.json
Saved 1005 reranked responses to DeepSeek_structured-reranked-75-indices.json
Done reranking query 1006. Elapsed time since start: 18178.18 seconds.
Done reranking query 1007. Elapsed time since start: 18195.45 seconds.
Done reranking query 1008. Elapsed time since start: 18212.52 seconds.
Done reranking query 1009. Elapsed time since start: 18229.02 seconds.
Done reranking query 1010. Elapsed time since start: 18246.58 seconds.
Done reranking query 1011. Elapsed time since start: 18263.67 seconds.
Done reranking query 1012. Elapsed time since start: 18280.23 seconds.
Done reranking query 1013. Elapsed time since start: 18299.71 seconds.
Done reranking query 1014. Elapsed time since start: 18317.39 seconds.
Done reranking query 1015. Elapsed time since start: 18337.73 seconds.
Done reranking query 1016. Elapsed time since start: 18356.35 seconds.
Done reranking query 1017. Elapsed time since start: 18374.32 seconds.
Done reranking query 1018. Elapsed time since start: 18391.78 seconds.
Done reranking query 1019. Elapsed time since start: 18408.67 seconds.
Done reranking query 1020. Elapsed time since start: 18426.60 seconds.
Saved 1020 reranked responses to DeepSeek_text-reranked-75-indices.json
Saved 1020 reranked responses to DeepSeek_structured-reranked-75-indices.json
Done reranking query 1021. Elapsed time since start: 18443.55 seconds.
Done reranking query 1022. Elapsed time since start: 18461.25 seconds.
Done reranking query 1023. Elapsed time since start: 18479.48 seconds.
Done reranking query 1024. Elapsed time since start: 18496.78 seconds.
Done reranking query 1025. Elapsed time since start: 18515.28 seconds.
Done reranking query 1026. Elapsed time since start: 18532.57 seconds.
Done reranking query 1027. Elapsed time since start: 18552.65 seconds.
Done reranking query 1028. Elapsed time since start: 18572.19 seconds.
Done reranking query 1029. Elapsed time since start: 18592.15 seconds.
Done reranking query 1030. Elapsed time since start: 18612.46 seconds.
Done reranking query 1031. Elapsed time since start: 18631.89 seconds.
Done reranking query 1032. Elapsed time since start: 18650.44 seconds.
Done reranking query 1033. Elapsed time since start: 18669.74 seconds.
Done reranking query 1034. Elapsed time since start: 18688.63 seconds.
Done reranking query 1035. Elapsed time since start: 18705.65 seconds.
Saved 1035 reranked responses to DeepSeek_text-reranked-75-indices.json
Saved 1035 reranked responses to DeepSeek_structured-reranked-75-indices.json
Done reranking query 1036. Elapsed time since start: 18723.44 seconds.
Done reranking query 1037. Elapsed time since start: 18740.61 seconds.
Done reranking query 1038. Elapsed time since start: 18757.95 seconds.
Done reranking query 1039. Elapsed time since start: 18776.06 seconds.
Done reranking query 1040. Elapsed time since start: 18792.81 seconds.
Done reranking query 1041. Elapsed time since start: 18810.45 seconds.
Done reranking query 1042. Elapsed time since start: 18828.34 seconds.
Done reranking query 1043. Elapsed time since start: 18845.60 seconds.
Done reranking query 1044. Elapsed time since start: 18863.06 seconds.
Done reranking query 1045. Elapsed time since start: 18881.24 seconds.
Done reranking query 1046. Elapsed time since start: 18902.38 seconds.
Done reranking query 1047. Elapsed time since start: 18922.44 seconds.
Done reranking query 1048. Elapsed time since start: 18939.62 seconds.
Done reranking query 1049. Elapsed time since start: 18956.69 seconds.
Done reranking query 1050. Elapsed time since start: 18973.66 seconds.
Saved 1050 reranked responses to DeepSeek_text-reranked-75-indices.json
Saved 1050 reranked responses to DeepSeek_structured-reranked-75-indices.json
Done reranking query 1051. Elapsed time since start: 18991.95 seconds.
Done reranking query 1052. Elapsed time since start: 19012.01 seconds.
Done reranking query 1053. Elapsed time since start: 19029.94 seconds.
Done reranking query 1054. Elapsed time since start: 19046.95 seconds.
Done reranking query 1055. Elapsed time since start: 19064.05 seconds.
Done reranking query 1056. Elapsed time since start: 19081.85 seconds.
Done reranking query 1057. Elapsed time since start: 19102.47 seconds.
Done reranking query 1058. Elapsed time since start: 19121.05 seconds.
Done reranking query 1059. Elapsed time since start: 19141.29 seconds.
Done reranking query 1060. Elapsed time since start: 19158.43 seconds.
Done reranking query 1061. Elapsed time since start: 19177.23 seconds.
Done reranking query 1062. Elapsed time since start: 19194.72 seconds.
Done reranking query 1063. Elapsed time since start: 19211.74 seconds.
Done reranking query 1064. Elapsed time since start: 19228.70 seconds.
Done reranking query 1065. Elapsed time since start: 19246.29 seconds.
Saved 1065 reranked responses to DeepSeek_text-reranked-75-indices.json
Saved 1065 reranked responses to DeepSeek_structured-reranked-75-indices.json
Done reranking query 1066. Elapsed time since start: 19265.98 seconds.
Done reranking query 1067. Elapsed time since start: 19284.19 seconds.
Done reranking query 1068. Elapsed time since start: 19301.18 seconds.
Done reranking query 1069. Elapsed time since start: 19319.81 seconds.
Done reranking query 1070. Elapsed time since start: 19336.66 seconds.
Done reranking query 1071. Elapsed time since start: 19354.38 seconds.
Done reranking query 1072. Elapsed time since start: 19371.54 seconds.
Done reranking query 1073. Elapsed time since start: 19388.71 seconds.
Done reranking query 1074. Elapsed time since start: 19407.88 seconds.
Done reranking query 1075. Elapsed time since start: 19424.82 seconds.
Done reranking query 1076. Elapsed time since start: 19442.05 seconds.
Done reranking query 1077. Elapsed time since start: 19461.15 seconds.
Done reranking query 1078. Elapsed time since start: 19481.14 seconds.
Done reranking query 1079. Elapsed time since start: 19500.97 seconds.
Done reranking query 1080. Elapsed time since start: 19518.28 seconds.
Saved 1080 reranked responses to DeepSeek_text-reranked-75-indices.json
Saved 1080 reranked responses to DeepSeek_structured-reranked-75-indices.json
Done reranking query 1081. Elapsed time since start: 19538.47 seconds.
Done reranking query 1082. Elapsed time since start: 19558.43 seconds.
Done reranking query 1083. Elapsed time since start: 19575.42 seconds.
Done reranking query 1084. Elapsed time since start: 19592.27 seconds.
Done reranking query 1085. Elapsed time since start: 19609.79 seconds.
Done reranking query 1086. Elapsed time since start: 19626.82 seconds.
Done reranking query 1087. Elapsed time since start: 19644.51 seconds.
Done reranking query 1088. Elapsed time since start: 19662.42 seconds.
Done reranking query 1089. Elapsed time since start: 19679.58 seconds.
Done reranking query 1090. Elapsed time since start: 19697.14 seconds.
Done reranking query 1091. Elapsed time since start: 19714.05 seconds.
Done reranking query 1092. Elapsed time since start: 19731.67 seconds.
Done reranking query 1093. Elapsed time since start: 19748.83 seconds.
Done reranking query 1094. Elapsed time since start: 19765.45 seconds.
Done reranking query 1095. Elapsed time since start: 19782.29 seconds.
Saved 1095 reranked responses to DeepSeek_text-reranked-75-indices.json
Saved 1095 reranked responses to DeepSeek_structured-reranked-75-indices.json
Done reranking query 1096. Elapsed time since start: 19801.60 seconds.
Done reranking query 1097. Elapsed time since start: 19818.88 seconds.
Done reranking query 1098. Elapsed time since start: 19836.19 seconds.
Done reranking query 1099. Elapsed time since start: 19852.95 seconds.
Done reranking query 1100. Elapsed time since start: 19872.14 seconds.
Done reranking query 1101. Elapsed time since start: 19889.21 seconds.
Done reranking query 1102. Elapsed time since start: 19906.04 seconds.
Done reranking query 1103. Elapsed time since start: 19922.77 seconds.
Done reranking query 1104. Elapsed time since start: 19940.99 seconds.
Done reranking query 1105. Elapsed time since start: 19958.90 seconds.
Done reranking query 1106. Elapsed time since start: 19976.11 seconds.
Done reranking query 1107. Elapsed time since start: 19993.36 seconds.
Done reranking query 1108. Elapsed time since start: 20011.00 seconds.
Done reranking query 1109. Elapsed time since start: 20027.86 seconds.
Done reranking query 1110. Elapsed time since start: 20045.37 seconds.
Saved 1110 reranked responses to DeepSeek_text-reranked-75-indices.json
Saved 1110 reranked responses to DeepSeek_structured-reranked-75-indices.json
Done reranking query 1111. Elapsed time since start: 20062.64 seconds.
Done reranking query 1112. Elapsed time since start: 20080.80 seconds.
Done reranking query 1113. Elapsed time since start: 20097.89 seconds.
Done reranking query 1114. Elapsed time since start: 20114.92 seconds.
Done reranking query 1115. Elapsed time since start: 20131.91 seconds.
Done reranking query 1116. Elapsed time since start: 20148.98 seconds.
Done reranking query 1117. Elapsed time since start: 20166.35 seconds.
Done reranking query 1118. Elapsed time since start: 20183.71 seconds.
Done reranking query 1119. Elapsed time since start: 20202.71 seconds.
Done reranking query 1120. Elapsed time since start: 20219.82 seconds.
Done reranking query 1121. Elapsed time since start: 20237.50 seconds.
Done reranking query 1122. Elapsed time since start: 20258.20 seconds.
Done reranking query 1123. Elapsed time since start: 20276.41 seconds.
Done reranking query 1124. Elapsed time since start: 20293.02 seconds.
Done reranking query 1125. Elapsed time since start: 20310.16 seconds.
Saved 1125 reranked responses to DeepSeek_text-reranked-75-indices.json
Saved 1125 reranked responses to DeepSeek_structured-reranked-75-indices.json
Done reranking query 1126. Elapsed time since start: 20327.77 seconds.
Done reranking query 1127. Elapsed time since start: 20344.34 seconds.
Done reranking query 1128. Elapsed time since start: 20360.53 seconds.
Done reranking query 1129. Elapsed time since start: 20377.08 seconds.
Done reranking query 1130. Elapsed time since start: 20394.22 seconds.
Done reranking query 1131. Elapsed time since start: 20413.44 seconds.
Done reranking query 1132. Elapsed time since start: 20430.80 seconds.
Done reranking query 1133. Elapsed time since start: 20449.69 seconds.
Done reranking query 1134. Elapsed time since start: 20469.68 seconds.
Done reranking query 1135. Elapsed time since start: 20487.61 seconds.
Done reranking query 1136. Elapsed time since start: 20504.35 seconds.
Done reranking query 1137. Elapsed time since start: 20522.10 seconds.
Done reranking query 1138. Elapsed time since start: 20538.93 seconds.
Done reranking query 1139. Elapsed time since start: 20556.00 seconds.
Done reranking query 1140. Elapsed time since start: 20572.87 seconds.
Saved 1140 reranked responses to DeepSeek_text-reranked-75-indices.json
Saved 1140 reranked responses to DeepSeek_structured-reranked-75-indices.json
Done reranking query 1141. Elapsed time since start: 20592.49 seconds.
Done reranking query 1142. Elapsed time since start: 20609.84 seconds.
Done reranking query 1143. Elapsed time since start: 20630.22 seconds.
Done reranking query 1144. Elapsed time since start: 20646.80 seconds.
Done reranking query 1145. Elapsed time since start: 20665.18 seconds.
Done reranking query 1146. Elapsed time since start: 20682.49 seconds.
Done reranking query 1147. Elapsed time since start: 20699.41 seconds.
Done reranking query 1148. Elapsed time since start: 20719.11 seconds.
Done reranking query 1149. Elapsed time since start: 20735.73 seconds.
Done reranking query 1150. Elapsed time since start: 20752.88 seconds.
Done reranking query 1151. Elapsed time since start: 20770.19 seconds.
Done reranking query 1152. Elapsed time since start: 20789.75 seconds.
Done reranking query 1153. Elapsed time since start: 20806.95 seconds.
Done reranking query 1154. Elapsed time since start: 20826.55 seconds.
Done reranking query 1155. Elapsed time since start: 20848.88 seconds.
Saved 1155 reranked responses to DeepSeek_text-reranked-75-indices.json
Saved 1155 reranked responses to DeepSeek_structured-reranked-75-indices.json
Done reranking query 1156. Elapsed time since start: 20865.95 seconds.
Done reranking query 1157. Elapsed time since start: 20883.48 seconds.
Done reranking query 1158. Elapsed time since start: 20901.36 seconds.
Done reranking query 1159. Elapsed time since start: 20919.05 seconds.
Done reranking query 1160. Elapsed time since start: 20937.77 seconds.
Done reranking query 1161. Elapsed time since start: 20954.44 seconds.
Done reranking query 1162. Elapsed time since start: 20971.89 seconds.
Done reranking query 1163. Elapsed time since start: 20991.85 seconds.
Done reranking query 1164. Elapsed time since start: 21009.10 seconds.
Done reranking query 1165. Elapsed time since start: 21026.05 seconds.
Done reranking query 1166. Elapsed time since start: 21044.16 seconds.
Done reranking query 1167. Elapsed time since start: 21060.60 seconds.
Done reranking query 1168. Elapsed time since start: 21077.50 seconds.
Done reranking query 1169. Elapsed time since start: 21094.52 seconds.
Done reranking query 1170. Elapsed time since start: 21112.46 seconds.
Saved 1170 reranked responses to DeepSeek_text-reranked-75-indices.json
Saved 1170 reranked responses to DeepSeek_structured-reranked-75-indices.json
Done reranking query 1171. Elapsed time since start: 21129.29 seconds.
Done reranking query 1172. Elapsed time since start: 21145.70 seconds.
Done reranking query 1173. Elapsed time since start: 21162.48 seconds.
Done reranking query 1174. Elapsed time since start: 21179.23 seconds.
Done reranking query 1175. Elapsed time since start: 21195.82 seconds.
Done reranking query 1176. Elapsed time since start: 21213.40 seconds.
Done reranking query 1177. Elapsed time since start: 21230.10 seconds.
Done reranking query 1178. Elapsed time since start: 21247.12 seconds.
Done reranking query 1179. Elapsed time since start: 21263.21 seconds.
Done reranking query 1180. Elapsed time since start: 21280.40 seconds.
Done reranking query 1181. Elapsed time since start: 21297.79 seconds.
Done reranking query 1182. Elapsed time since start: 21315.56 seconds.
Done reranking query 1183. Elapsed time since start: 21333.05 seconds.
Done reranking query 1184. Elapsed time since start: 21350.60 seconds.
Done reranking query 1185. Elapsed time since start: 21367.60 seconds.
Saved 1185 reranked responses to DeepSeek_text-reranked-75-indices.json
Saved 1185 reranked responses to DeepSeek_structured-reranked-75-indices.json
Done reranking query 1186. Elapsed time since start: 21383.98 seconds.
Done reranking query 1187. Elapsed time since start: 21400.43 seconds.
Done reranking query 1188. Elapsed time since start: 21419.49 seconds.
Done reranking query 1189. Elapsed time since start: 21438.81 seconds.
Done reranking query 1190. Elapsed time since start: 21455.66 seconds.
Done reranking query 1191. Elapsed time since start: 21472.72 seconds.
Done reranking query 1192. Elapsed time since start: 21489.71 seconds.
Done reranking query 1193. Elapsed time since start: 21507.54 seconds.
Done reranking query 1194. Elapsed time since start: 21524.44 seconds.
Done reranking query 1195. Elapsed time since start: 21540.78 seconds.
Done reranking query 1196. Elapsed time since start: 21557.39 seconds.
Done reranking query 1197. Elapsed time since start: 21573.75 seconds.
Done reranking query 1198. Elapsed time since start: 21591.15 seconds.
Done reranking query 1199. Elapsed time since start: 21611.43 seconds.
Done reranking query 1200. Elapsed time since start: 21627.94 seconds.
Saved 1200 reranked responses to DeepSeek_text-reranked-75-indices.json
Saved 1200 reranked responses to DeepSeek_structured-reranked-75-indices.json
Done reranking query 1201. Elapsed time since start: 21644.44 seconds.
Done reranking query 1202. Elapsed time since start: 21660.73 seconds.
Done reranking query 1203. Elapsed time since start: 21678.97 seconds.
Done reranking query 1204. Elapsed time since start: 21696.09 seconds.
Done reranking query 1205. Elapsed time since start: 21714.02 seconds.
Done reranking query 1206. Elapsed time since start: 21730.67 seconds.
Done reranking query 1207. Elapsed time since start: 21747.30 seconds.
Done reranking query 1208. Elapsed time since start: 21766.33 seconds.
Done reranking query 1209. Elapsed time since start: 21783.03 seconds.
Done reranking query 1210. Elapsed time since start: 21800.68 seconds.
Done reranking query 1211. Elapsed time since start: 21817.62 seconds.
Done reranking query 1212. Elapsed time since start: 21835.05 seconds.
Done reranking query 1213. Elapsed time since start: 21851.63 seconds.
Done reranking query 1214. Elapsed time since start: 21868.70 seconds.
Done reranking query 1215. Elapsed time since start: 21886.10 seconds.
Saved 1215 reranked responses to DeepSeek_text-reranked-75-indices.json
Saved 1215 reranked responses to DeepSeek_structured-reranked-75-indices.json
Done reranking query 1216. Elapsed time since start: 21906.26 seconds.
Done reranking query 1217. Elapsed time since start: 21924.48 seconds.
Done reranking query 1218. Elapsed time since start: 21941.81 seconds.
Done reranking query 1219. Elapsed time since start: 21958.37 seconds.
Done reranking query 1220. Elapsed time since start: 21977.08 seconds.
Done reranking query 1221. Elapsed time since start: 21994.24 seconds.
Done reranking query 1222. Elapsed time since start: 22011.61 seconds.
Done reranking query 1223. Elapsed time since start: 22028.00 seconds.
Done reranking query 1224. Elapsed time since start: 22047.21 seconds.
Done reranking query 1225. Elapsed time since start: 22063.60 seconds.
Done reranking query 1226. Elapsed time since start: 22080.10 seconds.
Done reranking query 1227. Elapsed time since start: 22097.40 seconds.
Done reranking query 1228. Elapsed time since start: 22114.34 seconds.
Done reranking query 1229. Elapsed time since start: 22132.93 seconds.
Done reranking query 1230. Elapsed time since start: 22150.52 seconds.
Saved 1230 reranked responses to DeepSeek_text-reranked-75-indices.json
Saved 1230 reranked responses to DeepSeek_structured-reranked-75-indices.json
Done reranking query 1231. Elapsed time since start: 22167.55 seconds.
Done reranking query 1232. Elapsed time since start: 22184.51 seconds.
Done reranking query 1233. Elapsed time since start: 22202.52 seconds.
Done reranking query 1234. Elapsed time since start: 22219.12 seconds.
Done reranking query 1235. Elapsed time since start: 22236.50 seconds.
Done reranking query 1236. Elapsed time since start: 22253.32 seconds.
Done reranking query 1237. Elapsed time since start: 22270.15 seconds.
Done reranking query 1238. Elapsed time since start: 22286.15 seconds.
Done reranking query 1239. Elapsed time since start: 22302.76 seconds.
Done reranking query 1240. Elapsed time since start: 22320.93 seconds.
Done reranking query 1241. Elapsed time since start: 22337.43 seconds.
Done reranking query 1242. Elapsed time since start: 22355.28 seconds.
Done reranking query 1243. Elapsed time since start: 22372.70 seconds.
Done reranking query 1244. Elapsed time since start: 22388.89 seconds.
Done reranking query 1245. Elapsed time since start: 22406.12 seconds.
Saved 1245 reranked responses to DeepSeek_text-reranked-75-indices.json
Saved 1245 reranked responses to DeepSeek_structured-reranked-75-indices.json
Saved all reranked responses to DeepSeek_text-reranked-75-indices.json
Saved all reranked responses to DeepSeek_structured-reranked-75-indices.json
[2025-04-09 10:03:37] Job completed. Proceeding to next job...
