Unnamed: 0,additions_to_vocab
0,"Choi and Mccallum, 2013"
1,"Chan et al., 2007"
2,"Pyysalo et al., 2010"
3,"Gildea and Jurafsky, 1994"
4,"Rauch et al., 2003"
5,"Karamanis and Manurung, 2002"
6,"Lu et al., 2011"
7,"Mejer and Crammer, 2012"
8,"Turian and Melamed, 2005"
9,"Plotnikova et al., 2015"
10,"Alonso et al., 1999"
11,"Viegas et al., 1998"
12,"Moschitti, 2004"
13,"Swanson and Charniak, 2014"
14,"Chen and Fung, 2004"
15,"Séaghdha and Copestake, 2009"
16,"Hwa, 2002"
17,"Ghazi et al., 2010"
18,"Johannsen et al., 2015"
19,"Gadde et al., 2010"
20,"Uryupina, 2003"
21,"Roark et al., 2013"
22,"Even-Zohar and Roth, 2001"
23,"Engonopoulos et al., 2013"
24,"Jiampojamarn and Kondrak, 2010"
25,"Graf and Marcinek, 2014"
26,"Schütze, 1998"
27,"Chen et al., 2013"
28,"Dredze and Wallenberg, 2008"
29,"Tanaka-Ishii et al., 2010"
30,"Bhagwani, 2013"
31,"Hill et al., 2013"
32,"Tsai, 2006"
33,"Kirk, 2009"
34,"Xia et al., 2009"
35,"Das et al., 2011"
36,"Liang et al., 2013"
37,"Roque and Traum, 2008"
38,"Sun and Mellish, 2007"
39,"Riedl and Biemann, 2012"
40,"Florou et al., 2013"
41,"Goyal et al., 2009"
42,"Snyder et al., 2013"
43,"McClosky et al., 2010"
44,"Nielsen, 2006"
45,"Goldwasser and Roth, 2008"
46,"Hwa, 2004"
47,"Angelov, 2009"
48,"Kordjamshidi et al., 2012"
49,"Rapp, 2008"
50,"Mani et al., 2002"
51,"Zheng et al., 2013"
52,"Cucerzan and Yarowsky, 2002"
53,"Fang and Huang, 2012"
54,"Yamada and Knight, 2002"
55,"Schwab et al., 2013"
56,"Dalrymple et al., 1993"
57,"Parent and Eskenazi, 2010"
58,"Park et al., 2000"
59,"Kan et al., 2001"
60,"Aranberri, 2015"
61,"Florian and Ngai, 2001"
62,"Dzikovska et al., 2007"
63,"Moschitti et al., 2005"
64,"Grenager and Manning, 2006"
65,"Chatterjee and Cancedda, 2010"
66,"Chen and Skiena, 2014"
67,"akici, 2005"
68,"Denkowski et al., 2012"
69,"Chang and Lai, 2004"
70,"Vogel and Hewavitharana, 2011"
71,"Knight and Graehl, 2004"
72,"Purver, 2014"
73,"Niehues et al., 2011"
74,"Jeong et al., 2009"
75,"Jing and McKeown, 2000"
76,"Sim et al., 2013"
77,"Esuli and Sebastiani, 2006"
78,"Li and Ji, 2014"
79,"Nakatsu, 2008"
80,"Hall and Novak, 2005"
81,"Tanaka et al., 2013"
82,"Saraclar and Sproat, 2004"
83,"Ashwini et al., 2011"
84,"Johansson, 2000"
85,"Poon and Domingos, 2009"
86,"Abend et al., 2009"
87,"Saggion et al., 2003"
88,"Brown et al., 2005"
89,"Reithinger et al., 2000"
90,"Makrai et al., 2013"
91,"Purver et al., 2009"
92,"Moriceau, 2006"
93,"DeNero and Uszkoreit, 2011"
94,"Kauchak and Barzilay, 2006"
95,"Wubben, 2010"
96,"Habash and Rambow, 2007"
97,"McIntosh and Curran, 2009"
98,"Chiang et al., 2011"
99,"Hovy and Lin, 1997"
100,"Arun et al., 2009"
101,"Huang and Chiang, 2008"
102,"Nebhi, 2012"
103,"Weisman et al., 2012"
104,"Funakoshi et al., 2006"
105,"Bohnet et al., 2013"
106,"Monroe et al., 2014"
107,"Dyer et al., 2011"
108,"Ballesteros and Nivre, 2012"
109,"Mani and Pustejovsky, 2004"
110,"Klebanov et al., 2014"
111,"Nomoto, 2008"
112,"Park, 2006"
113,"Poznanski et al., 1995"
114,"Basile et al., 2012"
115,"Nivre, 2005"
116,"Geldof, 2000"
117,"Abu-Jbara and Radev, 2012"
118,"Xiong et al., 2010"
119,"Daumé, 2007"
120,"Cooper et al., 2014"
121,"Erk, 2009"
122,"Sayeed et al., 2009"
123,"Humphreys et al., 2001"
124,"Sang, 2001"
125,"Deng and Gao, 2007"
126,"Surdeanu et al., 2012"
127,"Huang et al., 2014"
128,"Wan and Yang, 2006"
129,"Lee, 2012"
130,"Espana-Bonet and Comas, 2012"
131,"Uryupina, 2010"
132,"Bansal and Klein, 2012"
133,"Preotiuc-Pietro and Cohn, 2013"
134,"Chiarcos, 2010"
135,"Naseem et al., 2012"
136,"Charniak et al., 2006"
137,"Kalchbrenner and Blunsom, 2013"
138,"Stoyanchev and Stent, 2009"
139,"Moschitti and Basili, 2005"
140,"Suzuki and Isozaki, 2008"
141,"Kinyon and Prolo, 2002"
142,"Malouf, 2002"
143,"Chang and Roth, 2010"
144,"Martin et al., 2003"
145,"Howald and Katz, 2011"
146,"Kwiatkowski et al., 2013"
147,"McDonald et al., 2006"
148,"Kouylekov et al., 2012"
149,"Espinosa et al., 2010"
150,"Rei and Briscoe, 2014"
151,"Zhu et al., 2013"
152,"Chiang et al., 2006"
153,"Biemann, 2010"
154,"Gorman and Curran, 2006"
155,"Lang and Lapata, 2010"
156,"Lin et al., 2011"
157,"Ng, 1997"
158,"White and Rajkumar, 2009"
159,"Hobbs et al., 1993"
160,"Clark and Curran, 2007"
161,"Andrews et al., 2012"
162,"Alm, 2010"
163,"Green et al., 2010"
164,"McLauchlan, 2004"
165,"Songyot and Chiang, 2014"
166,"Pado et al., 2009"
167,"Wiebe et al., 2002"
168,"Freitag et al., 2005"
169,"Nerbonne, 2003"
170,"Navigli and Ponzetto, 2010"
171,"Yuret, 2006"
172,"Wilcock and Matsumoto, 1998"
173,"Reichart and Rappoport, 2010"
174,"Li, 2009"
175,"Fossum and Knight, 2009"
176,"Pianesi, 1991"
177,"Dang, 2006"
178,"Schutze, 1998"
179,"Haertel et al., 2010"
180,"Sun et al., 2014"
181,"Loáiciga and Wehrli, 2015"
182,"Vlachos, 2010"
183,"Evert and Kermes, 2003"
184,"Owczarzak et al., 2012"
185,"Jurgens and Stevens, 2010"
186,"Jobbins and Evett, 1998"
187,"Aluisio et al., 2010"
188,"Fader et al., 2013"
189,"Subramanya and Bilmes, 2008"
190,"Kim et al., 2010"
191,"Nerbonne et al., 2007"
192,"Bhargava and Kondrak, 2011"
193,"Federmann et al., 2009"
194,"Johannsen et al., 2014"
195,"Park and Blake, 2012"
196,"Kshirsagar et al., 2015"
197,"Golland et al., 2010"
198,"Youngmin et al., 2011"
199,"Yeh et al., 2009"
200,"Berant et al., 2010"
201,"Naim et al., 2013"
202,"Manning et al., 2014"
203,"Jordan and Walker, 2000"
204,"McCarthy and Korhonen, 1998"
205,"Nederhof, 1994"
206,"Langlais et al., 2000"
207,"Takamura et al., 2007"
208,"Yano et al., 2012"
209,"Inkpen and Hirst, 2002"
210,"Joshi and Weischedel, 1977"
211,"Zhou et al., 2006"
212,"Stratos et al., 2013"
213,"Palmer et al., 2004"
214,"Thadani and McKeown, 2013"
215,"Takamura et al., 2005"
216,"Hedegaard and Simonsen, 2011"
217,"Blunsom and Baldwin, 2006"
218,"Sridhar et al., 2014"
219,"Brun et al., 2014"
220,"Goodman and Bond, 2009"
221,"Eryigit, 2007"
222,"Levin et al., 2003"
223,"Chung and Gildea, 2009"
224,"Hasan and Ng, 2014"
225,"Huang et al., 2006"
226,"Dewdney et al., 2001"
227,"Schlangen, 2004"
228,"Lin et al., 2012"
229,"Zhang and Gildea, 2007"
230,"Balasubramanian et al., 2012"
231,"Forbes and Webber, 2002"
232,"Mitchell and Lapata, 2009"
233,"Suzuki et al., 2003"
234,"Gabbard et al., 2006"
235,"Täckström et al., 2012"
236,"Li and Roth, 2001"
237,"Celli, 2010"
238,"Mani et al., 1998"
239,"Jones and Thompson, 2003"
240,"Theeramunkong and Okumura, 1996"
241,"Girju, 2003"
242,"Cai et al., 2007"
243,"Horn et al., 2014"
244,"Passonneau and Litman, 1993"
245,"Breen, 2004"
246,"Titov and Henderson, 2010"
247,"Li and Brew, 2008"
248,"Stoyanchev et al., 2013"
249,"Bu et al., 2010"
250,"Rasooli and Collins, 2015"
251,"Walter and Pinkal, 2006"
252,"Che et al., 2010"
253,"Lita et al., 2004"
254,"Ide et al., 2009"
255,"Baker and Lowe, 1998"
256,"Filippova and Altun, 2013"
257,"Williams, 2007"
258,"Altenbek and Xiao-long, 2010"
259,"Vieira and Teufel, 1997"
260,"Müller et al., 2013"
261,"Athar and Teufel, 2012"
262,"Qiu et al., 2006"
263,"Yang et al., 2006"
264,"Mohamed et al., 2012"
265,"Mann, 2002"
266,"Rozovskaya and Roth, 2010"
267,"Florian et al., 2004"
268,"Sherif and Kondrak, 2007"
269,"Pyysalo et al., 2011"
270,"Nicolai et al., 2013"
271,"Penn and Munteanu, 2003"
272,"Mihalcea et al., 2012"
273,"Erk et al., 2009"
274,"Alegria et al., 2004"
275,"Nivre and Fernandez-Gonzalez, 2014"
276,"Musillo and Merlo, 2006"
277,"Doyle, 2014"
278,"Mandel et al., 2012"
279,"Boyer et al., 2008"
280,"Jansche, 2003"
281,"Foster and Andersen, 2009"
282,"Ravi et al., 2008"
283,"Erk and Pado, 2010"
284,"Alusio et al., 2010"
285,"Murray et al., 2005"
286,"Ziai et al., 2012"
287,"Becker et al., 2012"
288,"Ferschke et al., 2012"
289,"Shen et al., 2007"
290,"Graham and Baldwin, 2014"
291,"Xu et al., 2006"
292,"Sang and Veenstra, 1999"
293,"Bod, 1998"
294,"Rusko et al., 2013"
295,"Grishman, 1986"
296,"Bourdon et al., 1998"
297,"Bansal et al., 2014"
298,"Callison-Burch et al., 2009"
299,"Hardt, 1997"
300,"Marcus and Ramshaw, 1995"
301,"Hawwari et al., 2012"
302,"Smith and Osborne, 2006"
303,"Dunn, 2014"
304,"Heintz et al., 2013"
305,"Pighin et al., 2007"
306,"Dada, 2007"
307,"Ferret and Zock, 2006"
308,"Fraser and Marcu, 2005"
309,"Satta, 1997"
310,"Calder, 1989"
311,"Levenberg et al., 2011"
312,"Kok and Brockett, 2010"
313,"Resnik and Smith, 2002"
314,"Szpektor et al., 2008"
315,"Callison-Burch et al., 2006"
316,"Gildea, 2001"
317,"Sripada et al., 2001"
318,"Foster and White, 2004"
319,"Paek, 2001"
320,"Post et al., 2012"
321,"Przepiórkowski, 2007"
322,"Vigra and Khudanpur, 2003"
323,"Duboue, 2013"
324,"Hosseini et al., 2014"
325,"Gravano and Hirschberg, 2009"
326,"Kim and Veenstra, 1999"
327,"Niyu et al., 1998"
328,"Jbara and Radev, 2012"
329,"Honnibal and Goldberg, 2013"
330,"Pollard and Bierman, 2000"
331,"Kallmeyer and Maier, 2009"
332,"Rubino et al., 2012"
333,"Llopis et al., 2002"
334,"Byron and Tetreault, 1999"
335,"Si et al., 2013"
336,"Koeling, 2000"
337,"Gottipati et al., 2013"
338,"Crammer et al., 2007"
339,"Strube et al., 2002"
340,"Watkinson and Manandhar, 2001"
341,"Harbusch, 1990"
342,"Oshika et al., 1988"
343,"Murray et al., 2010"
344,"Schiitze, 1998"
345,"Ambati, 2010"
346,"Zhu, 2015"
347,"Persing and Ng, 2009"
348,"Hopkins and May, 2013"
349,"Heinz and Rogers, 2010"
350,"Branavan et al., 2008"
351,"Wang and Bond, 2013"
352,"You and Chen, 2004"
353,"Cahill et al., 2014"
354,"Ogren and Bethard, 2009"
355,"Mermer and Saraclar, 2011"
356,"Malandrakis et al., 2013"
357,"Han et al., 2012"
358,"Kay and Roscheisen, 1993"
359,"Kato et al., 2006"
360,"Lin and Smith, 2005"
361,"Daniel et al., 2003"
362,"Watanabe et al., 2003"
363,"Vo et al., 2014"
364,"Vanderwende et al., 2013"
365,"Vajjala and Meurers, 2013"
366,"Wiebe and Mihalcea, 2006"
367,"McCarthy and Navigli, 2007"
368,"Rounds and Manaster-Ramer, 1987"
369,"Magri, 2010"
370,"Chen et al., 2009"
371,"Yih et al., 2014"
372,"Mani et al., 2006"
373,"Daume, 2007"
374,"Grieser et al., 2007"
375,"Knight and Yamada, 1999"
376,"Tillman, 2004"
377,"Bikel, 2004"
378,"Kay and Roscheisen, 1988"
379,"Azzam, 1996"
380,"Barzilay and Lapata, 2008"
381,"Watkinson and Manandhar, 1999"
382,"Kanayama, 2003"
383,"McDonald et al., 2010"
384,"Basile and Bos, 2011"
385,"Bobicev, 2015"
386,"Florian et al., 2010"
387,"Lange et al., 2004"
388,"Cheng, 1998"
389,"Whitney and Sarkar, 2012"
390,"Gao et al., 2012"
391,"Wing and Baldridge, 2011"
392,"Boudin et al., 2010"
393,"Nilsson et al., 2007"
394,"Kolomiyets et al., 2012"
395,"Vlachos and Craven, 2011"
396,"Cortes et al., 2014"
397,"Toutanova and Cherry, 2009"
398,"Carberry, 1989"
399,"Waterman, 2009"
400,"Althaus et al., 2004"
401,"Mazidi and Nielsen, 2014"
402,"Birch et al., 2009"
403,"Keller et al., 2002"
404,"Zhang and McDonald, 2014"
405,"Ramakrishnan et al., 2003"
406,"Fox et al., 1988"
407,"Tuan et al., 2014"
408,"Harris, 1954"
409,"Dubey et al., 2011"
410,"Bach et al., 2011"
411,"Eneko, 2012"
412,"Bethard, 2013"
413,"Blunsom et al., 2014"
414,"Zhao and Grishman, 2005"
415,"Rahman and Ng, 2009"
416,"Sun and Jurafsky, 2003"
417,"Strube and Müller, 2003"
418,"Baumel et al., 2014"
419,"Khegai, 2006"
420,"Kim et al., 2006"
421,"Igo and Riloff, 2009"
422,"Yu et al., 2006"
423,"Denis and Baldridge, 2008"
424,"Filatova and Hatzivassiloglou, 2004"
425,"Tannier and Moriceau, 2013"
426,"Choi and Palmer, 2011"
427,"Toutanova and Chen, 2015"
428,"Sekine and Nobata, 2003"
429,"Cathcart et al., 2003"
430,"Callison-Burch, 2008"
431,"Newman et al., 2010"
432,"Wei and Pal, 2010"
433,"Schulder and Hovy, 2014"
434,"Turk, 2013"
435,"Wei and Rudnicky, 2000"
436,"Ritter et al., 2013"
437,"Mubarak and Darwish, 2014"
438,"Foster and White, 2007"
439,"Stewart, 2014"
440,"Vita et al., 2003"
441,"Nederhof, 2009"
442,"Dredze et al., 2010"
443,"Choi et al., 2012"
444,"Gliozzo et al., 2005"
445,"Attardi and Ciaramita, 2007"
446,"Kehler et al., 2004"
447,"Oflazer and Kuruoz, 1994"
448,"Vaswani et al., 2011"
449,"Levenberg et al., 2012"
450,"Müller and Strube, 2001"
451,"Pon-Barry and Shieber, 2009"
452,"Kamei and Wakao, 1992"
453,"Purver et al., 2006"
454,"Eidelman et al., 2012"
455,"Gonzalo et al., 1999"
456,"Matsusaki et al., 2005"
457,"Abu-Jbara et al., 2013"
458,"Ramshaw and Marcus, 1999"
459,"Yamangil and Shieber, 2012"
460,"Banerjee and Rudnicky, 2009"
461,"Shen et al., 2010"
462,"Schiehlen, 2003"
463,"Lee, 2004"
464,"Nivre et al., 2014"
465,"Litvak and Last, 2008"
466,"Yogatama et al., 2012"
467,"TŠckstršm et al., 2012"
468,"Koehn and Schroeder, 2007"
469,"Zhang et al., 2009"
470,"Freitag et al., 2014"
471,"Power, 2010"
472,"Knott et al., 1996"
473,"Grady and Lease, 2010"
474,"Ramage et al., 2009"
475,"Diab et al., 2008"
476,"Huang et al., 2010"
477,"Begeja et al., 2004"
478,"Tremper, 2010"
479,"Wu and Zhou, 2003"
480,"DeVault et al., 2005"
481,"Holen, 2013"
482,"Chen and Skienna, 2014"
483,"Ortiz-Martinez et al., 2011"
484,"Cherry and Foster, 2012"
485,"Meyers et al., 2007"
486,"Carter, 1994"
487,"Zhibiao and Palmer, 1994"
488,"Garcia and Gamallo, 2011"
489,"Hardmeier et al., 2013"
490,"Shudo et al., 2011"
491,"Su et al., 2010"
492,"Neubig et al., 2011"
493,"Inui et al., 2003"
494,"Baker and Fellbaum, 2009"
495,"Abney, 2004"
496,"Grosz et al., 1983"
497,"Koehn, 2010"
498,"Whittaker and Stenton, 1988"
499,"Schwenk, 2010"
500,"Marcu et al., 2006"
501,"Cimiano and Wenderoth, 2005"
502,"Lefever and Hoste, 2010"
503,"Niehues et al., 2015"
504,"Specia et al., 2006"
505,"Raskin et al., 2003"
506,"Palmer and Day, 1997"
507,"Paşca et al., 2006"
508,"Huang, 1994"
509,"Parisien et al., 2008"
510,"Kwok and Deng, 2002"
511,"Ai et al., 2007"
512,"Kumar and Byrne, 2002"
513,"Cohn and Blunsom, 2010"
514,"Bethard and Martin, 2006"
515,"Yoshimoto et al., 2013"
516,"Jokinen et al., 1998"
517,"Talbot and Osborne, 2007"
518,"Isozaki et al., 2010"
519,"Tiedemann, 1999"
520,"Zhu and Xiao, 2011"
521,"Emms, 2006"
522,"Bird et al., 2008"
523,"Carreras et al., 2002"
524,"Zhang et al., 2012"
525,"Voorhees, 2008"
526,"DeNero and Klein, 2008"
527,"Mohamed et al., 2011"
528,"Eryigit et al., 2008"
529,"Kehagias et al., 2003"
530,"Savova, 2003"
531,"Alfonseca et al., 2012"
532,"Turchi and Negri, 2013"
533,"Zou et al., 2013"
534,"Provoost and Moens, 2013"
535,"Kasper, 1987"
536,"Zhang and Xue, 2012"
537,"Johnson, 1991"
538,"Rozovskaya et al., 2011"
539,"Coursey et al., 2009"
540,"Krotov et al., 1997"
541,"Tablan et al., 2013"
542,"Bhargava and Kondrak, 2010"
543,"Komachi et al., 2009"
544,"Rudnick et al., 2013"
545,"Heinz, 2010"
546,"Bangalore and Stent, 2009"
547,"Mazdak, 2004"
548,"Lemon et al., 2002"
549,"Dinu and Lapata, 2010"
550,"Pereira et al., 1997"
551,"Zhou and Hovy, 2003"
552,"Jans et al., 2012"
553,"Koller and Lascarides, 2009"
554,"Xu and Weischedel, 2000"
555,"Scherrer, 2011"
556,"Park and Rim, 2005"
557,"Jiampojamarn et al., 2010"
558,"Blunsom et al., 2008"
559,"Baldwin and Villavicencio, 2002"
560,"Frermann and Bond, 2012"
561,"Pareira and Paraboni, 2008"
562,"Lee, 2013"
563,"Pierce and Cardie, 2004"
564,"Irwin et al., 2011"
565,"Cherry and Bergsma, 2005"
566,"Xu et al., 2007"
567,"Nederhof and Satta, 2006"
568,"Bosco and Lombardo, 2004"
569,"Ma, 2013"
570,"Day and Palmer, 1997"
571,"Hirschman et al., 1999"
572,"Harabagiu, 1996"
573,"Ejerhed, 1988"
574,"Karttunen, 2012"
575,"Danescu-Niculescu-Mizil et al., 2013"
576,"Søgaard, 2013"
577,"Hatzivassiloglou and McKeown, 2002"
578,"Caselli et al., 2015"
579,"Baldridge and Kruijff, 2002"
580,"Prins, 2004"
581,"Duh and Kirchhoff, 2005"
582,"Yates et al., 2006"
583,"Nematzadeh et al., 2012"
584,"Germann et al., 2004"
585,"Chen et al., 1998"
586,"Zhang and Krieger, 2011"
587,"Pitler et al., 2008"
588,"Leung et al., 2011"
589,"Mitchell and Lapata, 2008"
590,"Artzi et al., 2013"
591,"Demberg and Moore, 2006"
592,"Agarwal et al., 2010"
593,"Hassan and Mihalcea, 2009"
594,"Titov and Klementiev, 2012"
595,"Louis, 2012"
596,"Carlson et al., 2009"
597,"Schlangen et al., 2010"
598,"Szpektor and Dagan, 2009"
599,"Siegel, 1999"
600,"Wisniewski et al., 2010"
601,"McNamee and Mayfield, 2002"
602,"Lee and Seneff, 2008"
603,"Watanabe et al., 2006"
604,"Li et al., 2011"
605,"Nakov et al., 2005"
606,"Li and Li, 2004"
607,"Courley and Mihalcea, 2005"
608,"Diab and Bhutada, 2009"
609,"Ohta et al., 2009"
610,"GoldBerg and Elhadad, 2010"
611,"Pantel and Fuxman, 2011"
612,"Elliott and Keller, 2014"
613,"Prasad et al., 2004"
614,"Gonzlez-Rubio et al., 2011"
615,"Jørgensen et al., 2015"
616,"Nguyen and Dogruoz, 2013"
617,"Luong et al., 2015"
618,"Salameh et al., 2013"
619,"Bellegarda, 2010"
620,"Bjorne and Salakoski, 2011"
621,"Pustejovsky and Rumshisky, 2009"
622,"Giesbrecht, 2010"
623,"Kaplan et al., 2002"
624,"McCarthy, 2006"
625,"Pastra et al., 2003"
626,"Kibble and Power, 2000"
627,"Chiang, 2005"
628,"Souček et al., 2013"
629,"Clergerie, 2005"
630,"Mann and Yarowsky, 2005"
631,"Celikyilmaz and Hakkani-Tur, 2010"
632,"Purver et al., 2001"
633,"Banchs et al., 2005"
634,"Sallab et al., 2014"
635,"Burkett and Klein, 2008"
636,"Brill, 2000"
637,"Maslennikov and Chua, 2007"
638,"Erk, 2013"
639,"Fan et al., 2014"
640,"Brown et al., 2011"
641,"Nilsson et al., 2008"
642,"Verhagen et al., 2005"
643,"Pereira and Warren, 1983"
644,"Moore, 2004"
645,"Koehn, 2008"
646,"Settles and Craven, 2008"
647,"Chu-Carroll et al., 2003"
648,"Monson, 2004"
649,"Tzoukermann and Radev, 1996"
650,"Buck, 2012"
651,"Levenberg and Osborne, 2009"
652,"Roth and Frank, 2009"
653,"Poon, 2013"
654,"Carpenter, 2005"
655,"Androutsopoulos and Karkaletsis, 2005"
656,"Navigli et al., 2013"
657,"Sara et al., 2014"
658,"Edmonds and Cotton, 2001"
659,"Benajiba et al., 2008"
660,"Ji and Grishman, 2008"
661,"Hoang et al., 2007"
662,"Hong et al., 2009"
663,"Joshi and Carolyn, 2009"
664,"Severyn et al., 2013"
665,"Litman and Silliman, 2004"
666,"Mostow and Jang, 2012"
667,"Sinha, 2012"
668,"Guerini et al., 2013"
669,"Stymne et al., 2014"
670,"Chelba, 1998"
671,"Fu et al., 2014"
672,"Yamada and Knight, 2001"
673,"Kirschner and Bernardi, 2009"
674,"Reyle, 1992"
675,"Zhang and Gildea, 2006"
676,"Gao and He, 2013"
677,"Mayfield et al., 2003"
678,"Ferret et al., 1998"
679,"Pust and Knight, 2009"
680,"Belz, 2000"
681,"Och et al., 2002"
682,"Schuetze, 1998"
683,"Karampatsis et al., 2014"
684,"Ji and Grishman, 2004"
685,"Mihalcea, 2005"
686,"Daume and Marcu, 2007"
687,"Sætre et al., 2009"
688,"Asr and Demberg, 2013"
689,"Novischi and Moldovan, 2006"
690,"Agic et al., 2013"
691,"Pitler and Nenkova, 2008"
692,"Zhou and Su, 2002"
693,"Calder, 1997"
694,"Brown, 2014"
695,"Durrett and DeNero, 2013"
696,"Kate, 2008"
697,"Gong et al., 2011"
698,"Peldszus and Stede, 2013"
699,"Feng et al., 2009"
700,"Lei et al., 2013"
701,"Recasens et al., 2013"
702,"Mirkin et al., 2015"
703,"Yoshida et al., 2014"
704,"Nakanishi et al., 2005"
705,"Gandrabur and Foster, 2003"
706,"Eskenazi et al., 2013"
707,"Duan et al., 2006"
708,"Buchholz and Erwin, 2006"
709,"Ferret, 2007"
710,"Bloodgood and Strauss, 2014"
711,"Chodorow et al., 2007"
712,"Bejan and Harabagiu, 2010"
713,"Cohen and Levesque, 1985"
714,"Kuruoz, 1994"
715,"Walde, 2003"
716,"Eisenstein and Barzilay, 2008"
717,"Rose, 2000"
718,"Guenthner and Lehmann, 1983"
719,"Raz, 2012"
720,"Evang and Kallmeyer, 2011"
721,"Chen and Lee, 2000"
722,"Heinonen, 1998"
723,"Titov and McDonald, 2008"
724,"Dickinson and Herring, 2008"
725,"Dale and Kilgariff, 2011"
726,"Rieser and Lemon, 2010"
727,"Guillou, 2012"
728,"Boisson et al., 2013"
729,"Wu, 2003"
730,"Nakashole et al., 2013"
731,"Carreras and Màrquez, 2001"
732,"Scha and Stallard, 1988"
733,"Regneri and Wang, 2012"
734,"Skut et al., 1997"
735,"Henderson et al., 2013"
736,"Carpuat, 2013"
737,"Huang and Riloff, 2013"
738,"Tapanainen et al., 1998"
739,"Chelba and Acero, 2005"
740,"Bouma, 1992"
741,"Melamud et al., 2013"
742,"Xie et al., 2013"
743,"Ramakrishnan et al., 2006"
744,"Blunsom and Cohn, 2006"
745,"Somasundaran et al., 2006"
746,"Qian et al., 2014"
747,"Cristea and Webber, 1997"
748,"Nguyen et al., 2006"
749,"Neidert et al., 2014"
750,"Krishnakamuran and Zhu, 2007"
751,"Tsvetkov et al., 2014"
752,"Okazaki et al., 2008"
753,"Paiva and Evans, 2005"
754,"Bergsma et al., 2010"
755,"Abney and Bird, 2011"
756,"Rajkumar et al., 2011"
757,"Gasperin and Vieira, 2004"
758,"Green et al., 2004"
759,"Okita et al., 2010"
760,"Nomoto and Matsumoto, 1999"
761,"Tu and Roth, 2011"
762,"Auli et al., 2013"
763,"Harabagiu et al., 2005"
764,"Colbath and Kubala, 2003"
765,"Zadrozny and Jensen, 1991"
766,"Briscoe and Copestake, 1996"
767,"Core et al., 2003"
768,"King, 2008"
769,"Gillenwater et al., 2012"
770,"Mehdad et al., 2013"
771,"Ninomiya et al., 2006"
772,"Bringert et al., 2009"
773,"Chen, 2008"
774,"Bergsma et al., 2008"
775,"Collins, 2000"
776,"Hermann and Blunsom, 2013"
777,"Danlos, 2004"
778,"Gargett et al., 2014"
779,"Rapaport and Shapiro, 1984"
780,"Chiang, 2007"
781,"Jackendoff, 1993"
782,"Bod, 2003"
783,"Titov and Klementiev, 2011"
784,"Lien, 2014"
785,"Hollingshead and Roark, 2007"
786,"Ananthakrishnan et al., 2011"
787,"Wang and Manning, 2012"
788,"Kuhlmann and Möhl, 2006"
789,"Bennett et al., 1997"
790,"Lapata, 2003"
791,"Mitchell, 2013"
792,"Abney, 1997"
793,"Beil et al., 1999"
794,"Seginer, 2007"
795,"Rosenfeld and Feldman, 2006"
796,"Martinez and Agirre, 2001"
797,"Nivre, 2007"
798,"Nadejde et al., 2013"
799,"Wu et al., 2004"
800,"Amnueypornsakul et al., 2014"
801,"Taira et al., 2008"
802,"Hovy et al., 2014"
803,"Wong and Dras, 2011"
804,"Goyal et al., 2010"
805,"Kilgariff, 1993"
806,"Bird et al., 2014"
807,"Dale and Mazur, 2006"
808,"Li and Zong, 2008"
809,"Catizone et al., 2003"
810,"Morante and Daelemans, 2009"
811,"Schmid and Rooth, 2001"
812,"Fang and Chang, 2014"
813,"Arens et al., 1987"
814,"Park, 1995"
815,"Ceylan and Mihalcea, 2011"
816,"Tsarfaty et al., 2012"
817,"Dickinson, 2008"
818,"Dugast et al., 2007"
819,"Allauzen et al., 2003"
820,"Decker, 1985"
821,"Lui and Baldwin, 2014"
822,"Farkas and Schmid, 2012"
823,"Jiang and Liu, 2010"
824,"Johansson and Moschitti, 2010"
825,"Pollard, 1987"
826,"Koeling and McCarthy, 2007"
827,"Somasundaran et al., 2008"
828,"Corley and Mihalcea, 2005"
829,"Etzioni, 2008"
830,"Gebre et al., 2013"
831,"Filice et al., 2015"
832,"Becker and Riaz, 2002"
833,"Pulman and Sukkarieh, 2005"
834,"Preiss, 2012"
835,"Ando and Zhang, 2005"
836,"Lesmo et al., 2011"
837,"Stoica et al., 2007"
838,"Briscoe and Carrol, 1997"
839,"Rasooli et al., 2013"
840,"Siddahrthan, 2003"
841,"Gupta and Manning, 2014"
842,"Widdows, 2005"
843,"Simion et al., 2013"
844,"Wang and Cer, 2012"
845,"Heilman et al., 2008"
846,"Jarvinen and Tapanainen, 1998"
847,"Ayuso et al., 1987"
848,"Hohensee and Bender, 2012"
849,"Shen et al., 2005"
850,"Litman and Forbes-Riley, 2009"
851,"Musillo and Merlo, 2005"
852,"Penn, 2004"
853,"Plank, 2009"
854,"Velldal and Oepen, 2006"
855,"Labutov and Lipson, 2013"
856,"Yoon et al., 2012"
857,"Bicici and Way, 2014"
858,"Abend and Rappoport, 2013"
859,"Mohamed et al., 2015"
860,"Mirza and Tonelli, 2014"
861,"Roux, 2006"
862,"Pestian et al., 2008"
863,"Neuvel and Fulop, 2002"
864,"Freedman, 2000"
865,"Mann, 2001"
866,"Poesio et al., 2011"
867,"Zhang and Clark, 2008"
868,"Hobbs et al., 1988"
869,"Bird and Simons, 2001"
870,"Park, 1988"
871,"Mellish and Evans, 1989"
872,"Hu and Boyd-Graber, 2012"
873,"Hovy, 2015"
874,"Marcu and Echihabi, 2001"
875,"Zukerman and George, 2002"
876,"Kasper and Rounds, 1986"
877,"Sauper et al., 2011"
878,"Bod and Kaplan, 1998"
879,"Petrovic et al., 2010"
880,"Demier et al., 2008"
881,"Liu et al., 2010"
882,"Black et al., 1998"
883,"Huang and Riloff, 2012"
884,"Melamed, 1997"
885,"Penn and Haji-Abdolhosseini, 2003"
886,"Honnibal et al., 2009"
887,"Reisinger and Pasca, 2011"
888,"Bergsma et al., 2012"
889,"Chen and Dolan, 2011"
890,"Beck et al., 2013"
891,"Strube and Mueller, 2003"
892,"Banko et al., 2000"
893,"Chen and Kuhn, 2011"
894,"Huang and Sagae, 2010"
895,"Naughton, 2007"
896,"Reddy and Knight, 2011"
897,"Clark and Harrison, 2010"
898,"Herbelot and Copestake, 2010"
899,"Shi and Mihalcea, 2004"
900,"Shah et al., 2010"
901,"Trivedi and Eisenstein, 2013"
902,"Moore, 1989"
903,"Hagiwara and Sekine, 2011"
904,"Cybulska and Vossen, 2011"
905,"Farkas et al., 2012"
906,"Kessler et al., 1997"
907,"Baldridge and Osborne, 2003"
908,"Max and Zock, 2008"
909,"Habash et al., 2013"
910,"Fountain and Lapata, 2012"
911,"Nothdurft et al., 2014"
912,"Damas et al., 1991"
913,"Niculae, 2013"
914,"Sang, 2007"
915,"Pustejovsky and Yocum, 2013"
916,"Geldorf, 2000"
917,"Ribas, 1994"
918,"Cohen et al., 2012"
919,"Evans et al., 2004"
920,"Kikuchi et al., 2014"
921,"Lopez, 2012"
922,"Sankoff, 1998"
923,"Yi et al., 2011"
924,"Barnard and Johnson, 2005"
925,"Xue, 2006"
926,"Sangati et al., 2009"
927,"Sandu et al., 2010"
928,"Nederhof, 1993"
929,"Bird and Blackburn, 1991"
930,"Dahlmeier et al., 2011"
931,"Nakov and Hearst, 2003"
932,"Colineau et al., 2002"
933,"Flickinger et al., 1985"
934,"Szpector et al., 2004"
935,"Vlachos and Clark, 2014"
936,"Gurevich and Waterman, 2009"
937,"Bod, 1993"
938,"Barak et al., 2012"
939,"Vogel and Jurafsky, 2010"
940,"Wurzer et al., 2015"
941,"Bracewell et al., 2012"
942,"Weimer et al., 2007"
943,"Udupa and Maji, 2006"
944,"Show, 1998"
945,"Tonelli and Giuliano, 2009"
946,"Calhoune et al., 2005"
947,"Yang, 1999"
948,"Lee and Webster, 2012"
949,"DeNero et al., 2006"
950,"Coppersmith et al., 2015"
951,"Lapata and Keller, 2007"
952,"Okanohara and Tsujii, 2007"
953,"Pradhan and Xue, 2009"
954,"Nederhof and Satta, 2004"
955,"Fosler, 1996"
956,"Jurgens, 2012"
957,"Fernando and Stevenson, 2012"
958,"Hall et al., 2008"
959,"Mahesh and Sinha, 2009"
960,"Hassan et al., 2007"
961,"Hasan et al., 2006"
962,"Grave et al., 2013"
963,"DeNero and Klein, 2007"
964,"Cherry and Lin, 2003"
965,"Charniak, 2005"
966,"Kouylekov, 2012"
967,"Koike and Takagi, 2004"
968,"Rambow et al., 2004"
969,"Nichols et al., 2006"
970,"Meng et al., 2012"
971,"Kilgariff, 2014"
972,"Surdeanu et al., 2005"
973,"Berwick, 1980"
974,"Kothari et al., 2009"
975,"Webber and Joshi, 1998"
976,"Johansson and Nugues, 2007"
977,"Corston-Oliver, 1998"
978,"Bethard et al., 2015"
979,"Resnik, 1999"
980,"Somasundaran and Wiebe, 2010"
981,"Mitchell et al., 2015"
982,"Han and Chang, 2013"
983,"Contractor et al., 2010"
984,"Ozgencil and McCracken, 2005"
985,"Gardent and Parmentier, 2006"
986,"Kilicoglu and Bergler, 2009"
987,"Okazaki and Ananiadou, 2006"
988,"Luong et al., 2014"
989,"Tan and Cheng, 2009"
990,"Smith and Eisner, 2004"
991,"Post, 2011"
992,"Moore et al., 2013"
993,"Setzer and Gaizauskas, 2001"
994,"Darwish et al., 2014"
995,"Murphy et al., 2009"
996,"Kaji et al., 2010"
997,"Isabelle, 1984"
998,"Neale et al., 2015"
999,"Clegg and Shepherd, 2005"
1000,"Broscheit et al., 2010"
1001,"Lo et al., 2014"
1002,"Banchs and Costa-jussà, 2011"
1003,"Newman, 2007"
1004,"Bicici, 2013"
1005,"Zukerman et al., 2003"
1006,"Lindberg et al., 2013"
1007,"Tapanainen and Jarvinen, 1997"
1008,"Kobdani et al., 2011"
1009,"Connor et al., 2009"
1010,"Langlais et al., 1998"
1011,"Nicolae and Nicolae, 2006"
1012,"Xie et al., 2012"
1013,"Boullier and Sagot, 2005"
1014,"Erk et al., 2012"
1015,"Sekine, 2006"
1016,"Mazur and Dale, 2010"
1017,"Hu et al., 2010"
1018,"Asahara et al., 2003"
1019,"Marcu and Echihabi, 2003"
1020,"Lin and Wu, 2009"
1021,"Areces et al., 2008"
1022,"Macherey et al., 2011"
1023,"Ruifang and Mooney, 2006"
1024,"Chen and Ng, 2013"
1025,"Carbonell and Hayes, 1984"
1026,"Escudero et al., 2004"
1027,"Kawahara and Uchimoto, 2007"
1028,"Wang and Callison-Burch, 2010"
1029,"Demirsahin and Zeyrek, 2014"
1030,"Wu and Wang, 2009"
1031,"Monsalve et al., 2012"
1032,"Reichart et al., 2008"
1033,"Yung et al., 2015"
1034,"Banko et al., 2008"
1035,"Genzel and Charniak, 2002"
1036,"Lui et al., 2014"
1037,"Huang, 1983"
1038,"Moriceau, 2005"
1039,"Cherry, 2005"
1040,"Navigli and Velardi, 2010"
1041,"Roxas et al., 2009"
1042,"Levin et al., 2006"
1043,"Raghunathan et al., 2010"
1044,"Pecina, 2005"
1045,"Palmer et al., 1986"
1046,"Villavicencio, 2002"
1047,"Ciobanu and Dinu, 2014"
1048,"Pustejovsky and Stubbs, 2011"
1049,"Riezler et al., 2007"
1050,"UzZaman and Allen, 2011"
1051,"Morris and Hirst, 2004"
1052,"Ratinov et al., 2011"
1053,"Sedding and Kazakov, 2004"
1054,"Brown, 2011"
1055,"Nakashole and Weikum, 2012"
1056,"Vilar et al., 2007"
1057,"Ravichandran et al., 2005"
1058,"Nulty and Costello, 2010"
1059,"Li and Abe, 1998"
1060,"Venugopal and Zollmann, 2006"
1061,"Shen et al., 2014"
1062,"Du et al., 2012"
1063,"Ide and Cristea, 2000"
1064,"Hayashi et al., 2013"
1065,"Narayanan et al., 2009"
1066,"Zollman and Venugopal, 2006"
1067,"mshaw and Marcus, 1999"
1068,"Chalothorn and Ellman, 2013"
1069,"Washtell, 2009"
1070,"Higashinaka et al., 2003"
1071,"Guo et al., 2014"
1072,"Pan and Hirschberg, 2000"
1073,"Hutchens and Adler, 1998"
1074,"Potet et al., 2010"
1075,"Samuel et al., 1998"
1076,"Finlayson and Kulkarni, 2011"
1077,"Hou et al., 2013"
1078,"Lapponi et al., 2012"
1079,"Osborne and Baldridge, 2004"
1080,"White, 2006"
1081,"Bhargava and Kondrak, 2012"
1082,"Niehues and Kolss, 2009"
1083,"Chen, 1995"
1084,"Agarwal et al., 2011"
1085,"Mairesse and Walker, 2007"
1086,"Tapanainen and Voutilainen, 1994"
1087,"Daud et al., 2000"
1088,"Korhonen et al., 2006"
1089,"Koehn and Haddow, 2012"
1090,"Burkett and Klein, 2012"
1091,"Qian and Liu, 2013"
1092,"Gliozzo and Strapparava, 2005"
1093,"Litkowski and Hargraves, 2007"
1094,"Nunberg, 1995"
1095,"Bergsma and Kondrak, 2007"
1096,"Shinzato and Torisawa, 2004"
1097,"Fancellu and Webber, 2015"
1098,"Persing and Ng, 2013"
1099,"Culotta and McCallum, 2004"
1100,"Riedel et al., 2010"
1101,"Radev et al., 2003"
1102,"Lambert et al., 2011"
1103,"Parton et al., 2011"
1104,"Kirchhoff and Yang, 2005"
1105,"Lavoie and Rambow, 1997"
1106,"Allauzen et al., 2009"
1107,"Goodman, 1999"
1108,"Veale and Hao, 2007"
1109,"Evans and Zhai, 1996"
1110,"Baroni and Lenci, 2011"
1111,"Baldridge and Osborne, 2004"
1112,"Mueller et al., 2002"
1113,"Schabes and Waters, 1993"
1114,"Leusch and Ney, 2010"
1115,"Foster and Oberlander, 2006"
1116,"Stern et al., 2012"
1117,"Eisenstein et al., 2009"
1118,"Schtze, 1998"
1119,"Schwartz et al., 2014"
1120,"Koller and Striegnitz, 2002"
1121,"Branco, 1998"
1122,"Zhang and Litman, 2014"
1123,"Lampert et al., 2010"
1124,"Bruni et al., 2013"
1125,"Grishman et al., 1992"
1126,"Wu and Palmer, 1994"
1127,"Gung and Kalita, 2012"
1128,"McIntosh, 2010"
1129,"Bentivogli and Pianta, 2003"
1130,"Lavoie et al., 2001"
1131,"Simard, 2003"
1132,"Preiss, 2002"
1133,"Stallard, 1993"
1134,"Gurevych et al., 2003"
1135,"Roark and Sproat, 2007"
1136,"Fournier, 2013"
1137,"Hamdi et al., 2014"
1138,"Demir et al., 2010"
1139,"Dinu et al., 2012"
1140,"Poon et al., 2010"
1141,"Liang et al., 2010"
1142,"Harper, 1992"
1143,"Rapp and Zock, 2014"
1144,"Barzilay and Elhadad, 2003"
1145,"Tsang and Stevenson, 2006"
1146,"Holan et al., 1998"
1147,"Honnibal and Johnson, 2014"
1148,"Felice and Specia, 2012"
1149,"Lee, 2005"
1150,"Ushioda, 1996"
1151,"Teufel et al., 2006"
1152,"Turner et al., 2006"
1153,"Langer et al., 2004"
1154,"Chang et al., 2009"
1155,"Tang et al., 2001"
1156,"Heilman et al., 2014"
1157,"Lefever and Hoste, 2013"
1158,"Gimpel and Smith, 2011"
1159,"Venugopal et al., 2003"
1160,"Buchholz et al., 1999"
1161,"Holt and Klein, 1999"
1162,"Graham, 2015"
1163,"Siegel and Bender, 2002"
1164,"Cunningham et al., 1997"
1165,"Boonthum, 2004"
1166,"Hovy et al., 2013"
1167,"Koller et al., 2008"
1168,"Madkour et al., 2007"
1169,"Liu and Gildea, 2009"
1170,"Toutanova and Manning, 2002"
1171,"Pustejovsky, 1994"
1172,"Raux and Eskenazi, 2009"
1173,"Banea and Mihalcea, 2011"
1174,"Zaidan and Callison-Burch, 2012"
1175,"Liang and Klein, 2008"
1176,"Ide, 1999"
1177,"Riedel and McCallum, 2011"
1178,"Turner et al., 2009"
1179,"Joshi et al., 2015"
1180,"Ko et al., 2007"
1181,"Murray and Carenini, 2008"
1182,"Germann et al., 2001"
1183,"Veale, 2014"
1184,"Carletta and Isard, 1999"
1185,"Galanis and Androutsopoulos, 2010"
1186,"Levow, 2004"
1187,"Utiyama and Isahara, 2000"
1188,"Burger et al., 2002"
1189,"Pasca et al., 2006"
1190,"Sekine, 1997"
1191,"Bojar et al., 2015"
1192,"Andreas et al., 2013"
1193,"Soricut and Marcu, 2006"
1194,"Mori et al., 2006"
1195,"Hachey, 2006"
1196,"Resnik, 1995"
1197,"Abdul-Hamid and Darwish, 2010"
1198,"Ramshaw, 1991"
1199,"Joty et al., 2012"
1200,"Movshovitz-Attias and Cohen, 2012"
1201,"Zhang et al., 2008"
1202,"Fellbaum et al., 1997"
1203,"Bhat and Sproat, 2009"
1204,"Sharoff et al., 2006"
1205,"Whittaker et al., 2006"
1206,"Lin and Bilmes, 2011"
1207,"Schuetze, 1993"
1208,"Ma et al., 2008"
1209,"Litkowski, 2002"
1210,"Hazem et al., 2011"
1211,"Das and Bandyopadhyay, 2009"
1212,"Le et al., 2012"
1213,"Bronner and Monz, 2012"
1214,"Navigli and Crisafulli, 2010"
1215,"Pustejovsky and Meyers, 2005"
1216,"Bohnet, 2009"
1217,"Gildea and Jurafsky, 2000"
1218,"Dickinson, 2010"
1219,"Briscoe et al., 1997"
1220,"Gandhe and Traum, 2013"
1221,"Stevenson et al., 2004"
1222,"Liang and Klein, 2009"
1223,"Framis, 1995"
1224,"Sajjad and Schmid, 2009"
1225,"Luo et al., 2012"
1226,"Modjeska et al., 2003"
1227,"Li et al., 2015"
1228,"Skantze and Schlangen, 2009"
1229,"Snyder et al., 2010"
1230,"Chambers, 2013"
1231,"Patterson and Kehler, 2013"
1232,"Putthividhya and Hu, 2011"
1233,"McGlashan et al., 1992"
1234,"Harper and Charniak, 1986"
1235,"Kager, 1999"
1236,"Pitler et al., 2013"
1237,"Power and Williams, 2012"
1238,"Zaidan and Ganitkevitch, 2010"
1239,"Martins et al., 2013"
1240,"Filatova, 2004"
1241,"Konstas and Lapata, 2012"
1242,"Hsu et al., 2011"
1243,"Faralli and Navigli, 2013"
1244,"Zollmann and Venugopal, 2006"
1245,"Lee and Katz, 2009"
1246,"Östling, 2013"
1247,"Neubig et al., 2012"
1248,"Evans and Gazdar, 1989"
1249,"Mostow and Duan, 2011"
1250,"Zhu et al., 2007"
1251,"Tsou, 1998"
1252,"Cheng and Roth, 2013"
1253,"Pirinen, 2015"
1254,"Narayanan and Hashem, 1993"
1255,"Gildea and Jurafsky, 2001"
1256,"Kim et al., 1995"
1257,"Delmonte and Prati, 2014"
1258,"Biran et al., 2011"
1259,"Hendrix and Lewis, 1981"
1260,"Santus et al., 2014"
1261,"Alonge et al., 2000"
1262,"Yu et al., 2013"
1263,"Kökciyan et al., 2013"
1264,"Elsner et al., 2009"
1265,"Hachey et al., 2014"
1266,"Espinosa et al., 2008"
1267,"Bouma, 1989"
1268,"Zuidema, 2006"
1269,"Reyle, 1995"
1270,"Johnson, 2009"
1271,"Ott et al., 2013"
1272,"Yannakoudakis et al., 2011"
1273,"Stent and Molina, 2009"
1274,"Chiu et al., 2013"
1275,"Park et al., 2011"
1276,"Kondrak et al., 2007"
1277,"Langlais et al., 2005"
1278,"Bowker and Barlow, 2004"
1279,"Carenini et al., 2013"
1280,"Meyers et al., 2004"
1281,"Feldman et al., 2009"
1282,"Barton, 1985"
1283,"Chen et al., 2006"
1284,"Schiehlen, 1998"
1285,"Deselaers et al., 2009"
1286,"Kim et al., 2011"
1287,"Thadani and McKeown, 2011"
1288,"Mihalcea et al., 2007"
1289,"Dang and Palmer, 2005"
1290,"Ferschke et al., 2011"
1291,"Ozdowska, 2004"
1292,"Pennacchiotti and Pantel, 2009"
1293,"Nirenburg et al., 2004"
1294,"Miyao et al., 2008"
1295,"Blache et al., 2006"
1296,"Reizler et al., 2007"
1297,"Smith, 2003"
1298,"Bies et al., 2005"
1299,"Silberer et al., 2013"
1300,"Mesquita et al., 2013"
1301,"Lacoste-Julien et al., 2006"
1302,"Koehn and Monz, 2005"
1303,"Celikyilmaz et al., 2010"
1304,"Shen and Joshi, 2008"
1305,"Rimell and Clark, 2008"
1306,"Pedersen and Bruce, 1997"
1307,"Bod, 2000"
1308,"Buyko et al., 2009"
1309,"Russo et al., 2015"
1310,"Suchanek et al., 2006"
1311,"Lee and Glass, 2012"
1312,"Honnibal and Curran, 2005"
1313,"Xiong et al., 2012"
1314,"Bertoldi et al., 2010"
1315,"Florian, 2002"
1316,"Macháček and Bojar, 2013"
1317,"Nirenburg et al., 2003"
1318,"Mann and Yarowsky, 2003"
1319,"Frank and Reyle, 1995"
1320,"Kaisser et al., 2008"
1321,"Canny et al., 2013"
1322,"Zens et al., 2004"
1323,"Deng and Byrne, 2006"
1324,"Litman et al., 2000"
1325,"Socher et al., 2012"
1326,"Du et al., 2013"
1327,"Sha and Pereira, 2002"
1328,"Rudzicz, 2011"
1329,"Mihalcea, 2007"
1330,"Morita et al., 2013"
1331,"Pyysalo et al., 2015"
1332,"Tetreault, 1999"
1333,"Balasuriya et al., 2009"
1334,"Eisenstein and Davis, 2007"
1335,"Cao et al., 2015"
1336,"Horacek, 2002"
1337,"Jijkoun, 2003"
1338,"Alvarez et al., 2006"
1339,"Lembersky et al., 2012"
1340,"Trnka et al., 2007"
1341,"Yoshikawa et al., 2012"
1342,"Shang et al., 2015"
1343,"Gardent, 2002"
1344,"Fitzgerald et al., 2009"
1345,"Haghighi and Vanderwende, 2009"
1346,"Sassano, 2003"
1347,"Sridhar et al., 2013"
1348,"Luperfoy, 1992"
1349,"Wiebe et al., 2004"
1350,"Simova et al., 2014"
1351,"Ghose et al., 2007"
1352,"Ji and Bilmes, 2004"
1353,"Henderson, 2004"
1354,"Kazemzadeh et al., 2014"
1355,"Pakhomov et al., 2005"
1356,"Tomabechi, 1991"
1357,"Curran et al., 2006"
1358,"Fujii et al., 2004"
1359,"Rus et al., 2013"
1360,"Kacmarcik and Gamon, 2006"
1361,"Fishel, 2013"
1362,"Lin, 1999"
1363,"Inui and Nogami, 2001"
1364,"Ng and Cardie, 2003"
1365,"Yi and Palmer, 2005"
1366,"Gervas, 2010"
1367,"Nothman et al., 2009"
1368,"Yu and Dredze, 2014"
1369,"Rastrow et al., 2012"
1370,"Mcdonald et al., 2010"
1371,"Wilson and Wiebe, 2005"
1372,"Tonelli et al., 2012"
1373,"Yang et al., 2007"
1374,"Belz, 1998"
1375,"Gillick and Favre, 2009"
1376,"Mi et al., 2008"
1377,"Dorow and Widdows, 2003"
1378,"Rai et al., 2010"
1379,"Jurafsky et al., 1998"
1380,"Dubey and Keller, 2003"
1381,"Kiraz, 1996"
1382,"Andrews et al., 2014"
1383,"Ovchinnikova et al., 2014"
1384,"Ge and Mooney, 2006"
1385,"Stokes, 2003"
1386,"Seretan and Wehrli, 2006"
1387,"Zhai and Williams, 2014"
1388,"Srikumar et al., 2012"
1389,"Ichikawa et al., 2006"
1390,"Butt et al., 2002"
1391,"Marrafa and Mendes, 2006"
1392,"Zilio et al., 2011"
1393,"Ling et al., 2013"
1394,"Clarke et al., 2010"
1395,"Elson et al., 2010"
1396,"Liu and Gildea, 2005"
1397,"Zhang and Wang, 2014"
1398,"Munro et al., 2010"
1399,"Kudo and Matsumoto, 2004"
1400,"Bian, 2006"
1401,"Wu et al., 2002"
1402,"Satta and Kuhlmann, 2013"
1403,"Tillmann and Xia, 2003"
1404,"Carey, 1980"
1405,"Abdul-Mageed et al., 2011"
1406,"Culotta et al., 2007"
1407,"Walther, 2000"
1408,"Al-onaizan and Knight, 2002"
1409,"Mehler, 2006"
1410,"Lambert and Carberry, 1991"
1411,"Huang and Harper, 2010"
1412,"Meyer and Dale, 2002"
1413,"Burger et al., 2011"
1414,"Widdows, 2004"
1415,"Specia et al., 2015"
1416,"Singh et al., 2010"
1417,"Johnston et al., 2002"
1418,"Volk and Samuelsson, 2004"
1419,"Wang and Cardie, 2012"
1420,"Carpuat, 2009"
1421,"Liddy and McCracken, 2005"
1422,"Rajkumar et al., 2009"
1423,"Knight and Graehl, 1997"
1424,"Louis et al., 2010"
1425,"Ramshaw and Marcus, 1998"
1426,"Li and Yamanishi, 1997"
1427,"Kondrak, 2001"
1428,"Passonneau et al., 2013"
1429,"Baroni and Lenci, 2009"
1430,"Malmasi and Dras, 2014"
1431,"McDonald et al., 2005"
1432,"Borisov et al., 2013"
1433,"Heinz and Lai, 2013"
1434,"Gao and Suzuki, 2003"
1435,"Moore, 2003"
1436,"Sobhani et al., 2015"
1437,"Hobbs, 1985"
1438,"Pestian et al., 2007"
1439,"Brown, 1991"
1440,"Homola et al., 2009"
1441,"Yano et al., 2010"
1442,"Goldberg et al., 2014"
1443,"Niu et al., 2004"
1444,"Steinacker and Buchberger, 1983"
1445,"Giuliano et al., 2007"
1446,"Charniak and Johnson, 2005"
1447,"Agirre et al., 2012"
1448,"Carpuat et al., 2013"
1449,"Pradhan et al., 2005"
1450,"Haruno et al., 1998"
1451,"Papineni et al., 2002"
1452,"Rosenthal and McKeown, 2013"
1453,"Zhou and Su, 2004"
1454,"Martins et al., 2010"
1455,"Sadler and Thompson, 1991"
1456,"Carreras and Marquez, 2001"
1457,"FUNG et al., 1999"
1458,"Sakaguchi et al., 2012"
1459,"Rosti et al., 2010"
1460,"Crouch, 1995"
1461,"Henderson and Brill, 2000"
1462,"Hayes, 1984"
1463,"Hajic et al., 2000"
1464,"Liang et al., 2011"
1465,"Ravi and Knight, 2011"
1466,"Xue et al., 2015"
1467,"Tam et al., 2007"
1468,"Ture et al., 2012"
1469,"Cabezas et al., 2001"
1470,"Greenbacker and McCoy, 2009"
1471,"Agirre et al., 2014"
1472,"Paetzold and Specia, 2013"
1473,"Riley and Gildea, 2012"
1474,"Durrani et al., 2014"
1475,"Qadir and Riloff, 2013"
1476,"Oflazer and Cemaleddin, 1994"
1477,"Hindle and Rooth, 1993"
1478,"Germann, 2003"
1479,"Gimpel and Smith, 2010"
1480,"Heinz et al., 2011"
1481,"Butler et al., 2013"
1482,"Padó and Lapata, 2006"
1483,"Ide and Romary, 2001"
1484,"Paul et al., 2009"
1485,"Heinecke et al., 1998"
1486,"Sekine et al., 1999"
1487,"Flati et al., 2014"
1488,"Qing-hu et al., 2012"
1489,"Nakagawa et al., 2002"
1490,"Genest and Lapalme, 2011"
1491,"Mukherjee and Liu, 2012"
1492,"Szepektor et al., 2004"
1493,"Lewis and Quirk, 2013"
1494,"Funakoshi and Tokunaga, 2006"
1495,"Voorhees, 2003"
1496,"Ayan and Dorr, 2006"
1497,"Barzilay and McKeown, 2001"
1498,"DeVault et al., 2008"
1499,"Hochberg et al., 2014"
1500,"Vickrey et al., 2008"
1501,"Covington, 1998"
1502,"Jiang, 2009"
1503,"Lin et al., 2009"
1504,"Che et al., 2008"
1505,"Hanamoto et al., 2012"
1506,"Kolomiyets et al., 2013"
1507,"Goldberger, 2011"
1508,"Durrett et al., 2013"
1509,"Scarton and Specia, 2014"
1510,"Danlos, 1986"
1511,"Levow, 2006"
1512,"Och, 2003"
1513,"Gautam and Bhattacharyya, 2014"
1514,"Dinu et al., 2013"
1515,"Arase and Zhou, 2013"
1516,"Tomokiyo and Hurst, 2003"
1517,"Racca et al., 2011"
1518,"Carenini et al., 2008"
1519,"Wu et al., 2013"
1520,"Cohen and Smith, 2009"
1521,"Marcu and Wong, 2002"
1522,"Li et al., 2004"
1523,"Glass et al., 2004"
1524,"Bamman et al., 2014"
1525,"Dale et al., 2012"
1526,"Elsner et al., 2012"
1527,"Shaw, 1995"
1528,"Hockenmaier and Steedman, 2003"
1529,"Hutchinson, 2004"
1530,"Farreres et al., 1998"
1531,"Green and Carberry, 1994"
1532,"Sun, 2010"
1533,"Bollmann, 2011"
1534,"Belz, 2005"
1535,"Eom et al., 2012"
1536,"Pivovarova et al., 2013"
1537,"Mohler et al., 2013"
1538,"Wu and Giles, 2013"
1539,"Patel et al., 2010"
1540,"Swanson and Charniak, 2012"
1541,"Barker and Szpakowicz, 1998"
1542,"Cohn et al., 2005"
1543,"Romeo et al., 2013"
1544,"Hachey, 2009"
1545,"Versley et al., 2008"
1546,"Tu et al., 2013"
1547,"Fang et al., 2011"
1548,"Klein, 2003"
1549,"Narayanan et al., 2003"
1550,"Oh and Rudickny, 2000"
1551,"Gao and Vogel, 2008"
1552,"Heinz and Koirala, 2010"
1553,"Mohri and Pereira, 1998"
1554,"Heeman and Allen, 1994"
1555,"Jurgens, 2011"
1556,"Qu and Liu, 2012"
1557,"Baldridge and Lascarides, 2005"
1558,"Amancio et al., 2014"
1559,"Bennett and Carbonell, 2007"
1560,"Henderson, 2003"
1561,"Murray et al., 2012"
1562,"Zavrel and Daelemans, 1997"
1563,"Kim and Snyder, 2013"
1564,"Pontiki et al., 2015"
1565,"Hale et al., 2006"
1566,"Koleva et al., 2014"
1567,"Nilsson and Nivre, 2009"
1568,"Jayannavar et al., 2015"
1569,"Jha and Elhadad, 2010"
1570,"Kozareva et al., 2011"
1571,"Chai and Jin, 2004"
1572,"Bartlett et al., 2009"
1573,"Navigli, 2009"
1574,"Clark and Lappin, 2009"
1575,"Fazly and Hirst, 2003"
1576,"Kuznetsova et al., 2014"
1577,"Hermann and Blunsom, 2014"
1578,"Skeppstedt, 2010"
1579,"Buschmeier et al., 2009"
1580,"Marsi et al., 2007"
1581,"Klebanov and Flor, 2013"
1582,"McKeown and Paris, 1987"
1583,"Trogkanis and Elkan, 2010"
1584,"Green and Dorr, 2004"
1585,"Venant et al., 2013"
1586,"Socher et al., 2013"
1587,"Klebanov and Beigman, 2014"
1588,"Meknavin et al., 1998"
1589,"Gouws et al., 2011"
1590,"Louis and Nenkova, 2011"
1591,"Gimenez and Marquez, 2008"
1592,"Gu, 2006"
1593,"Bengston and Roth, 2008"
1594,"Berant et al., 2014"
1595,"Mausam et al., 2009"
1596,"Steedman et al., 2003"
1597,"Bakliwal et al., 2012"
1598,"Wing and Baldridge, 2014"
1599,"Glass et al., 2010"
1600,"Mohammad et al., 2013"
1601,"Pedersen, 2005"
1602,"Takamura and Okumura, 2009"
1603,"Morton and LaCivita, 2003"
1604,"Koehn and Knight, 2003"
1605,"Baker and Fillmore, 1998"
1606,"Jin et al., 2002"
1607,"Riloff et al., 2006"
1608,"Eskander et al., 2013"
1609,"Pighin and Moschitti, 2010"
1610,"Clarke et al., 2008"
1611,"Ibrahim et al., 2003"
1612,"Chrupała and Alishahi, 2010"
1613,"Berg-Kirkpatrick and Klein, 2010"
1614,"Vo et al., 2015"
1615,"Sun et al., 2008"
1616,"Pasupat and Liang, 2014"
1617,"Kehler, 1997"
1618,"Lau et al., 2010"
1619,"Virga and Khudanpur, 2003"
1620,"Bikel and Castelli, 2008"
1621,"Ganchev et al., 2012"
1622,"Poesio and Almuhareb, 2005"
1623,"Su and Markert, 2009"
1624,"Sha and Pereira, 2003"
1625,"Padó et al., 2009"
1626,"Kuhlmann and Nivre, 2006"
1627,"Zuidema, 2015"
1628,"Gorinski et al., 2013"
1629,"Yano et al., 2009"
1630,"Zanzotto et al., 2007"
1631,"Downey et al., 2015"
1632,"Tschirsich and Hintz, 2013"
1633,"Diab, 2007"
1634,"Azzam et al., 1999"
1635,"Mehta et al., 2010"
1636,"Bansal and Klein, 2011"
1637,"Scherrer and Rambow, 2010"
1638,"Collins-Thompson et al., 2004"
1639,"Stede, 2004"
1640,"Morin et al., 2015"
1641,"Kukich et al., 1997"
1642,"Bansal and Klein, 2010"
1643,"Proudian and Pollard, 1985"
1644,"Riezler and Maxwell, 2005"
1645,"Nakagawa and Matsumoto, 2006"
1646,"Piwek, 2003"
1647,"Malik, 2006"
1648,"Jiang et al., 2009"
1649,"Jin and Wu, 2012"
1650,"Huang et al., 2002"
1651,"Mason and Charniak, 2013"
1652,"Sang, 2002"
1653,"Hu et al., 2014"
1654,"Deepak and Visweswariah, 2014"
1655,"Kozareva and Hovy, 2010"
1656,"Hasan and Ng, 2013"
1657,"Asghari et al., 2014"
1658,"Surdeanu and Turmo, 2005"
1659,"Reisinger and Mooney, 2011"
1660,"Nerbonne et al., 1997"
1661,"Bott and Saggion, 2012"
1662,"Nenkova et al., 2007"
1663,"Hardt, 1995"
1664,"Meyer and Webber, 2013"
1665,"Haghighi and Klein, 2009"
1666,"Grave, 2014"
1667,"Zhang, 1998"
1668,"Hill et al., 2014"
1669,"DeVault et al., 2011"
1670,"Tsvetkov, 2013"
1671,"Seo et al., 2012"
1672,"Rasooli and Faili, 2012"
1673,"Sangati and Zuidema, 2008"
1674,"Hasler et al., 2014"
1675,"Geffet and Dagan, 2005"
1676,"Gimpel et al., 2011"
1677,"Pyysalo et al., 2012"
1678,"Pullum, 1983"
1679,"Post and Gildea, 2009"
1680,"Gsk et al., 2011"
1681,"Poesio, 2003"
1682,"Feng and Hirst, 2011"
1683,"Scott et al., 1998"
1684,"Scharl and Weichselbraun, 2006"
1685,"Taskar et al., 2004"
1686,"Beale et al., 2004"
1687,"Passonneau, 1989"
1688,"Coleman and Pierrehumbert, 1997"
1689,"Zens et al., 2012"
1690,"He et al., 2009"
1691,"Pado and Lapata, 2003"
1692,"Nguyen and Luong, 2010"
1693,"Rytting, 2004"
1694,"Kakkonen et al., 2005"
1695,"Georgila, 2013"
1696,"Koncel-Kedziorski et al., 2014"
1697,"Duh, 2008"
1698,"Mukherjee and Liu, 2010"
1699,"Hussain, 2004"
1700,"Kipper et al., 2004"
1701,"Lonneker, 2005"
1702,"Mani, 2001"
1703,"Hahn et al., 2007"
1704,"Frank et al., 2003"
1705,"Balahur, 2013"
1706,"Rozovskaya and Roth, 2014"
1707,"Huang and Pendus, 2013"
1708,"Evert and Krenn, 2001"
1709,"Popescu, 2013"
1710,"Langlois, 2015"
1711,"Alkhouli et al., 2014"
1712,"Biadsy et al., 2008"
1713,"Wellington, 2004"
1714,"Benotti and Denis, 2011"
1715,"Kobayashi, 2014"
1716,"Prochasson and Fung, 2011"
1717,"Stede, 2011"
1718,"Suzuki, 2002"
1719,"Strappavara and Mihalcea, 2007"
1720,"Matsoukas et al., 2009"
1721,"Wei and Gulla, 2010"
1722,"McInnes and Pedersen, 2003"
1723,"Elsner and Charniak, 2011"
1724,"Moschitti and Bejan, 2004"
1725,"Chen and Manning, 2014"
1726,"Guillou, 2013"
1727,"Gordon and Schubert, 2011"
1728,"Almeida et al., 2015"
1729,"Roy et al., 2000"
1730,"Maziarz et al., 2014"
1731,"Lynn et al., 2013"
1732,"Nakata et al., 2002"
1733,"Kiddon and Brun, 2011"
1734,"Sasano, 2003"
1735,"Hakkani et al., 1996"
1736,"Nissim et al., 2013"
1737,"Sang et al., 2000"
1738,"Hou and Chen, 2003"
1739,"Koller and Stone, 2007"
1740,"Paukkeri and Honkela, 2010"
1741,"Yue, 2006"
1742,"Mihalcea and Strapparava, 2012"
1743,"Zeman, 2012"
1744,"Berant et al., 2012"
1745,"Rauf and Schwenk, 2009"
1746,"Venugopal et al., 2007"
1747,"Velupillai, 2014"
1748,"Baker et al., 2008"
1749,"Lu, 2014"
1750,"Gal and Blunsom, 2013"
1751,"Chodorow et al., 1985"
1752,"Hovy et al., 2012"
1753,"Haertel et al., 2008"
1754,"Goldwasser et al., 2011"
1755,"Che et al., 2006"
1756,"Koskenniemi and Silfverberg, 2010"
1757,"Persing et al., 2010"
1758,"Hovy and Lin, 1999"
1759,"Brown et al., 1988"
1760,"Petrov and Klein, 2008"
1761,"Druck et al., 2009"
1762,"Rosé et al., 2003"
1763,"Och, 1999"
1764,"Zock and Schwab, 2008"
1765,"Klein, 2007"
1766,"Chowdhury and Lavelli, 2010"
1767,"Leidner and Schilder, 2010"
1768,"Ravin, 1990"
1769,"Litman et al., 1998"
1770,"Passoneau et al., 2009"
1771,"Butt and King, 2002"
1772,"Caberry, 1989"
1773,"Ekbal et al., 2006"
1774,"Quirk et al., 2004"
1775,"Poon et al., 2009"
1776,"Chieu and Ng, 2003"
1777,"Camacho-Collados et al., 2015"
1778,"Tateisi et al., 2000"
1779,"Tamchyna and Bojar, 2015"
1780,"Brill and Moore, 2000"
1781,"Konstas et al., 2014"
1782,"Basile et al., 2011"
1783,"Aker et al., 2010"
1784,"Siddharthan and Katsos, 2010"
1785,"Pastra and Saggion, 2003"
1786,"Pilehvar and Navigli, 2013"
1787,"Alashty et al., 2015"
1788,"Liu et al., 2006"
1789,"Lin and Dyer, 2010"
1790,"Galley and Manning, 2010"
1791,"Williams, 2013"
1792,"Narsale, 2010"
1793,"Eisner, 2002"
1794,"Chiarcos, 2012"
1795,"Chu-Carroll and Carpenter, 1998"
1796,"Aw and Lee, 2012"
1797,"Roller and Stevenson, 2014"
1798,"Rush and Petrov, 2012"
1799,"Theune et al., 2007"
1800,"Ge et al., 2013"
1801,"Powers, 1998"
1802,"Frederking and Nirenburg, 1994"
1803,"Cahill et al., 2008"
1804,"Vieira et al., 2006"
1805,"Sornlertlamvanich, 2000"
1806,"Marton and Resnik, 2008"
1807,"Kim and Baldwin, 2006"
1808,"Proisl et al., 2013"
1809,"Hough and Purver, 2014"
1810,"Yao et al., 2011"
1811,"Li et al., 2003"
1812,"Ekbal and Bandyopadhyay, 2009"
1813,"Kim, 2014"
1814,"Marcu, 1998"
1815,"Dagan and Church, 1994"
1816,"Lewis and Steedman, 2014"
1817,"Lau et al., 2012"
1818,"Engel et al., 2002"
1819,"Matsumoto et al., 1993"
1820,"Hasselgren et al., 2003"
1821,"Klementiev et al., 2012"
1822,"Tillmann, 2004"
1823,"Metzler et al., 2011"
1824,"Okanohara and Tsujii, 2009"
1825,"Zhang et al., 2013"
1826,"Osborne, 2002"
1827,"Santos and Rocha, 2001"
1828,"Prolo, 2002"
1829,"Powers and Huang, 2004"
1830,"Minkov and Cohen, 2008"
1831,"Agirre and Martinez, 2001"
1832,"Kirschenbaum and Wintner, 2009"
1833,"Bengoetxea and Gojenola, 2010"
1834,"Feng et al., 2012"
1835,"Freitag, 2005"
1836,"Liang et al., 2009"
1837,"Stoica and Hearst, 2007"
1838,"Lapata and Brew, 1999"
1839,"Riloff and Shepherd, 1997"
1840,"Xiao et al., 2010"
1841,"Riloff and Schmelzenbach, 1998"
1842,"Tsovaltzi and Karagjosova, 2004"
1843,"Garoufi and Koller, 2010"
1844,"Callison-Burch et al., 2008"
1845,"Almuhareb and Poesio, 2004"
1846,"Kameyama et al., 1991"
1847,"Lam et al., 2014"
1848,"Ellison and Kirby, 2006"
1849,"Buchholz et al., 2006"
1850,"Dligach and Palmer, 2008"
1851,"Powers, 1996"
1852,"Uthus and Aha, 2011"
1853,"Saric et al., 2004"
1854,"Kouylekov and Negri, 2010"
1855,"Bharati et al., 2009"
1856,"Kondrak, 2000"
1857,"Boleda et al., 2006"
1858,"Graham et al., 2014"
1859,"Clark et al., 2002"
1860,"Clark, 2002"
1861,"Ide et al., 2003"
1862,"Oh and Rudnicky, 2000"
1863,"Hatzivassiloglou and Sebastiani, 1997"
1864,"Mellish, 1989"
1865,"Benotti, 2009"
1866,"Jones and Martin, 1997"
1867,"Salway and Touileb, 2014"
1868,"Bird et al., 2001"
1869,"Litman and Forbes-Riley, 2004"
1870,"McDonald and Brew, 2002"
1871,"Glinos, 2012"
1872,"Feng, 2010"
1873,"Sproat and Emerson, 2003"
1874,"Horacek, 2003"
1875,"Chai et al., 2004"
1876,"Jung et al., 2009"
1877,"Pinchak and Lin, 2006"
1878,"Carter, 1992"
1879,"Goldwater and Johnson, 2005"
1880,"Zhao et al., 2005"
1881,"MacKinlay et al., 2009"
1882,"Xie et al., 2011"
1883,"Fang, 2008"
1884,"King and Dickinson, 2013"
1885,"Virk et al., 2010"
1886,"Ulinski et al., 2014"
1887,"Hoang and Koehn, 2010"
1888,"Pinchak, 2006"
1889,"Lita et al., 2003"
1890,"Liu and Ng, 2007"
1891,"Ng, 2010"
1892,"Passoneau, 1988"
1893,"Bos and Nissim, 2015"
1894,"Yang et al., 2013"
1895,"Golding, 1995"
1896,"Williams and Koehn, 2012"
1897,"Chen et al., 2015"
1898,"Preiss, 2001"
1899,"Baumann and Schlangen, 2012"
1900,"Clarke and Terra, 2003"
1901,"Hassan et al., 2006"
1902,"Joshi and Rosé, 2009"
1903,"Csomai and Mihalcea, 2008"
1904,"Smith et al., 2007"
1905,"Hassan et al., 2012"
1906,"Rinaldi et al., 2004"
1907,"Nakagawa and Mori, 2002"
1908,"Barrault, 2010"
1909,"Dodge et al., 2012"
1910,"Nivre, 2006"
1911,"Chen et al., 2014"
1912,"Lin and Hovy, 2002"
1913,"Hardy et al., 2004"
1914,"Miyao, 2005"
1915,"Poon and Domingos, 2010"
1916,"Davis and Hirschberg, 1988"
1917,"Ye et al., 2009"
1918,"Young and Moore, 1994"
1919,"Harabagiu et al., 2001"
1920,"Aone and Ramos-Santacruz, 2000"
1921,"Lee et al., 2010"
1922,"Magnini et al., 2004"
1923,"Kazantseva and Szpakowicz, 2010"
1924,"Bach et al., 2009"
1925,"Richardson and Braden-Harder, 1988"
1926,"Cuchiarelli et al., 1998"
1927,"McDonald, 1981"
1928,"Kuhlmann and Satta, 2009"
1929,"Ng and Cardie, 2001"
1930,"Pink et al., 2014"
1931,"Segond et al., 1997"
1932,"Vlachos, 2007"
1933,"Habash and Dorr, 2003"
1934,"Sundermeyer et al., 2014"
1935,"Vadas and Curran, 2008"
1936,"Xue and Yang, 2011"
1937,"Nakashole et al., 2012"
1938,"Qadir and Riloff, 2011"
1939,"Sayeed et al., 2012"
1940,"Tsuruoka and Tsujii, 2005"
1941,"Siddharthan, 2003"
1942,"Graz and Meurers, 1997"
1943,"Evanini et al., 2013"
1944,"Helmreich et al., 2004"
1945,"Li and Li, 2013"
1946,"Dipper and Zinsmeister, 2009"
1947,"Gao and Lee, 2000"
1948,"Dasgupta and Ng, 2007"
1949,"Tillmann et al., 2014"
1950,"Gooi and Allan, 2004"
1951,"Elshamy et al., 2010"
1952,"Bringert, 2007"
1953,"Khapra et al., 2009"
1954,"Petinot et al., 2011"
1955,"Malioutov and Barzilay, 2006"
1956,"Mitkov and Ha, 2003"
1957,"Garrido et al., 2012"
1958,"Tjong et al., 2000"
1959,"Manshadi and Li, 2009"
1960,"Poesio, 1993"
1961,"Huang et al., 2001"
1962,"Kondadadi et al., 2013"
1963,"Schafer and Drabek, 2005"
1964,"Strube and Hahn, 1995"
1965,"Gimpel and Smith, 2008"
1966,"Pradhan et al., 2008"
1967,"Wacholder and Choi, 1997"
1968,"Manandhar, 1995"
1969,"Gildea and Palmer, 2002"
1970,"Woodsend and Lapata, 2012"
1971,"Bouma et al., 2009"
1972,"Irvine and Callison-Burch, 2013"
1973,"Williams, 2012"
1974,"Sonoh and Kinoshita, 2015"
1975,"Shen et al., 2013"
1976,"Maillard et al., 2014"
1977,"Barahona et al., 2012"
1978,"Schmitt et al., 2011"
1979,"Khapra et al., 2011"
1980,"Sajjad et al., 2013"
1981,"Lappin and McCord, 1990"
1982,"Poon and Domingos, 2008"
1983,"Miyao and Tsujii, 2009"
1984,"Wang et al., 2013"
1985,"Shieber and Tao, 2003"
1986,"Gantner and Schmidt-Thieme, 2009"
1987,"Li and Sporleder, 2010"
1988,"McCord, 1980"
1989,"Ji et al., 2010"
1990,"McDonald and Satta, 2007"
1991,"Erk and Pado, 2008"
1992,"Niu et al., 2009"
1993,"Sagae et al., 2010"
1994,"Kate and Mooney, 2010"
1995,"Minkov et al., 2007"
1996,"Malik et al., 2009"
1997,"Hardy, 2004"
1998,"Lapshinova-Koltunski, 2013"
1999,"Karampatsis, 2015"
2000,"Reichel et al., 2014"
2001,"Pourdamghani et al., 2014"
2002,"Goldberg and Elhadad, 2010"
2003,"Chiarcos et al., 2010"
2004,"Artzi et al., 2012"
2005,"Erk and Padó, 2010"
2006,"Kim et al., 2015"
2007,"Elsayed et al., 2008"
2008,"Djordjevic et al., 2007"
2009,"Brew, 1995"
2010,"Ryu and Choi, 2006"
2011,"Terra and Clarke, 2003"
2012,"Santos, 2014"
2013,"Abend and Rappoport, 2010"
2014,"Hardisty et al., 2010"
2015,"Paltoglou and Thelwall, 2010"
2016,"Gesmundo and Samardzic, 2012"
2017,"McIntyre and Lapata, 2010"
2018,"Heeman and Hirst, 1995"
2019,"Clark and Curran, 2004"
2020,"Mirkin et al., 2009"
2021,"Kessler, 1995"
2022,"Chalabi and Gerges, 2012"
2023,"Walker et al., 2002"
2024,"Cromieres, 2006"
2025,"Rambow et al., 2005"
2026,"Loper and Bird, 2004"
2027,"Vossen et al., 2010"
2028,"Choi et al., 2015"
2029,"Seraji et al., 2012"
2030,"Shirai, 2003"
2031,"McGee et al., 1998"
2032,"Shezaf and Rappoport, 2010"
2033,"Koehn and others, 2007"
2034,"Zarrieß et al., 2011"
2035,"Goldstein et al., 2000"
2036,"Purver et al., 2003"
2037,"Tonelli and Delmonte, 2011"
2038,"Tillmann, 2009"
2039,"Fung et al., 1999"
2040,"Kim, 2004"
2041,"Qazvinian et al., 2011"
2042,"Lugue et al., 2012"
2043,"Wang et al., 2012"
2044,"Ehara, 2015"
2045,"Covington, 1994"
2046,"Gardent and Kruszewski, 2012"
2047,"Snoek et al., 2014"
2048,"Hermann et al., 2012"
2049,"Tsvetkov et al., 2013"
2050,"Cai and Knight, 2013"
2051,"Korhonen et al., 2000"
2052,"Scott, 1998"
2053,"Lin, 2006"
2054,"McCord, 1985"
2055,"Norbu et al., 2010"
2056,"Cunha et al., 2011"
2057,"Zarrieβ and Richardson, 2013"
2058,"Strzalkowski, 1994"
2059,"Zhang and DeNero, 2014"
2060,"Culotta and Sorenson, 2004"
2061,"Deng and Zhou, 2009"
2062,"Ryan, 1981"
2063,"Villavicencio et al., 2013"
2064,"Baker et al., 1998"
2065,"Vandekerckhove et al., 2009"
2066,"Jay et al., 1997"
2067,"Dogan and Lu, 2012"
2068,"Gesmundo and Henderson, 2011"
2069,"Monz, 2011"
2070,"Sun et al., 2009"
2071,"Hindle and Rooth, 1991"
2072,"Yoshinaga and Kitsuregawa, 2009"
2073,"Dejean, 2000"
2074,"Hasan et al., 2008"
2075,"Liang et al., 2006"
2076,"Passonneau et al., 2014"
2077,"Melamed, 2004"
2078,"Lao et al., 2012"
2079,"Eneko and Soroa, 2009"
2080,"Guzmán et al., 2014"
2081,"Hana et al., 2010"
2082,"Koppel and Ordan, 2011"
2083,"Mazzei, 2011"
2084,"Spitkovsky et al., 2012"
2085,"Litkowski, 1999"
2086,"Whittaker and Stenton, 1989"
2087,"Gormley et al., 2010"
2088,"Read and Carroll, 2012"
2089,"Santos et al., 2015"
2090,"Bryant, 2004"
2091,"Nivre, 2004"
2092,"Banchs and Li, 2012"
2093,"Wang and Waibel, 1998"
2094,"Park and Byrd, 2001"
2095,"Strassel et al., 2003"
2096,"Doucet and Ahonen-Myka, 2004"
2097,"Brun et al., 2007"
2098,"Talbot et al., 2011"
2099,"Halácsy et al., 2007"
2100,"Ciaramita and Johnson, 2003"
2101,"O'Donnell, 2000"
2102,"Nakov and Hearst, 2008"
2103,"Wieling et al., 2007"
2104,"Dahl, 1981"
2105,"Och et al., 2001"
2106,"Subotin, 2011"
2107,"Samuelsson and Voutilainen, 1997"
2108,"Durrett and Klein, 2013"
2109,"Strzalkowski, 1993"
2110,"Chandramohan et al., 2010"
2111,"Hermann, 2013"
2112,"Nielsen et al., 2008"
2113,"Leusch et al., 2006"
2114,"McClosky and Manning, 2012"
2115,"Kazantseva and Szpakowicz, 2011"
2116,"Pantel et al., 2009"
2117,"Mikheev and Finch, 1997"
2118,"Björne et al., 2009"
2119,"Chrupała, 2012"
2120,"Cahill and Riester, 2009"
2121,"He and Toutanova, 2009"
2122,"Chen and He, 2013"
2123,"Mi and Huang, 2008"
2124,"Popescu and Magnini, 2007"
2125,"Goldsmith and Reutter, 1998"
2126,"Lampos et al., 2013"
2127,"Ogren, 2010"
2128,"Tsang and Stevenson, 2004"
2129,"Modi et al., 2012"
2130,"Smith, 2002"
2131,"Jiang and Ng, 2006"
2132,"Murao et al., 2003"
2133,"Mccarthy et al., 2004"
2134,"Cholakov et al., 2014"
2135,"Whitelaw and Patrick, 2003"
2136,"Das et al., 2013"
2137,"Rios et al., 2011"
2138,"Ritchie, 2005"
2139,"Dou and Knight, 2012"
2140,"Boullier, 2000"
2141,"Chang et al., 2014"
2142,"Culotta and Soresen, 2004"
2143,"Mitchell and Sproat, 2012"
2144,"Tufis et al., 2005"
2145,"Titvo and Klementiev, 2012"
2146,"Mueller, 2003"
2147,"Sarikaya and Deng, 2007"
2148,"Cade et al., 2010"
2149,"Howarth, 1996"
2150,"Ai and Weng, 2008"
2151,"Agirre and Soroa, 2009"
2152,"Chen, 2003"
2153,"Stab and Gurevych, 2014"
2154,"Huang and Mi, 2010"
2155,"Wang et al., 2014"
2156,"Bunescu, 2008"
2157,"Dale and Viethen, 2009"
2158,"Hayashi et al., 2011"
2159,"Bouma, 1999"
2160,"Artzi and Zettlemoyer, 2011"
2161,"Passonneau, 1991"
2162,"McDonald et al., 2011"
2163,"Zhu et al., 2011"
2164,"Bjrne and Salakoski, 2011"
2165,"Knight and Langkilde, 1998"
2166,"Brill, 1992"
2167,"Akkaya et al., 2009"
2168,"Klebanov et al., 2009"
2169,"Kloft et al., 2014"
2170,"Zollmann et al., 2006"
2171,"Szpektor et al., 2004"
2172,"Giuglea and Moschitti, 2006"
2173,"Roque, 2012"
2174,"Steinberger et al., 2011"
2175,"Pantel et al., 2007"
2176,"Stetina and Nagao, 1997"
2177,"Mauge et al., 2012"
2178,"Calzolari, 1986"
2179,"Chrupala, 2014"
2180,"Pereira, 1981"
2181,"Barg and Walther, 1998"
2182,"Mitchell et al., 2014"
2183,"Leusch et al., 2008"
2184,"Wilson and Wiebe, 2003"
2185,"Och et al., 1999"
2186,"Devlin and Matsoukas, 2012"
2187,"Nabende, 2010"
2188,"Hinrichs, 1987"
2189,"Schiitze, 1993"
2190,"Nguyen et al., 2011"
2191,"Kozareva and Ravi, 2011"
2192,"Agirre et al., 2008"
2193,"Moore et al., 2006"
2194,"Turner and Charniak, 2007"
2195,"Ritter and Etzioni, 2010"
2196,"Hasan and Ney, 2009"
2197,"Wang et al., 2010"
2198,"Filimonov and Harper, 2009"
2199,"Varga and Yokoyama, 2009"
2200,"Woodsend and Lapata, 2010"
2201,"Sekine et al., 1994"
2202,"Ramshaw and Marcus, 1995"
2203,"Heafield et al., 2009"
2204,"Gaussier et al., 2004"
2205,"Ait-Mokhtar and Chanod, 1997"
2206,"Satta and Henderson, 1997"
2207,"Hjalmarsson, 2008"
2208,"Gusev et al., 2011"
2209,"Klebanov, 2006"
2210,"Fleischman et al., 2003"
2211,"Baker et al., 1997"
2212,"Zaidan and Callison-Burch, 2011"
2213,"Tsarfaty, 2013"
2214,"Buchholz and Daelemans, 1999"
2215,"Martinez and Agirre, 2000"
2216,"Singh et al., 2012"
2217,"Klebanov et al., 2010"
2218,"Foster et al., 2002"
2219,"Hanig, 2010"
2220,"Ruppenhofer and Rehbein, 2012"
2221,"Visweswariah et al., 2011"
2222,"A et al., 2009"
2223,"Li et al., 2005"
2224,"Neveol et al., 2009"
2225,"Medlock and Briscoe, 2007"
2226,"Burstein et al., 2010"
2227,"Esmaili and Salavati, 2013"
2228,"Ponzetto and Strube, 2005"
2229,"Zhou et al., 2004"
2230,"Lau et al., 2013"
2231,"Talbot and Osborne, 2006"
2232,"Ghazi et al., 2012"
2233,"Kudo and Matsumoto, 2002"
2234,"Leermakers, 1993"
2235,"Horiguchi and Franz, 1997"
2236,"Kudo and Matsumoto, 2001"
2237,"McKeown et al., 2010"
2238,"Klapaftis and Manandhar, 2010"
2239,"Guinaudeau and Strube, 2013"
2240,"Pilato and Berwick, 1985"
2241,"Titov and Henderson, 2006"
2242,"Hokamp et al., 2014"
2243,"Banarescu et al., 2013"
2244,"Stevenson and Gaizauskas, 2000"
2245,"Boyer et al., 2010"
2246,"Ginsparg, 1983"
2247,"Bouayad-Agha et al., 2012"
2248,"Dowdall et al., 2003"
2249,"Smadja, 1993"
2250,"Zhao, 2009"
2251,"Dalli and Wilks, 2006"
2252,"Zesch, 2011"
2253,"Søgaard, 2011"
2254,"Celikyilmaz and Hakkani-Tur, 2012"
2255,"Strzalkowski et al., 2013"
2256,"Klenner, 2007"
2257,"Song et al., 2008"
2258,"Gatt and Reiter, 2009"
2259,"Eisenstein, 2013"
2260,"Fernandez et al., 2008"
2261,"Boukobza and Rappoport, 2009"
2262,"Vandeghinste and Pan, 2004"
2263,"Hartrumpf et al., 2005"
2264,"Cruz et al., 2011"
2265,"Palmer et al., 2001"
2266,"Zhou et al., 2014"
2267,"Schuler, 2001"
2268,"Lau et al., 2011"
2269,"Belz and Kilgarriff, 2006"
2270,"Xu and Huang, 2013"
2271,"Yuret and Ture, 2006"
2272,"Jang and Mostow, 2012"
2273,"Rosenthal et al., 2015"
2274,"Boleda et al., 2005"
2275,"Gurevych et al., 2007"
2276,"Williams and Katz, 2012"
2277,"Eisenstein et al., 2011"
2278,"Sanchez et al., 2010"
2279,"Bengtson and Roth, 2008"
2280,"Jarvis et al., 2013"
2281,"Sablayrolles, 1995"
2282,"Garg and Henderson, 2011"
2283,"Resnik and Hearst, 1993"
2284,"Ramakrishnan et al., 2009"
2285,"Duong et al., 2013"
2286,"Östling et al., 2013"
2287,"Lerner and Petrov, 2013"
2288,"Choi et al., 2009"
2289,"Kilicoglu et al., 2010"
2290,"Basili et al., 1994"
2291,"Rayson and Garside, 2000"
2292,"Buitelaar et al., 2005"
2293,"Elsner and Schudy, 2009"
2294,"Bhagat and Ravichandran, 2008"
2295,"Liu et al., 2007"
2296,"Greiner et al., 2013"
2297,"Akhtar et al., 2015"
2298,"Ravi and Knight, 2008"
2299,"Foster et al., 2005"
2300,"Agirrezabal et al., 2013"
2301,"Wehrli, 2007"
2302,"Jonnalagadda et al., 2013"
2303,"Berant et al., 2013"
2304,"Kondrak et al., 2003"
2305,"Nenkova and McKeown, 2011"
2306,"Diab, 2004"
2307,"Du et al., 2010"
2308,"Joshi et al., 2011"
2309,"Bender et al., 2003"
2310,"Guillou, 2015"
2311,"Jia et al., 2009"
2312,"Shen, 2007"
2313,"Mancini et al., 2007"
2314,"Mihalcea and Banea, 2007"
2315,"Yu and Siskind, 2013"
2316,"Simov and Osenova, 2003"
2317,"Williams et al., 2003"
2318,"Goyal et al., 2013"
2319,"Georgescul, 2010"
2320,"Yih et al., 2012"
2321,"Tetreault and Litman, 2006"
2322,"Schubert, 2014"
2323,"Dickinson and Meurers, 2005"
2324,"Do et al., 2012"
2325,"Lynum, 2013"
2326,"Toutanova et al., 2002"
2327,"Beigman and Klebanov, 2009"
2328,"Dorr, 1990"
2329,"Nelakanti et al., 2013"
2330,"Herdadelen and Baroni, 2009"
2331,"GOH et al., 2004"
2332,"Henderson and Lane, 1998"
2333,"Granville, 1990"
2334,"Stolcke, 2002"
2335,"Felice et al., 2014"
2336,"Séaghdha and Korhonen, 2011"
2337,"Schuler and Joshi, 2011"
2338,"Liu et al., 2005"
2339,"Mihalcea et al., 2010"
2340,"Cohen et al., 2002"
2341,"Louis and Nenkova, 2012"
2342,"Nunberg, 1993"
2343,"Koeva, 2007"
2344,"Riedel et al., 2011"
2345,"Maletti, 2011"
2346,"Wood, 2001"
2347,"Ohta et al., 2011"
2348,"Harabagiu and Maiorano, 2000"
2349,"Nabende, 2009"
2350,"Zhang et al., 2011"
2351,"Fox, 2002"
2352,"Sadat et al., 2005"
2353,"Ma et al., 2013"
2354,"Zheng et al., 2010"
2355,"Duh et al., 2010"
2356,"Xiao and Guo, 2013"
2357,"Basili et al., 2001"
2358,"Johnston, 1998"
2359,"Maeta et al., 2015"
2360,"Silberer and Lapata, 2014"
2361,"Collins-Thompson and Callan, 2004"
2362,"Chambers et al., 2014"
2363,"Reitter and Moore, 2007"
2364,"Blackburn et al., 1993"
2365,"Punyakanok et al., 2005"
2366,"Bender et al., 2015"
2367,"Hsueh et al., 2006"
2368,"Wagner et al., 2014"
2369,"Zhao et al., 2012"
2370,"Abu-Jbara and Radev, 2013"
2371,"Masuda et al., 2003"
2372,"Moore and Lewis, 2010"
2373,"Yan et al., 2011"
2374,"Snyder and Barzilay, 2008"
2375,"Zollmann and Vogel, 2011"
2376,"Navigli and Ponzetto, 2012"
2377,"Oflazer and Nirenburg, 1999"
2378,"Okanohara, 2007"
2379,"Garoufi and Koller, 2011"
2380,"Rinaldi et al., 2003"
2381,"Klerke and Søgaard, 2013"
2382,"Haghighi and Klein, 2006"
2383,"Aharon et al., 2010"
2384,"Bjšrne et al., 2009"
2385,"Gimenez and Marquez, 2007"
2386,"Riezler and Maxwell, 2006"
2387,"Lopez and Resnik, 2005"
2388,"Baldwin et al., 2012"
2389,"Riezler et al., 2014"
2390,"Elliott and Keller, 2013"
2391,"Daelemans, 1987"
2392,"McKeown et al., 1994"
2393,"Chiticariu et al., 2010"
2394,"Daille, 2003"
2395,"Creutz and Lagus, 2003"
2396,"Huang and Yates, 2014"
2397,"Downey et al., 2011"
2398,"Mihalcea and Pederson, 2003"
2399,"Gamon et al., 1997"
2400,"Al-Onaizan and Papineni, 2006"
2401,"Blunsom and Osborne, 2008"
2402,"Haas, 1989"
2403,"Gliozzo, 2006"
2404,"Haddow and Koehn, 2012"
2405,"Platt et al., 2010"
2406,"Petrovic et al., 2012"
2407,"Mi and Liu, 2010"
2408,"Pustejovsky et al., 2004"
2409,"Eisner, 1997"
2410,"Nothman et al., 2012"
2411,"Nagard and Koehn, 2010"
2412,"Copestake and Briscoe, 1991"
2413,"Chrupała, 2014"
2414,"Huang et al., 2011"
2415,"Moro et al., 2014"
2416,"Ittycheriah and Roukos, 2007"
2417,"Hall and Klein, 2011"
2418,"Collins et al., 2004"
2419,"Leong and Mihalcea, 2009"
2420,"Erk, 2007"
2421,"Tibshirani and Manning, 2014"
2422,"Liu, 2009"
2423,"Zhang et al., 2014"
2424,"Altenbek and Wang, 2010"
2425,"Horbach et al., 2013"
2426,"Jimenez et al., 2012"
2427,"Milton and Cheng, 2010"
2428,"Hassan and Sorensen, 2005"
2429,"Busemann, 2005"
2430,"Joanis et al., 2007"
2431,"Cheung and Penn, 2010"
2432,"Eisenstein and Christoudias, 2004"
2433,"Friedrich and Palmer, 2014"
2434,"Pedersen, 2015"
2435,"Cahill et al., 2013"
2436,"Li and Hovy, 2014"
2437,"Haji, 2000"
2438,"List, 2012"
2439,"Kalita et al., 1986"
2440,"Andreas and Klein, 2014"
2441,"Eryigit et al., 2011"
2442,"Cutting et al., 1991"
2443,"Shaw, 2013"
2444,"Pakhomov, 1999"
2445,"Russo et al., 2012"
2446,"Mihalcea and Tarau, 2004"
2447,"Baldwin et al., 2010"
2448,"Barzilay and Lee, 2002"
2449,"Muller et al., 2006"
2450,"Mason, 2013"
2451,"Fujita et al., 2010"
2452,"Kilgarriff, 2010"
2453,"Mitchener, 2005"
2454,"Zhang and Liu, 2011"
2455,"Cristea et al., 2000"
2456,"Turner et al., 2010"
2457,"Reisinger and Mooney, 2010"
2458,"Ji and Grishman, 2011"
2459,"Zhang and Chiang, 2014"
2460,"DeVault and Stone, 2009"
2461,"Tribble et al., 2006"
2462,"Koehn et al., 2010"
2463,"Siddharthan and Copestake, 2004"
2464,"Moschitti and Quarteroni, 2008"
2465,"Lindsey et al., 2012"
2466,"Tambouratzis et al., 2014"
2467,"Webber, 1988"
2468,"Riloff et al., 2013"
2469,"Shnarch et al., 2012"
2470,"Wu et al., 2011"
2471,"Ng, 2006"
2472,"Curran, 2005"
2473,"Johnson, 1997"
2474,"Maier, 2010"
2475,"Laparra and Rigau, 2013"
2476,"Faruqui and Pado, 2012"
2477,"Cutting et al., 1992"
2478,"Dickinson, 2006"
2479,"Gross, 1984"
2480,"Eetemadi and Toutanova, 2014"
2481,"Gu and Cercone, 2006"
2482,"Seroussi et al., 2012"
2483,"Liu et al., 2009"
2484,"Flati and Navigli, 2013"
2485,"Srihari et al., 2001"
2486,"Jha et al., 2013"
2487,"Zaidan and Callison-Burch, 2014"
2488,"Raghavan et al., 2012"
2489,"Langone et al., 2004"
2490,"Darwish, 2014"
2491,"Yang et al., 2003"
2492,"Barnard et al., 2003"
2493,"Tu and Roth, 2012"
2494,"Rozovskaya et al., 2014"
2495,"Gubbins and Vlachos, 2013"
2496,"Daelemans et al., 1996"
2497,"Sankaran et al., 2010"
2498,"Hall and Novák, 2005"
2499,"Hashimoto and Kurohashi, 2007"
2500,"Tufis, 1989"
2501,"Knight and Hatzivassiloglou, 1995"
2502,"Sang, 1999"
2503,"Biran and McKeown, 2015"
2504,"Rashtchian et al., 2010"
2505,"Rambow, 1990"
2506,"Brennan et al., 1987"
2507,"Dridan and Baldwin, 2010"
2508,"Daudaravicius, 2013"
2509,"Davis et al., 2012"
2510,"Petrov, 2010"
2511,"Wan, 2009"
2512,"Dias, 2003"
2513,"Pasupat and Liang, 2015"
2514,"Elsner and Santhanam, 2011"
2515,"Raymond and Mooney, 2006"
2516,"Rambow and Satta, 1996"
2517,"Metzler et al., 2012"
2518,"Griol et al., 2010"
2519,"Carroll et al., 1999"
2520,"Haizhou et al., 2004"
2521,"Greenwood and Stevenson, 2006"
2522,"Nakagawa and Uchimoto, 2007"
2523,"Al-Badrashiny et al., 2014"
2524,"Wang et al., 2008"
2525,"Satta and Schuler, 1998"
2526,"Mehdad et al., 2010"
2527,"Koehn and Hoang, 2007"
2528,"Xiong et al., 2014"
2529,"Siblini and Kosseim, 2013"
2530,"Berg-Kirkpatrick et al., 2011"
2531,"Haghighi et al., 2009"
2532,"Alfonseca et al., 2013"
2533,"Ogura et al., 2003"
2534,"Xue, 2004"
2535,"Fraser et al., 2013"
2536,"Somers, 1998"
2537,"Bean and Riloff, 1999"
2538,"Petrenz, 2014"
2539,"Teufell and Moens, 1997"
2540,"Guo and Diab, 2012"
2541,"Bod, 2006"
2542,"Bonial et al., 2011"
2543,"Pradhan et al., 2014"
2544,"Bailly et al., 2013"
2545,"Malik et al., 2013"
2546,"Birch et al., 2008"
2547,"Zanzotto et al., 2011"
2548,"Narayan and Gardent, 2014"
2549,"Dreyer and Eisner, 2006"
2550,"Shaikh et al., 2010"
2551,"Mann and Yarowsky, 2004"
2552,"Wu et al., 2005"
2553,"Herbelot and Copestake, 2011"
2554,"Gamon, 2011"
2555,"Tennant et al., 1983"
2556,"Meteer, 1990"
2557,"Lemon et al., 2010"
2558,"Jbara and Radev, 2011"
2559,"Riedel and Smith, 2010"
2560,"Xu and Jelinek, 2004"
2561,"Grote, 1998"
2562,"Poon and Vanderwende, 2010"
2563,"Elhadad, 2010"
2564,"May et al., 2010"
2565,"Ivanova et al., 2013"
2566,"Nagata et al., 2001"
2567,"Øvrelid, 2008"
2568,"Markert et al., 2012"
2569,"Lopez, 2009"
2570,"Olsson, 2008"
2571,"Keller, 2010"
2572,"Howald et al., 2013"
2573,"Mahamood, 2010"
2574,"Don, 1993"
2575,"White, 2011"
2576,"Kwiatkowski et al., 2010"
2577,"Mihalcea et al., 2009"
2578,"Suzuki et al., 2009"
2579,"Angeli and Manning, 2013"
2580,"Horvat, 2013"
2581,"Luo, 2007"
2582,"Wei et al., 2013"
2583,"Roberts and Harabagiu, 2012"
2584,"Poesio et al., 2004"
2585,"Castillo and Estrella, 2012"
2586,"McKeown et al., 1997"
2587,"Branavan et al., 2007"
2588,"Hopkins and Langmead, 2009"
2589,"Soricut and Marcu, 2003"
2590,"Shan et al., 2015"
2591,"Giampiccolo et al., 2007"
2592,"Brown, 2008"
2593,"Chiang, 2010"
2594,"Baldridge and Kruijff, 2003"
2595,"Schlangen and Skantze, 2009"
2596,"Hwang et al., 2010"
2597,"Schroeder et al., 2009"
2598,"McCallum, 2009"
2599,"Wang and Liu, 2011"
2600,"Schütze, 1995"
2601,"Finkel and Manning, 2008"
2602,"Narasimhan and Barzilay, 2015"
2603,"Zhang et al., 2003"
2604,"Baldwin and Morton, 1998"
2605,"Lin and Cherry, 2003"
2606,"Agarwal et al., 2014"
2607,"Ohtake, 2006"
2608,"Meyers et al., 2001"
2609,"Nivre and McDonald, 2008"
2610,"Pereira et al., 1995"
2611,"Wang et al., 2011"
2612,"Kwiatkowski et al., 2011"
2613,"Rudzicz, 2006"
2614,"McKeown et al., 1985"
2615,"Charniak and Elsner, 2009"
2616,"Villavicencio et al., 2004"
2617,"Baker et al., 2007"
2618,"Skantze and Hjalmarsson, 2010"
2619,"Fujita et al., 2012"
2620,"Niu and Hirst, 2004"
2621,"Hartrumpf, 2006"
2622,"Doyle and Levy, 2013"
2623,"Raman et al., 1997"
2624,"Lofi et al., 2014"
2625,"Dickinson and Smith, 2011"
2626,"Pinchak et al., 2009"
2627,"Wibberley et al., 2013"
2628,"Wong et al., 2012"
2629,"Chambers and Jurafsky, 2011"
2630,"Dekang, 1998"
2631,"Cardie and Wagstaff, 1999"
2632,"Xi et al., 2012"
2633,"Ward and Richart-Ruiz, 2013"
2634,"Daume, 2009"
2635,"Choi and Palmer, 2012"
2636,"Turner and Charniak, 2005"
2637,"Bond et al., 2013"
2638,"Furstenau and Lapata, 2009"
2639,"Kroch and Hindle, 1982"
2640,"Pighin and Moschitti, 2009"
2641,"Deoskar et al., 2014"
2642,"Cramer and Zhang, 2009"
2643,"Mannem et al., 2009"
2644,"Farkas et al., 2007"
2645,"Passonneau and Carpenter, 2013"
2646,"McDonald et al., 2013"
2647,"Harabagiu and Lacatusu, 2004"
2648,"Koppel and Seidman, 2013"
2649,"Baker et al., 2014"
2650,"Haffari and Teh, 2009"
2651,"Gerdemann and Hulden, 2012"
2652,"Yang and Xue, 2012"
2653,"Raaijmakers, 1999"
2654,"You et al., 2013"
2655,"Gildea and Jurasky, 2002"
2656,"Moldovan et al., 2003"
2657,"Jiampojamarn et al., 2009"
2658,"Tillmann, 2003"
2659,"Zbib et al., 2012"
2660,"Max, 2003"
2661,"Malmaud et al., 2014"
2662,"Ma et al., 2014"
2663,"Gildea and Jurasfky, 2002"
2664,"Fisher and Roark, 2007"
2665,"Zhao et al., 2010"
2666,"Costa and Bond, 2015"
2667,"Garera and Yarowsky, 2009"
2668,"Roy et al., 2015"
2669,"Brown et al., 1993"
2670,"Reiter and Belz, 2006"
2671,"Hirao et al., 2013"
2672,"Eisner, 2003"
2673,"Kanerva et al., 2014"
2674,"Krovetz, 1992"
2675,"Erbach, 1995"
2676,"Tetreault et al., 2010"
2677,"Chambers et al., 2007"
2678,"Faruqui et al., 2015"
2679,"Scannell, 2014"
2680,"Bohmova, 2001"
2681,"Mcdonald and Pereira, 2006"
2682,"Fleischman and Hovy, 2003"
2683,"Zhou and Xue, 2012"
2684,"Feng and Bangalore, 2009"
2685,"Genest and Lapalme, 2012"
2686,"Minnen et al., 2000"
2687,"Koller et al., 2009"
2688,"Cheng et al., 2006"
2689,"Reisinger and Pasca, 2009"
2690,"Titov and Henderson, 2007"
2691,"Takeuchi and Collier, 2003"
2692,"Giuliano et al., 2009"
2693,"Saggion, 2009"
2694,"Finch and Sumita, 2009"
2695,"Packard, 2014"
2696,"Zhong and Ng, 2012"
2697,"Vickrey and Koller, 2008"
2698,"Foth and Menzel, 2006"
2699,"Déchelotte et al., 2008"
2700,"Vlachos, 2011"
2701,"Choi, 2000"
2702,"Bao et al., 2014"
2703,"Mejer and Crammer, 2010"
2704,"Heafield et al., 2013"
2705,"Razmara et al., 2012"
2706,"Brill and Wu, 1998"
2707,"Burger and Ferro, 2005"
2708,"Nilsson et al., 2006"
2709,"Dejean et al., 2003"
2710,"Cherry, 2008"
2711,"Netzer and Elhadad, 2006"
2712,"Gillick and Liu, 2010"
2713,"Bunescu, 2003"
2714,"Bozsahin, 2002"
2715,"Nabil et al., 2014"
2716,"Lee and Hwang, 2013"
2717,"Carpuat and Simard, 2012"
2718,"Lerman and McDonald, 2009"
2719,"Erbach, 1992"
2720,"Aminian et al., 2014"
2721,"Weese et al., 2012"
2722,"Geertzen, 2009"
2723,"Gildea, 2010"
2724,"Pianta and Tonelli, 2010"
2725,"Green and Dorr, 2005"
2726,"Biadsy et al., 2009"
2727,"Morrill, 1999"
2728,"Maier, 2015"
2729,"Bilmes and Kirchhoff, 2003"
2730,"Takechi et al., 2003"
2731,"Zhang and Weng, 2005"
2732,"Farkas et al., 2011"
2733,"Martins and Almeida, 2014"
2734,"Utiyama and Isahara, 2001"
2735,"Klein and Manning, 2001"
2736,"Severyn and Moschitti, 2013"
2737,"Nakano et al., 2003"
2738,"Sharkey and Sanders, 2014"
2739,"Ambati et al., 2010"
2740,"Lin and Cherry, 2002"
2741,"Shinyama and Sekine, 2006"
2742,"Tsuruoka et al., 2005"
2743,"Gimpel et al., 2013"
2744,"Kuznetsova et al., 2013"
2745,"Sun et al., 2013"
2746,"Narayan and Cohen, 2015"
2747,"Roth et al., 2014"
2748,"Mayer and Cysouw, 2012"
2749,"Huck et al., 2013"
2750,"Wong and Mooney, 2006"
2751,"Vosse, 1992"
2752,"Kiela and Clark, 2014"
2753,"Fissaha, 2005"
2754,"Aker et al., 2013"
2755,"Aït-Mokhtar and Chanod, 1997"
2756,"Kolhatkar et al., 2013"
2757,"Ponvert, 2007"
2758,"Passonneau, 1988"
2759,"Clark and Wicentwoski, 2013"
2760,"Coyne et al., 2011"
2761,"Saetre et al., 2009"
2762,"Core and Schubert, 1999"
2763,"Matykiewicz et al., 2009"
2764,"Strapparava and Mihalcea, 2007"
2765,"Molla, 2006"
2766,"Reiter, 1995"
2767,"Chang et al., 2008"
2768,"Heafield et al., 2014"
2769,"Bott et al., 2012"
2770,"Bazrafshan and Gildea, 2013"
2771,"Jayaraman and Lavie, 2005"
2772,"Klein et al., 2003"
2773,"Wang and Blunsom, 2013"
2774,"Verhagen et al., 2007"
2775,"Yannakoudakis and Briscoe, 2012"
2776,"Zhitomirsky-Geffet and Dagan, 2005"
2777,"Callison-Burch et al., 2012"
2778,"Cheung et al., 2013"
2779,"Chahuneau et al., 2012"
2780,"Durrani et al., 2013"
2781,"Paul et al., 2010"
2782,"Minnen, 1996"
2783,"Daude et al., 2000"
2784,"Foster, 2007"
2785,"Ganchev and Dredze, 2008"
2786,"Müller and Strube, 2003"
2787,"Wagner and Foster, 2009"
2788,"Altantawy et al., 2011"
2789,"Oflazer, 1999"
2790,"Bikel and Chiang, 2000"
2791,"Freitag, 2004"
2792,"Mitkov, 1998"
2793,"Hall and Nilsson, 2006"
2794,"Grishman and Chitrao, 1988"
2795,"Loper and Bird, 2002"
2796,"Lucas and Downey, 2013"
2797,"Monson et al., 2004"
2798,"Culotta and Sorensen, 2004"
2799,"Zens and Ney, 2006"
2800,"Bollmann, 2013"
2801,"Passonneau et al., 2010"
2802,"Kumaran et al., 2009"
2803,"Marcu et al., 2000"
2804,"Erk and Padó, 2008"
2805,"Rubinstein et al., 2013"
2806,"Carenini et al., 2006"
2807,"Nakatani, 1998"
2808,"Dzikovska et al., 2006"
2809,"Kaji, 2003"
2810,"Wu, 1996"
2811,"Zerrouki et al., 2014"
2812,"Reiter and Frank, 2010"
2813,"Munteanu and Marcu, 2006"
2814,"Hildebrand and Vogel, 2009"
2815,"Hovy and Søgaard, 2015"
2816,"Ng et al., 1999"
2817,"Kauchak and Chen, 2005"
2818,"Varges, 2005"
2819,"He et al., 2013"
2820,"Tambouratzis et al., 2013"
2821,"Reddy et al., 2010"
2822,"Machacek and Bojar, 2014"
2823,"Amir et al., 2014"
2824,"Artzi et al., 2014"
2825,"Min et al., 2012"
2826,"Montazeri and Hobbs, 2011"
2827,"Tzeng and Chen, 2002"
2828,"Paul and Girju, 2010"
2829,"Reddy and Waxmonsky, 2009"
2830,"Sasano and Kurohashi, 2009"
2831,"Cahill and Forst, 2009"
2832,"Luo and Zhao, 2011"
2833,"Wehrli et al., 2010"
2834,"Cho et al., 2014"
2835,"Stoyanov et al., 2010"
2836,"Hawker, 2007"
2837,"Nagata et al., 2011"
2838,"Tan, 2009"
2839,"Curran and Osborne, 2002"
2840,"Dyer et al., 2015"
2841,"Xue, 2008"
2842,"Chelba and Jelinek, 1998"
2843,"Rao and Yarowsky, 2011"
2844,"Guldea, 2001"
2845,"Li et al., 2009"
2846,"Bloodgood and Callison-Burch, 2010"
2847,"Pennacchiotti and Pantel, 2006"
2848,"Pullum, 1984"
2849,"Mitchell et al., 2011"
2850,"Webber et al., 2003"
2851,"Stevenson and Greenwood, 2006"
2852,"Nawaz et al., 2010"
2853,"Keshtkar and Inkpen, 2010"
2854,"Blanchard and Heinz, 2008"
2855,"Borg et al., 2009"
2856,"Yangarber, 2003"
2857,"Rajkumar and White, 2011"
2858,"Louis and Nenkova, 2009"
2859,"Abney, 2002"
2860,"Eshky et al., 2012"
2861,"Cassell et al., 2001"
2862,"Hickl et al., 2005"
2863,"Nwesri et al., 2006"
2864,"Sproat et al., 2006"
2865,"Agarwal and Rambow, 2010"
2866,"Beltagy et al., 2013"
2867,"Hovy et al., 2009"
2868,"Byrne et al., 2013"
2869,"Jiang and Conrath, 1997"
2870,"Sahakian and Snyder, 2012"
2871,"Leuski et al., 2003"
2872,"Hauer and Kondrak, 2013"
2873,"Morawietz and Cornell, 1997"
2874,"Baldwin, 2005"
2875,"Yao et al., 2012"
2876,"Pereira and Shieber, 1984"
2877,"Martins et al., 2008"
2878,"Madnani et al., 2010"
2879,"Asher and Lascarides, 1994"
2880,"Langlois et al., 2012"
2881,"Roller et al., 2015"
2882,"ow, 1990"
2883,"Brun, 1998"
2884,"Yoshida and Tsujii, 2007"
2885,"Fujii et al., 2002"
2886,"Kurz, 2000"
2887,"Shafran and Hall, 2006"
2888,"Bos and Nissim, 2006"
2889,"Jeong and Lee, 2006"
2890,"Karttunen, 1984"
2891,"Mimno and Blei, 2011"
2892,"Daelemans et al., 1999"
2893,"Walker et al., 2001"
2894,"Lamar et al., 2010"
2895,"Cao and Khudanpur, 2014"
2896,"Reithinger and Maier, 1995"
2897,"Vincze et al., 2011"
2898,"Resnik and Smith, 2003"
2899,"Wu et al., 2003"
2900,"Silberer and Lapata, 2012"
2901,"Rahman and Ng, 2011"
2902,"Chu-Carroll and Brown, 1997"
2903,"Max, 2009"
2904,"Gardent and Kallmeyer, 2003"
2905,"Lampos et al., 2014"
2906,"Radev et al., 2008"
2907,"Pedersen et al., 2004"
2908,"Dzikovska et al., 2010"
2909,"Hassan et al., 2011"
2910,"Fried et al., 2015"
2911,"Hardy et al., 2003"
2912,"Chen et al., 2012"
2913,"Higgins, 2004"
2914,"Garrette and Baldridge, 2013"
2915,"Collins et al., 2005"
2916,"Gao et al., 2014"
2917,"Kazama et al., 2002"
2918,"Rosenthal et al., 2014"
2919,"Ni et al., 2009"
2920,"Radev et al., 2009"
2921,"Bouma, 2010"
2922,"Lavergne et al., 2010"
2923,"Moore, 2005"
2924,"Yoshida, 2005"
2925,"Stone, 2002"
2926,"Laparra et al., 2015"
2927,"Zelenko and Aone, 2006"
2928,"Gegigan et al., 2006"
2929,"Lin et al., 2010"
2930,"Stevenson and Greenwood, 2005"
2931,"Wang and Fan, 2014"
2932,"Angeli et al., 2012"
2933,"Matiasek and Baroni, 2003"
2934,"Søgaard, 2010"
2935,"Ploch, 2011"
2936,"Rosenberg and Hirschberg, 2009"
2937,"Koller and Thater, 2010"
2938,"Iida et al., 2006"
2939,"Chung et al., 2010"
2940,"Persing and Ng, 2014"
2941,"McDonald, 2006"
2942,"Dorr et al., 2003"
2943,"Enright and Kondrak, 2007"
2944,"Elworthy, 1998"
2945,"Tsuchiya et al., 2008"
2946,"Green et al., 2014"
2947,"Brants, 2000"
2948,"Tu, 2012"
2949,"Reiter, 1991"
2950,"Hill and Korhonen, 2014"
2951,"Siddharthan and Katsos, 2012"
2952,"Fancellu and Webber, 2014"
2953,"Theron and Cloete, 1997"
2954,"Jamrozik et al., 2013"
2955,"Schneider et al., 2013"
2956,"Kim and Seo, 2002"
2957,"Carroll et al., 1998"
2958,"Bojar and Tamchyna, 2015"
2959,"Barton, 1986"
2960,"Baroni and Kilgarriff, 2006"
2961,"Szarvas et al., 2013"
2962,"Nian-wen, 2012"
2963,"Oh et al., 2009"
2964,"Hermann et al., 2014"
2965,"Kozareva et al., 2007"
2966,"Hewavitharana and Vogel, 2011"
2967,"Dinu and Wang, 2009"
2968,"Eisner and Charniak, 2011"
2969,"Specia et al., 2012"
2970,"Williams and Koehn, 2011"
2971,"Gorman and Curran, 2005"
2972,"Ritter et al., 2010"
2973,"Reynar, 1999"
2974,"Stoyanov and Cardie, 2006"
2975,"Cucchiarelli et al., 1998"
2976,"Mikheev, 2000"
2977,"Hunter, 2000"
2978,"Wuebker et al., 2010"
2979,"Morbini et al., 2012"
2980,"Simard et al., 2007"
2981,"Debusmann et al., 2004"
2982,"Paris and Scott, 1994"
2983,"Maletti, 2010"
2984,"Berg-Kirkpatrick et al., 2012"
2985,"Gildea, 2003"
2986,"Pavlopoulos and Androutsopoulos, 2014"
2987,"Nissim, 2006"
2988,"Erdmann and Gwinnup, 2015"
2989,"Thompson et al., 2011"
2990,"Reiter, 2007"
2991,"Levitan et al., 2012"
2992,"Reichart and Rappoport, 2007"
2993,"Gorman and Curran, 2007"
2994,"Dethlefs and Cuayahuitl, 2010"
2995,"Berland and Charniak, 1999"
2996,"Riedel et al., 2009"
2997,"Agirre et al., 2011"
2998,"Pauls and Klein, 2011"
2999,"Pantel and Lin, 2003"
3000,"Ingria and Stallard, 1989"
3001,"Tishby and Lee, 1993"
3002,"Hewlett and Cohen, 2009"
3003,"Ingria, 1990"
3004,"Nomoto, 2004"
3005,"Pustejovsky, 1995"
3006,"Mizuta and Collier, 2004"
3007,"Hovy et al., 2006"
3008,"Abu-Jbara and Radev, 2011"
3009,"Giménez and Màrquez, 2007"
3010,"Raghavendra and Maji, 2006"
3011,"Dredze and Crammer, 2008"
3012,"Pilehvar and Navigli, 2014"
3013,"Brants et al., 1997"
3014,"Regneri et al., 2008"
3015,"Rimell, 2014"
3016,"Morante and Busser, 2007"
3017,"Muller et al., 2002"
3018,"Magnini et al., 2002"
3019,"Osborne and Briscoe, 1998"
3020,"Grishman, 2008"
3021,"Christensen et al., 2002"
3022,"Setiawan et al., 2007"
3023,"Davidov and Rappoport, 2010"
3024,"Traum and Allen, 1994"
3025,"Branavan et al., 2011"
3026,"Finch and Sumita, 2008"
3027,"Séaghdha and Korhonen, 2012"
3028,"Mcclosky et al., 2006"
3029,"Dahl et al., 2007"
3030,"Gardent and Kow, 2006"
3031,"Boguslavsky et al., 2004"
3032,"Filho and Pardo, 2013"
3033,"Gal, 2002"
3034,"Alfonseca et al., 2008"
3035,"Freedman, 2005"
3036,"Deneefe and Knight, 2009"
3037,"Dong et al., 2015"
3038,"Germann et al., 2003"
3039,"Lee and Kong, 2012"
3040,"Gasperin, 2006"
3041,"McFate, 2010"
3042,"Gildea and Hockenmaier, 2003"
3043,"Durrani et al., 2011"
3044,"Dickinson and Meurers, 2003"
3045,"Choe et al., 2015"
3046,"Haghighi and Klein, 2007"
3047,"Mihalcea and Moldovan, 1998"
3048,"Melamed et al., 2004"
3049,"Manning, 2003"
3050,"Nguyen et al., 2007"
3051,"Agirre et al., 1998"
3052,"Ueffing, 2007"
3053,"Cohen et al., 2013"
3054,"Kurohashi, 2001"
3055,"Halpin et al., 2004"
3056,"Gildea et al., 2006"
3057,"Blanco and Moldovan, 2014"
3058,"Tanabe and Wilbur, 2002"
3059,"Ristad and Thomas, 1995"
3060,"Regneri et al., 2010"
3061,"Kuhn, 2004"
3062,"Joty et al., 2014"
3063,"Parada et al., 2011"
3064,"Ghosh et al., 2012"
3065,"Molchanov, 2012"
3066,"Paris, 1988"
3067,"Garrette et al., 2014"
3068,"Xue and Hwa, 2014"
3069,"Lin and Rey, 2004"
3070,"Stalls and Knight, 1998"
3071,"Huang et al., 2008"
3072,"Gatt et al., 2009"
3073,"Diao and Jiang, 2013"
3074,"Leacock et al., 2009"
3075,"Dyer, 2009"
3076,"Vaudry and Lapalme, 2013"
3077,"Nicolai et al., 2015"
3078,"Krishnamurthy and Mitchell, 2012"
3079,"Futrell et al., 2015"
3080,"Mei and Zhai, 2008"
3081,"Jackendoff, 1997"
3082,"Kan and McKeown, 2002"
3083,"Martins, 2015"
3084,"Arsoy et al., 2012"
3085,"Kushman et al., 2014"
3086,"Hobbs, 1983"
3087,"Sekine et al., 1992"
3088,"Toutanova et al., 2005"
3089,"Foth et al., 2006"
3090,"Darwish, 2010"
3091,"Kilicoglu and Bergler, 2010"
3092,"Saito et al., 2006"
3093,"Boston et al., 2008"
3094,"Versley, 2014"
3095,"Feng et al., 2014"
3096,"Bannard and Callison-Burch, 2005"
3097,"Kwong, 2009"
3098,"McRoy and Hirst, 1993"
3099,"McIntyre and Lapata, 2009"
3100,"Lamb et al., 2013"
3101,"McDonald et al., 2007"
3102,"Toutanova et al., 2008"
3103,"Iyyer et al., 2014"
3104,"Kulick et al., 2004"
3105,"Martschat and Strube, 2014"
3106,"Abney and Light, 1999"
3107,"Marciniak and Mykowiecka, 2007"
3108,"Scaria et al., 2013"
3109,"Schofield and Zheng, 2003"
3110,"Rossler, 2004"
3111,"Xiao et al., 2009"
3112,"Klebanov et al., 2008"
3113,"Walker, 1989"
3114,"Gan and Wong, 2000"
3115,"Sheremetyeva, 2003"
3116,"Bergsma and Lin, 2006"
3117,"Cohen, 1984"
3118,"Kolachina et al., 2012"
3119,"Rei and Briscoe, 2013"
3120,"Wick et al., 2012"
3121,"Nivre and Nilsson, 2005"
3122,"Raaijmakers et al., 2008"
3123,"Fahmi and Bouma, 2006"
3124,"Culotta et al., 2006"
3125,"Westerhout, 2009"
3126,"Oelke et al., 2012"
3127,"Yang et al., 2012"
3128,"Brody and Lapata, 2009"
3129,"Gordon et al., 2015"
3130,"Mille et al., 2013"
3131,"Stamatatos et al., 1999"
3132,"Litman et al., 2003"
3133,"Kuzman et al., 2009"
3134,"Basili et al., 2005"
3135,"Flickinger and Yu, 2013"
3136,"Pappu and Rudnicky, 2012"
3137,"Bloom et al., 2007"
3138,"Tseng and Chen, 2002"
3139,"Gardent and Kow, 2005"
3140,"Woods, 1980"
3141,"Yih and Qazvinian, 2012"
3142,"Kelly et al., 2012"
3143,"Clark et al., 2003"
3144,"Yahya et al., 2014"
3145,"Huang, 1984"
3146,"Yessenalina et al., 2010"
3147,"Oda et al., 2014"
3148,"Brew, 1991"
3149,"Arora et al., 2010"
3150,"Stone, 2000"
3151,"Zhao and Xing, 2006"
3152,"Preotiuc-Pietro et al., 2015"
3153,"Amtrup and Weber, 1998"
3154,"Feng and Lapata, 2010"
3155,"Diao et al., 2012"
3156,"Koomen et al., 2005"
3157,"Kummerfeld et al., 2013"
3158,"Yamangil and Nelken, 2008"
3159,"Mihalcea and Moldovan, 1999"
3160,"Joanis et al., 2006"
3161,"Hale, 2004"
3162,"Haghighi and Klein, 2010"
3163,"Palmer and Hearst, 1994"
3164,"Power and Cavallotto, 1996"
3165,"Shutova et al., 2013"
3166,"Wiebe et al., 1998"
3167,"Snover and Brent, 2001"
3168,"Sun et al., 1998"
3169,"Coch, 1996"
3170,"Reitter et al., 2006"
3171,"Šarić et al., 2012"
3172,"Rozovskaya et al., 2013"
3173,"Chen et al., 2011"
3174,"Foster and Kuhn, 2007"
3175,"Bhat and Sharma, 2012"
3176,"Grego et al., 2013"
3177,"Roth and Zelenko, 1998"
3178,"Mitamura et al., 2015"
3179,"Blitzer et al., 2006"
3180,"Ng, 2009"
3181,"Alexandrescu and Kirchhoff, 2006"
3182,"O'Donnell, 1996"
3183,"Gerber et al., 2009"
3184,"Banik et al., 2013"
3185,"Rosti et al., 2007"
3186,"Wang and Zhang, 2009"
3187,"Lai et al., 2002"
3188,"Heilman and Smith, 2010"
3189,"Wilson et al., 2013"
3190,"Joanis and Stevenson, 2003"
3191,"Li et al., 2006"
3192,"Haghighi et al., 2007"
3193,"Kosseim and Lapalme, 1994"
3194,"Turney, 2006"
3195,"Murphy et al., 2012"
3196,"Dligach et al., 2010"
3197,"Garg and Henderson, 2012"
3198,"Shimizu and Haas, 2006"
3199,"Grover and Lascarides, 2001"
3200,"Martin et al., 2005"
3201,"Schwenk et al., 2006"
3202,"Kaplan et al., 2004"
3203,"Kaisser and Webber, 2007"
3204,"Feng et al., 2004"
3205,"Tjong and Sang, 2007"
3206,"Lim et al., 2004"
3207,"Teufel and Moens, 1997"
3208,"Mani et al., 2003"
3209,"Niessen et al., 1998"
3210,"McKelvie et al., 1997"
3211,"Filippova, 2012"
3212,"Hassanali et al., 2013"
3213,"Zhang and Wang, 2009"
3214,"Katz-Brown et al., 2011"
3215,"Och et al., 2004"
3216,"Pustejovsky et al., 2005"
3217,"Maletti and Satta, 2009"
3218,"Bojar et al., 2014"
3219,"Björkelund et al., 2009"
3220,"Hindle, 1991"
3221,"Calder, 1998"
3222,"Joty and Moschitti, 2014"
3223,"Kasper et al., 1999"
3224,"Goodman, 2003"
3225,"Malakasiotis et al., 2013"
3226,"Sun and Jurafsky, 2004"
3227,"Ren et al., 2013"
3228,"Wiebe and Wilson, 2002"
3229,"Sokolov et al., 2012"
3230,"Ranchhod et al., 1999"
3231,"Fu et al., 2013"
3232,"Alexandrescu and Kirchhoff, 2009"
3233,"Bada et al., 2010"
3234,"Yahya et al., 2012"
3235,"Ellsworth and Janin, 2007"
3236,"Yeniterzi, 2011"
3237,"Molina and Pla, 2001"
3238,"Babych et al., 2012"
3239,"Ratnaparkhi, 1996"
3240,"Do and Roth, 2010"
3241,"Yao et al., 2010"
3242,"Tapanainen and Järvinen, 1997"
3243,"Kim and Khudanpur, 2003"
3244,"Maybury, 1989"
3245,"Koo et al., 2008"
3246,"Zhila et al., 2013"
3247,"Echihabi and Marcu, 2003"
3248,"Schone and Jurafsky, 2001"
3249,"Rindflesch et al., 2000"
3250,"Och and Ney, 2003"
3251,"Prager et al., 2006"
3252,"Rahman and Ng, 2012"
3253,"Kuhlmann, 2013"
3254,"Kopotev et al., 2013"
3255,"Judge et al., 2006"
3256,"Sap et al., 2014"
3257,"Mihalcea and Pedersen, 2003"
3258,"Daumé and Marcu, 2007"
3259,"Christensen et al., 2010"
3260,"Litkowski and Hargraves, 2006"
3261,"Samdani et al., 2012"
3262,"Higashinaka et al., 2010"
3263,"Elming et al., 2013"
3264,"Snow et al., 2005"
3265,"Zens and Ney, 2004"
3266,"Gerani et al., 2014"
3267,"Bohus and Horvitz, 2009"
3268,"Shaw and Hatzivassiloglou, 1999"
3269,"Mahamood and Reiter, 2011"
3270,"Klein and Manning, 2003"
3271,"Weeds, 2003"
3272,"Evert et al., 2014"
3273,"Saggion, 2012"
3274,"István and Shoichi, 2009"
3275,"DauméIII, 2007"
3276,"Read et al., 2012"
3277,"McCarthy et al., 2004"
3278,"Byrd and Chodorow, 1985"
3279,"Oza et al., 2009"
3280,"Day et al., 1997"
3281,"Pustejovksy, 1995"
3282,"Brun et al., 2000"
3283,"Madnani and Boyd-Graber, 2010"
3284,"Avinesh and Parikh, 2010"
3285,"Sinha et al., 2009"
3286,"Darwish, 2002"
3287,"Higgins et al., 2004"
3288,"Sangati and Zuidema, 2009"
3289,"Nguyen and Dogruoz, 2014"
3290,"Green et al., 2012"
3291,"Ohta et al., 2012"
3292,"Hwang and Sasaki, 2005"
3293,"Morton, 2000"
3294,"Mcdonald et al., 2006"
3295,"Agirre and Lacalle, 2009"
3296,"Carreras et al., 2006"
3297,"Zhang and Barzilay, 2015"
3298,"Omuya et al., 2013"
3299,"Gravano et al., 2007"
3300,"Zhou and Su, 2001"
3301,"Ngai and Florian, 2001"
3302,"Radev and Fan, 2000"
3303,"Zesch and Gurevych, 2007"
3304,"Chali and Hasan, 2012"
3305,"Stevenson and Joanis, 2003"
3306,"Marcu and Echihabi, 2002"
3307,"Iwayama et al., 2003"
3308,"Miller et al., 1996"
3309,"Tennant, 1981"
3310,"Comelles and Atserias, 2014"
3311,"Cimiano, 2009"
3312,"Morante and Blanco, 2012"
3313,"Nielsen, 2004"
3314,"Pustejovsky, 1996"
3315,"Park et al., 2004"
3316,"Daumé et al., 2010"
3317,"Huck and Ney, 2012"
3318,"Wanner, 1994"
3319,"Rink and Harabagiu, 2012"
3320,"Vyas and Pantel, 2009"
3321,"Rogers, 1994"
3322,"Barr et al., 2008"
3323,"Sultan et al., 2014"
3324,"Walker et al., 1997"
3325,"DeCristofaro et al., 1999"
3326,"Tofiloski et al., 2009"
3327,"Eidelman, 2008"
3328,"Croce et al., 2011"
3329,"Nießen et al., 1998"
3330,"Grover et al., 2010"
3331,"Sun and Morency, 2012"
3332,"Krishnakumaran and Zhu, 2007"
3333,"Wu et al., 2009"
3334,"Belz and Varges, 2007"
3335,"Vajjala and Meurers, 2014"
3336,"Turian and Melamed, 2006"
3337,"Horacek, 2005"
3338,"Olteanu et al., 2006"
3339,"Schulz et al., 2002"
3340,"Pichotta and DeNero, 2013"
3341,"Cer et al., 2008"
3342,"Kishore, 2006"
3343,"Chen and Yoon, 2011"
3344,"Matsuzaki et al., 2005"
3345,"Smrz and Horak, 2000"
3346,"Mochizuki et al., 1998"
3347,"Jiang and Zhai, 2006"
3348,"Marcu, 1997"
3349,"Ott et al., 2011"
3350,"Spyns, 1994"
3351,"Mellish et al., 1998"
3352,"Chung and Gildea, 2010"
3353,"Fraser and Marcu, 2006"
3354,"Mohri and Sproat, 1996"
3355,"Allen et al., 2008"
3356,"Al-Rfou et al., 2013"
3357,"Zettlemoyer, 2013"
3358,"Schwartz et al., 2011"
3359,"South et al., 2012"
3360,"Babko-Malaya and Palmer, 2005"
3361,"Lease and Johnson, 2006"
3362,"Santamaria and Araujo, 2010"
3363,"Solorio and Liu, 2008"
3364,"Mihalcea and Tarau, 2005"
3365,"Xiong and Litman, 2011"
3366,"Klein et al., 2002"
3367,"Hatzivassiloglou and Mckeown, 1997"
3368,"Babko-Malaya et al., 2006"
3369,"Zaghouani et al., 2010"
3370,"Dugast and Koehn, 2007"
3371,"Mannem and Dara, 2011"
3372,"Hovy et al., 2011"
3373,"Misra et al., 2008"
3374,"Fowler and Penn, 2010"
3375,"Hutchinson, 2005"
3376,"Elsner and Charniak, 2010"
3377,"Brooks, 2006"
3378,"Prokić et al., 2009"
3379,"Feng and Lapata, 2008"
3380,"Lin, 1998"
3381,"Stymne et al., 2013"
3382,"Clark and Curran, 2006"
3383,"Gotz and Meurers, 1997"
3384,"Li, 2010"
3385,"Mani and Wilson, 2000"
3386,"Suderman and Ide, 2006"
3387,"Filippova and Strube, 2007"
3388,"Venhuizen et al., 2013"
3389,"Horvat and Byrne, 2014"
3390,"Sang and Bos, 2012"
3391,"Garside and Leech, 1985"
3392,"Okita, 2009"
3393,"Hindle and Rooth, 1990"
3394,"Freitag, 1998"
3395,"Falk et al., 2012"
3396,"Oflazer and Tiir, 1997"
3397,"Sumita, 2000"
3398,"Foth et al., 2004"
3399,"Zhao et al., 2008"
3400,"Thater et al., 2009"
3401,"Koehn, 2004"
3402,"Raghavan et al., 2010"
3403,"Chen et al., 1999"
3404,"Buzek et al., 2010"
3405,"King et al., 2003"
3406,"Cromières and Kurohashi, 2014"
3407,"Hachey and Grover, 2004"
3408,"Sloot, 2011"
3409,"Chen et al., 2008"
3410,"Irvine and Callison-Burch, 2014"
3411,"Bangalore et al., 2012"
3412,"Saint-Dizier, 1998"
3413,"Schlangen and Skantze, 2011"
3414,"Banko and Vanderwende, 2004"
3415,"Kwong, 1998"
3416,"Rimell et al., 2009"
3417,"Bontcheva et al., 2002"
3418,"Kim and Hovy, 2006"
3419,"Voigt and Jurafsky, 2013"
3420,"Varadarajan et al., 2008"
3421,"Rehbein, 2011"
3422,"Stoica and Hearst, 2004"
3423,"Callison-Burch, 2007"
3424,"Yessenalina and Cardie, 2011"
3425,"Elfardy and Diab, 2013"
3426,"Shutova, 2013"
3427,"Wang and Cardie, 2011"
3428,"Fader et al., 2011"
3429,"Brody and Elhadad, 2010"
3430,"Möller and Ward, 2008"
3431,"Carreras and Collins, 2009"
3432,"Fiedler and Tsovaltzi, 2003"
3433,"Luque et al., 2012"
3434,"Hagiwara and Suzuki, 2009"
3435,"Birch and Osborne, 2011"
3436,"Li et al., 2010"
3437,"Ohta et al., 2010"
3438,"Naseem et al., 2010"
3439,"Roark and Bacchiani, 2003"
3440,"Zitouni and Florian, 2008"
3441,"Kreuz and Caucci, 2007"
3442,"Apidianaki and Marie, 2015"
3443,"Morante et al., 2008"
3444,"Marquez et al., 2005"
3445,"Rambow et al., 1995"
3446,"Ganchev et al., 2009"
3447,"Carpenter and Pollard, 1991"
3448,"Bikel, 2000"
3449,"Ogren, 2006"
3450,"Goodman, 1996"
3451,"Gasanova et al., 2013"
3452,"Loeff et al., 2006"
3453,"Angeli et al., 2010"
3454,"Sil et al., 2012"
3455,"Gouws and Metzle, 2011"
3456,"Bojar et al., 2013"
3457,"Snover et al., 2011"
3458,"Corston-Oliver and Aue, 2006"
3459,"McCoy et al., 2012"
3460,"Selfridge and Heeman, 2010"
3461,"Park and Brew, 2006"
3462,"Yarowsky et al., 2001"
3463,"Mikheev, 1998"
3464,"Gong et al., 2012"
3465,"Settles and Zhu, 2012"
3466,"Hall et al., 2014"
3467,"Wu et al., 2010"
3468,"Bhargava and Kondrak, 2009"
3469,"Snyder and Barzilay, 2007"
3470,"Hassan and Menezes, 2013"
3471,"Bisk and Hockenmaier, 2013"
3472,"Ravi, 2013"
3473,"Buitelaar et al., 2008"
3474,"Moens et al., 2006"
3475,"MacCartney et al., 2008"
3476,"Clark et al., 2007"
3477,"Krieger, 2003"
3478,"Li, 2002"
3479,"GuoDong et al., 2005"
3480,"Wacholder et al., 1997"
3481,"Belz and Reiter, 2006"
3482,"Lui and Baldwin, 2012"
3483,"Wellner et al., 2005"
3484,"Polanyi and Scha, 1984"
3485,"Meurers et al., 2010"
3486,"Beck et al., 2014"
3487,"Federmann et al., 2010"
3488,"Reiter et al., 2003"
3489,"Shah et al., 2015"
3490,"Taboada et al., 2009"
3491,"Roth and Sammons, 2007"
3492,"Belz and Kow, 2011"
3493,"Alex et al., 2007"
3494,"Petrenz, 2012"
3495,"Dinarelli et al., 2009"
3496,"Bobicev, 2013"
3497,"Moschitti et al., 2008"
3498,"Quirk et al., 2005"
3499,"Kummerfeld et al., 2010"
3500,"Vlachos and Riedel, 2014"
3501,"Tiedemann, 2003"
3502,"Wehrli et al., 2009"
3503,"Srinivasan, 2002"
3504,"Clark and Curran, 2009"
3505,"Sobha et al., 2011"
3506,"Shindo et al., 2011"
3507,"Resnik et al., 2015"
3508,"Maney et al., 2012"
3509,"Abeille, 1990"
3510,"Dagan et al., 2006"
3511,"Sharma and Paul, 2014"
3512,"Hewlett and Cohen, 2011"
3513,"Alves et al., 2014"
3514,"Roth et al., 2009"
3515,"Shnarch et al., 2011"
3516,"Cohen et al., 2005"
3517,"Koehn et al., 2003"
3518,"Koehn et al., 2007"
3519,"Chung et al., 2011"
3520,"Shi et al., 2006"
3521,"Gao et al., 2006"
3522,"Mohit et al., 2012"
3523,"Tomanek and Hahn, 2009"
3524,"Wedekind, 1991"
3525,"Clark and Curran, 2003"
3526,"Liu and Seneff, 2009"
3527,"Castellucci et al., 2014"
3528,"Drndarevic and Saggion, 2012"
3529,"Miller et al., 2000"
3530,"Ng and Cardie, 2002"
3531,"Moens and Steedman, 1988"
3532,"Xu et al., 2014"
3533,"Clark, 2000"
3534,"Bear and Price, 1990"
3535,"Fomicheva et al., 2015"
3536,"Fossati et al., 2013"
3537,"Lee, 1999"
3538,"Lison, 2012"
3539,"Denis et al., 2006"
3540,"Mordowanec et al., 2014"
3541,"Wang and Callison-Burch, 2011"
3542,"Carberry, 1988"
3543,"Green, 1990"
3544,"Kilgarriff and Rose, 1998"
3545,"Ponzetto and Navigli, 2010"
3546,"Koller and Thater, 2005"
3547,"Aziz et al., 2013"
3548,"Hulth and Megyesi, 2006"
3549,"Chang et al., 1995"
3550,"Gregory et al., 2004"
3551,"Nesson et al., 2008"
3552,"Thadani, 2014"
3553,"Medelyan et al., 2009"
3554,"Yang et al., 2014"
3555,"Rafferty and Manning, 2008"
3556,"Kuhlmann and Mohl, 2006"
3557,"Corbett et al., 2007"
3558,"Wiebe et al., 1997"
3559,"Kim et al., 1999"
3560,"Yang and Cardie, 2013"
3561,"Coppola et al., 2009"
3562,"Tomuro, 2000"
3563,"Wu and Weld, 2010"
3564,"Cuadros and Rigau, 2007"
3565,"Goeuriot et al., 2009"
3566,"FitzGerald et al., 2015"
3567,"Stevenson et al., 2009"
3568,"Karttunen, 1996"
3569,"Duh et al., 2012"
3570,"Wu, 2006"
3571,"Walker et al., 2012"
3572,"Zitouni et al., 2006"
3573,"Soderland et al., 2009"
3574,"DeNeefe et al., 2005"
3575,"Xue and Palmer, 2004"
3576,"Perera and Ranta, 2007"
3577,"Stenetorp et al., 2012"
3578,"Ng and Curran, 2012"
3579,"Johansson and Nugues, 2005"
3580,"Xu et al., 2011"
3581,"Phillips, 2010"
3582,"Marcu et al., 1999"
3583,"Velikovich et al., 2010"
3584,"Ceylan and Kim, 2009"
3585,"Zhong and Stent, 2009"
3586,"Heeman, 1998"
3587,"Ide, 2007"
3588,"Chan and Roth, 2011"
3589,"Leong and Mihalcea, 2011"
3590,"Li and Wu, 2012"
3591,"Gella et al., 2013"
3592,"Berant and Liang, 2014"
3593,"Bethard et al., 2009"
3594,"Sarawgi et al., 2011"
3595,"WMT, 2014"
3596,"Yuret, 2008"
3597,"Gaizauskas et al., 2015"
3598,"Chung, 2004"
3599,"Haruno et al., 1999"
3600,"Mueller, 2002"
3601,"Riaz, 2010"
3602,"Pantel et al., 2012"
3603,"Funakoshi et al., 2012"
3604,"Louis and Cohen, 2015"
3605,"Tratz and Hovy, 2011"
3606,"Bilmes and Kirchoff, 2003"
3607,"Hoffart et al., 2011"
3608,"Lapata and Lascarides, 2003"
3609,"Hagiwara and Sekine, 2012"
3610,"Yoon et al., 2007"
3611,"Dzikovska et al., 2009"
3612,"Cook and Stevenson, 2006"
3613,"Goutte et al., 2004"
3614,"Baker and Sato, 2003"
3615,"Akkaya et al., 2010"
3616,"Friedrich et al., 2015"
3617,"Cahill, 1993"
3618,"Raux and Nakano, 2010"
3619,"Vossen et al., 1999"
3620,"Peshkin et al., 2003"
3621,"Elfardy et al., 2014"
3622,"Clark and Eyraud, 2006"
3623,"Morley et al., 2014"
3624,"Snyder et al., 2008"
3625,"Ljunglöf, 2014"
3626,"Salameh et al., 2014"
3627,"Penn and Choma, 2006"
3628,"Forbes-Riley and Litman, 2004"
3629,"Goldberg and Nivre, 2012"
3630,"Tsvetkov et al., 2015"
3631,"Suzuki and Toutanova, 2007"
3632,"Finch and Mikheev, 1997"
3633,"Whittemore et al., 1991"
3634,"Chelba, 1997"
3635,"Barzilay and Lapata, 2005"
3636,"Daumé and Jagarlamudi, 2011"
3637,"Hacioglu, 2004"
3638,"Tomanek et al., 2010"
3639,"Nilsson and Nivre, 2010"
3640,"Och and Ney, 2000"
3641,"Isard et al., 2006"
3642,"Reynaert, 2004"
3643,"Powers, 2012"
3644,"Boullier, 2004"
3645,"Mutton et al., 2007"
3646,"Xu et al., 2003"
3647,"Mihalcea, 2004"
3648,"Koehn and Knight, 2002"
3649,"Mudge, 2010"
3650,"Wutiwiwatchai and Thangthai, 2010"
3651,"Gui et al., 2014"
3652,"Bouillon et al., 2007"
3653,"Creutz and Lagus, 2004"
3654,"Bowman et al., 2015"
3655,"Hu et al., 2013"
3656,"Buitelaar et al., 2006"
3657,"Levitan et al., 2011"
3658,"Collobert and Weston, 2007"
3659,"Seemann et al., 2015"
3660,"Hana et al., 2006"
3661,"Kiefer et al., 1999"
3662,"Medlock and Briscoe, 2008"
3663,"Penn and Zhu, 2008"
3664,"Lombardo and Lesmo, 1998"
3665,"Gimpel and Smith, 2009"
3666,"Collins and Roark, 2004"
3667,"Erkan and Radev, 2004"
3668,"Das and Bandyopadhyay, 2010"
3669,"Wu and Fung, 2009"
3670,"Jurgens and Stevens, 2011"
3671,"Eidelman et al., 2010"
3672,"Duan and Yates, 2010"
3673,"Bloodgood and Vijay-Shanker, 2008"
3674,"Hirschberg and Pierrehumbert, 1986"
3675,"Kulick et al., 2011"
3676,"Bear and Hobbs, 1988"
3677,"Abney et al., 2000"
3678,"Srikumar and Roth, 2013"
3679,"Sang, 2000"
3680,"Petrov et al., 2010"
3681,"Foster, 2000"
3682,"Osborne and Briscoe, 1997"
3683,"Toutanova and Moore, 2002"
3684,"Power, 2009"
3685,"Alishahi, 2010"
3686,"Bender et al., 2014"
3687,"Zanzotto and Pennacchiotti, 2010"
3688,"Nakanishi and Miyao, 2005"
3689,"Bisk and Hockenmaier, 2012"
3690,"Callison-Burch and Dredze, 2010"
3691,"Täckström et al., 2013"
3692,"Golland et al., 2012"
3693,"Puscasu, 2007"
3694,"Guevara, 2010"
3695,"Wasson, 2000"
3696,"Honnibal et al., 2013"
3697,"Min and Wilson, 1998"
3698,"Palmer, 2009"
3699,"Pedersen and Kulkarni, 2006"
3700,"Jing et al., 1997"
3701,"Subba and Di-Eugenio, 2009"
3702,"Purtee and Schubert, 2012"
3703,"DeNero and Klein, 2010"
3704,"Ultes et al., 2013"
3705,"Peng and Gildea, 2014"
3706,"Carberry, 1984"
3707,"Brants and Xu, 2009"
3708,"Manshadi et al., 2011"
3709,"Aletras and Stevenson, 2013"
3710,"Rak et al., 2013"
3711,"Zou et al., 2014"
3712,"Chambers and Jurafsky, 2009"
3713,"Tillmann and Xu, 2009"
3714,"Savova et al., 2006"
3715,"Scott and Matwin, 1998"
3716,"Christensen, 2002"
3717,"Xue and Converse, 2002"
3718,"Vajjala and Lõo, 2013"
3719,"Korkontzelos and Manandhar, 2009"
3720,"Tratz and Sanfilippo, 2007"
3721,"Elsner and Charniak, 2008"
3722,"Nenkova and McKeown, 2003"
3723,"Chelba and Acero, 2006"
3724,"Stevens et al., 2012"
3725,"Niehren et al., 1997"
3726,"Nederhof, 1998"
3727,"Zhai et al., 2004"
3728,"Wiegand and Klakow, 2011"
3729,"Gurevych and Niederlich, 2005"
3730,"Dwyer and Kondrak, 2009"
3731,"Baldwin et al., 2003"
3732,"Pan and Hirschberg, 2001"
3733,"Kaplan and Wedekind, 1993"
3734,"Peterson et al., 2011"
3735,"Luo et al., 2014"
3736,"Dahlmeier and Ng, 2012"
3737,"Frank et al., 2013"
3738,"Diab et al., 2004"
3739,"Pecina and Schlesinger, 2006"
3740,"Ambati et al., 2014"
3741,"Curran, 2002"
3742,"Elson and McKeown, 2009"
3743,"Das and Smith, 2011"
3744,"Borschinger et al., 2011"
3745,"Poveda et al., 2009"
3746,"Angeli et al., 2014"
3747,"Bunt, 2015"
3748,"Graehl et al., 2008"
3749,"Nivre, 2009"
3750,"Chahuneau et al., 2013"
3751,"Moldovan et al., 2004"
3752,"Pauls et al., 2009"
3753,"Stroppa and Yvon, 2005"
3754,"Hobbs and Kehler, 1997"
3755,"Gildea and Temperley, 2007"
3756,"Wang et al., 2005"
3757,"Johnson, 2008"
3758,"Dagan et al., 1997"
3759,"Chen et al., 2010"
3760,"Zhou et al., 2005"
3761,"Wintner, 1999"
3762,"Haynes, 2001"
3763,"Whitehead and Cavedon, 2010"
3764,"Setiawan et al., 2010"
3765,"Cramer, 2007"
3766,"Cherry and Lin, 2007"
3767,"Nenkova et al., 2011"
3768,"Kerpedjiev, 1992"
3769,"Brown et al., 1990"
3770,"Soni et al., 2014"
3771,"Yeganova et al., 2011"
3772,"Gamallo et al., 2012"
3773,"Lignos, 2011"
3774,"Zweig et al., 2012"
3775,"Pala and Hlavackova, 2007"
3776,"Maxwell and Hughes, 2006"
3777,"Klein, 2005"
3778,"Evans et al., 2014"
3779,"Honnibal et al., 2010"
3780,"Hong et al., 2011"
3781,"Hall and Klein, 2010"
3782,"Selmer et al., 2013"
3783,"Smith et al., 2014"
3784,"Takamatsu et al., 2012"
3785,"Pan and McKeown, 1998"
3786,"Ozbal and Strapparava, 2012"
3787,"Miller and Gildea, 1985"
3788,"Dickinson et al., 2010"
3789,"Ide et al., 2002"
3790,"Nerbonne and Heeringa, 1997"
3791,"Willis, 2015"
3792,"Miller et al., 2004"
3793,"Das et al., 2014"
3794,"Chen and Ji, 2010"
3795,"Cuadros and Rigau, 2006"
3796,"Gonzales and Goehring, 2013"
3797,"Kan et al., 1998"
3798,"Xie and Liu, 2010"
3799,"Wang et al., 2009"
3800,"Oflazer and Giizey, 1994"
3801,"Callison-Burch et al., 2011"
3802,"Matthew and Charniak, 1999"
3803,"Goyal et al., 2012"
3804,"Habash and Roth, 2009"
3805,"Caputo et al., 2012"
3806,"Elhadad et al., 1997"
3807,"Irvine et al., 2013"
3808,"Light, 1996"
3809,"Kay, 1996"
3810,"Koller and Kuhlmann, 2011"
3811,"Iida and Poesio, 2011"
3812,"Zhang et al., 2001"
3813,"Banko and Etzioni, 2008"
3814,"Vogel et al., 2013"
3815,"Clark et al., 2009"
3816,"Powers, 1997"
3817,"Gildea and Jurafsky, 2002"
3818,"Finkel and Manning, 2009"
3819,"Andreas and Ghahramani, 2013"
3820,"Conklin and McDonald, 1982"
3821,"Bruni et al., 2012"
3822,"Womack et al., 2012"
3823,"Pradhan et al., 2007"
3824,"Uszkoreit et al., 2005"
3825,"Guildea and Palmer, 2002"
3826,"Ballesteros and Nivre, 2013"
3827,"Derczynski et al., 2015"
3828,"Rapp, 2004"
3829,"Alm, 2009"
3830,"Alfonseca et al., 2009"
3831,"Madnani et al., 2007"
3832,"AbduI-Rauf and Schwenk, 2009"
3833,"Kruiff and Duchier, 2003"
3834,"Dorr, 1993"
3835,"Knight, 2009"
3836,"Nguyen, 2010"
3837,"Chan and Ng, 2007"
3838,"Barak et al., 2013"
3839,"Chelba and Acero, 2004"
3840,"Chiang, 2001"
3841,"Sun et al., 2011"
3842,"Lin, 1997"
3843,"Hatzivassiloglou and McKeown, 1997"
3844,"Feng et al., 2011"
3845,"Duh, 2005"
3846,"Krahmer et al., 2008"
3847,"Yallop et al., 2005"
3848,"Cheng et al., 2012"
3849,"Zhao et al., 2009"
3850,"Baroni and Kilgariff, 2006"
3851,"Bangalore et al., 2000"
3852,"Gatt et al., 2008"
3853,"Galescu, 2009"
3854,"Androutsopoulos et al., 2005"
3855,"Hirschberg, 2008"
3856,"McClosky and Charniak, 2008"
3857,"Huang et al., 2009"
3858,"Yoshikawa et al., 2009"
3859,"Gomez, 1998"
3860,"Quirk et al., 2012"
3861,"Wiebe, 1994"
3862,"Veale, 2012"
3863,"Weerkamp and Rijke, 2008"
3864,"Kolak et al., 2003"
3865,"Xia and Wong, 2006"
3866,"Auli and Lopez, 2011"
3867,"Tokunaga et al., 1997"
3868,"Snover et al., 2008"
3869,"Metallinou et al., 2013"
3870,"Melby, 1983"
3871,"Miltsakaki et al., 2004"
3872,"Naradowsky et al., 2012"
3873,"Miwa et al., 2010"
3874,"Gupta et al., 2014"
3875,"Mazzei, 2012"
3876,"Kim et al., 2009"
3877,"Järvinen and Tapanainen, 1998"
3878,"Curran and Vadas, 2006"
3879,"Spitkovsky et al., 2010"
3880,"Shen and Joshi, 2003"
3881,"Malakasiotis and Androutsopoulos, 2007"
3882,"Ligozat et al., 2012"
3883,"Cetinoglu and Oflazer, 2006"
3884,"Erbach, 1996"
3885,"Briscoe, 1997"
3886,"Fothergill and Baldwin, 2012"
3887,"Ginzburg and Cooper, 2001"
3888,"Barbu et al., 2013"
3889,"Burstein et al., 2007"
3890,"McClosky et al., 2011"
3891,"Foster et al., 2006"
3892,"Pauls and Klein, 2009"
3893,"Hunsicker et al., 2012"
3894,"Stubbs, 2011"
3895,"Stoia et al., 2006"
3896,"Demers, 1977"
3897,"Zirikly and Diab, 2015"
3898,"Bird, 1995"
3899,"Agarwal et al., 2012"
3900,"Lippincott et al., 2012"
3901,"Ardanuy and Sporleder, 2014"
3902,"Viethen and Dale, 2008"
3903,"Bollegala et al., 2014"
3904,"Wu, 2002"
3905,"Ciaramita, 2002"
3906,"Germann, 2008"
3907,"Eidelman et al., 2013"
3908,"Sogaard and Kuhn, 2009"
3909,"Johnston et al., 1997"
3910,"Shinyama and Sekine, 2003"
3911,"Ponzetto, 2007"
3912,"Tao et al., 2006"
3913,"Bernstein and Nessly, 1981"
3914,"Riesa and Marcu, 2010"
3915,"Koo and Collins, 2010"
3916,"Ganchev et al., 2007"
3917,"Settles, 2008"
3918,"Passonneau and Carpenter, 2014"
3919,"Feblowitz and Kauchak, 2013"
3920,"Fellbaum, 1998"
3921,"Huang, 2009"
3922,"Thompson and Dozier, 1997"
3923,"Busemann, 1996"
3924,"Zhu et al., 2014"
3925,"Cohn et al., 2009"
3926,"Luo, 2003"
3927,"Gonzalez-Ibanez et al., 2011"
3928,"Gerdemann, 2009"
3929,"Abdul-Rauf and Schwenk, 2009"
3930,"Liu et al., 2013"
3931,"Kim and Snyder, 2012"
3932,"Adafre, 2005"
3933,"Dligach and Palmer, 2011"
3934,"Shutova, 2010"
3935,"Kim et al., 2013"
3936,"Li and Yamanishi, 2003"
3937,"Mairesse and Walker, 2006"
3938,"Levenberg et al., 2010"
3939,"Medelyan, 2007"
3940,"Lin et al., 2014"
3941,"Beesley, 1998"
3942,"Ahuja and Downey, 2010"
3943,"Eckert and Strube, 1999"
3944,"Lu et al., 2009"
3945,"Curran, 2003"
3946,"Aone et al., 1997"
3947,"Veale et al., 2008"
3948,"WMT, 2015"
3949,"Zhao et al., 2000"
3950,"Yang and Callan, 2009"
3951,"Green, 2006"
3952,"Baldwin and Bond, 2003"
3953,"Ide and Suderman, 2007"
3954,"Zelenko et al., 2004"
3955,"Osborne, 1999"
3956,"Resnik et al., 2010"
3957,"Sekine and Oda, 2007"
3958,"Hasegawa et al., 2004"
3959,"Tonoike et al., 2004"
3960,"Zhuang et al., 2012"
3961,"Minkov and Cohen, 2012"
3962,"Kohomban and Lee, 2005"
3963,"Kong and Ng, 2013"
3964,"MacCartney and Manning, 2007"
3965,"Rimon and Herz, 1991"
3966,"Quirk et al., 2011"
3967,"Mohammad and Hirst, 2006"
3968,"Baldwin and Lui, 2010"
3969,"Schiitze, 1994"
3970,"Yamada, 2002"
3971,"Higgins, 2003"
3972,"Lai and Hockenmaier, 2014"
3973,"Hinrichs et al., 2010"
3974,"Reiter et al., 2000"
3975,"Resnik, 1997"
3976,"Danlos, 1987"
3977,"White and Baldridge, 2003"
3978,"Wroblewski and Rich, 1988"
3979,"Langkilde, 2000"
3980,"Campbell, 2004"
3981,"Finkel et al., 2008"
3982,"Kan and Mckeown, 2002"
3983,"Och, 1998"
3984,"Glass and Seneff, 2003"
3985,"Song et al., 2014"
3986,"Liu and Gildea, 2006"
3987,"Cahill and Forst, 2010"
3988,"Salton, 1988"
3989,"Song et al., 2010"
3990,"Mohammad et al., 2008"
3991,"Bar-Haim et al., 2011"
3992,"Cohen and Collins, 2014"
3993,"Burkett et al., 2010"
3994,"Alonso et al., 2013"
3995,"Goldberg and Nivre, 2013"
3996,"Yang and Eisenstein, 2013"
3997,"Vogel, 2003"
3998,"Hachey et al., 2005"
3999,"Arora and Nyberg, 2009"
4000,"Osborne and Baldbridge, 2004"
4001,"Charniak et al., 1998"
4002,"Stymne, 2011"
4003,"Kilgarriff, 2003"
4004,"Zajac, 2001"
4005,"Levy and Goldberg, 2014"
4006,"Sharifi et al., 2010"
4007,"Hardt, 1992"
4008,"Cheng et al., 2001"
4009,"Malmasi and Cahill, 2015"
4010,"Morgan et al., 2003"
4011,"Daxenberger and Gurevych, 2013"
4012,"Sripada et al., 2003"
4013,"Chandlee et al., 2014"
4014,"Tian et al., 2014"
4015,"Branavan et al., 2009"
4016,"Celikyilmaz and Hakkani-Tur, 2011"
4017,"Ultes et al., 2012"
4018,"Lei et al., 2014"
4019,"Stede, 1993"
4020,"Sawai et al., 2013"
4021,"Meyers et al., 1998"
4022,"Zhao and Vogel, 2003"
4023,"Hearst, 1999"
4024,"Lin et al., 2008"
4025,"Weischedel, 1989"
4026,"Roark et al., 2007"
4027,"Nerima et al., 2003"
4028,"Johnson and Dorre, 1995"
4029,"Nesson and Shieber, 2007"
4030,"Eisenstein, 2009"
4031,"Fraser et al., 2012"
4032,"Swanson and Yamangil, 2012"
4033,"Conrad et al., 2012"
4034,"Durrani et al., 2010"
4035,"Klabunde, 2005"
4036,"Roark et al., 2011"
4037,"Erk and McCarthy, 2009"
4038,"Silberer and Frank, 2012"
4039,"Pitler et al., 2012"
4040,"Kuhlmann and Möhl, 2007"
4041,"Ritter et al., 2011"
4042,"McDonald and Pereira, 2006"
4043,"Navigli et al., 2007"
4044,"Kallmeyer et al., 2009"
4045,"Mermer and Saraçlar, 2011"
4046,"Daya et al., 2004"
4047,"Carbone et al., 2004"
4048,"Hulden et al., 2014"
4049,"Habash et al., 2012"
4050,"Toutanova et al., 2003"
4051,"Pekar, 2006"
4052,"Monachesi et al., 2007"
4053,"Musat et al., 2012"
4054,"Chen et al., 2003"
4055,"Elsner et al., 2005"
4056,"Wuebker et al., 2012"
4057,"Bird, 2006"
4058,"Gibbon and Carson-Berndsen, 1999"
4059,"McClosky et al., 2006"
4060,"Babych et al., 2007"
4061,"Cancedda and Samuelsson, 2000"
4062,"Gasperin, 2009"
4063,"Yih et al., 2011"
4064,"Carbonell, 1980"
4065,"Tatu and Moldovan, 2006"
4066,"Joshi and Penstein-Rose, 2009"
4067,"Stratos et al., 2015"
4068,"Fang et al., 2013"
4069,"Lesmo and Torasso, 1985"
4070,"McDonald and Brew, 2004"
4071,"Niv, 1994"
4072,"Wu and Wong, 1998"
4073,"Yamaguchi and Tanaka-Ishii, 2012"
4074,"Cinková et al., 2012"
4075,"Crammer et al., 2009"
4076,"Lascarides and Asher, 1993"
4077,"Marcu, 1999"
4078,"Deng et al., 2013"
4079,"Schuetze, 1995"
4080,"Jing, 1998"
4081,"Copestake, 2007"
4082,"Rohrdantz et al., 2011"
4083,"Meyer and Polakova, 2013"
4084,"Tan et al., 2013"
4085,"Murakami et al., 2009"
4086,"Miller and Gurevych, 2015"
4087,"Doi and Sumita, 2003"
4088,"Curto et al., 2011"
4089,"Petrovic and Matthews, 2013"
4090,"Sun and Korhonen, 2011"
4091,"Pereira et al., 1993"
4092,"Abend et al., 2010"
4093,"deMarcken, 1990"
4094,"Stoia, 2007"
4095,"Nakov et al., 2013"
4096,"Fort et al., 2009"
4097,"Stoyanova et al., 2013"
4098,"Blacoe and Lapata, 2012"
4099,"Beinborn et al., 2014"
4100,"Liu et al., 2012"
4101,"Cai and Yates, 2013"
4102,"Zeichner et al., 2012"
4103,"Georgila et al., 2010"
4104,"Webber and Joshi, 2012"
4105,"Cohen et al., 2010"
4106,"Christensen et al., 2013"
4107,"Øvrelid, 2009"
4108,"Fournier and Inkpen, 2012"
4109,"Ganitkevitch et al., 2012"
4110,"MacCartney and Manning, 2009"
4111,"Brown et al., 1989"
4112,"Kalchbrenner et al., 2014"
4113,"Hearst, 2005"
4114,"Buchholz and Marsi, 2006"
4115,"Novák et al., 2013"
4116,"Strzalkowski and Vauthey, 1992"
4117,"Palmer et al., 2002"
4118,"Moschitti, 2006"
4119,"Pustejovsky, 2013"
4120,"Suzuki and Toutanova, 2006"
4121,"Lewis and Steedman, 2013"
4122,"Callaway and Lester, 2002"
4123,"Dzikovska et al., 2011"
4124,"Gokhman et al., 2012"
4125,"Harkema et al., 2004"
4126,"Sagae and Lavie, 2006"
4127,"Sang and Buchholz, 2000"
4128,"Duffield et al., 2007"
4129,"Gedigan et al., 2006"
4130,"Bodenstab et al., 2011"
4131,"Berend et al., 2013"
4132,"Attia, 2007"
4133,"Poesio et al., 1997"
4134,"Berant et al., 2011"
4135,"Calder, 1988"
4136,"Hassan and Radev, 2010"
4137,"Surdeanu et al., 2011"
4138,"Yuri et al., 2012"
4139,"Rambow et al., 2001"
4140,"Haghighi et al., 2008"
4141,"Galley and Quirk, 2011"
4142,"Wiebe et al., 2001"
4143,"Bejan and Harabagiu, 2014"
4144,"Knight et al., 2006"
4145,"Huang et al., 2005"
4146,"Makatchev et al., 2002"
4147,"Evert, 2010"
4148,"Nivre et al., 2009"
4149,"Schwartz and Gomez, 2009"
4150,"Costa and Branco, 2012"
4151,"Blake, 2007"
4152,"Mohit and Hwa, 2005"
4153,"Li et al., 2012"
4154,"Rudzewitz and Ziai, 2015"
4155,"Lin et al., 2006"
4156,"Veale and Conway, 1994"
4157,"Alm et al., 2006"
4158,"Wiegand and Klakow, 2010"
4159,"Malmasi et al., 2015"
4160,"Auli et al., 2009"
4161,"Hamid and Darwish, 2010"
4162,"Teh, 2006"
4163,"Miyao and Tsujii, 2003"
4164,"Beltagy et al., 2014"
4165,"Das and Smith, 2009"
4166,"Ciot et al., 2013"
4167,"Berzak et al., 2014"
4168,"Petrov et al., 2006"
4169,"Darwish, 2013"
4170,"Koenh, 2004"
4171,"Mukund et al., 2011"
4172,"Kanuparthi et al., 2012"
4173,"Power and Scott, 1998"
4174,"Tennant, 1984"
4175,"Sproat, 2000"
4176,"Tetreault et al., 2013"
4177,"Dickinson et al., 2011"
4178,"Brockett et al., 2006"
4179,"Che et al., 2013"
4180,"Kohonen et al., 2010"
4181,"Pitler et al., 2009"
4182,"Brown et al., 1991"
4183,"Duan et al., 2008"
4184,"Moore, 2000"
4185,"Kranstedt and Wachsmuth, 2005"
4186,"Ilhan et al., 2001"
4187,"Brody et al., 2006"
4188,"Stock and Strapparava, 2005"
4189,"Toutanova and Moore, 2001"
4190,"Giménez and Màrquez, 2008"
4191,"Sim et al., 2012"
4192,"Kay and Röscheisen, 1993"
4193,"Poesio, 2004"
4194,"Kukich et al., 1994"
4195,"Surdeanu et al., 2008"
4196,"Bos, 2014"
4197,"Knight and Sproat, 2009"
4198,"Ando et al., 2000"
4199,"Kameyama et al., 1993"
4200,"Blanco and Moldovan, 2011"
4201,"Markert et al., 2003"
4202,"Wang and Waibel, 1997"
4203,"Balasubramanian et al., 2013"
4204,"Anguiano and Candito, 2011"
4205,"Ballesteros et al., 2014"
4206,"Jansche and Abney, 2002"
4207,"Friberg, 2007"
4208,"Jurgens et al., 2014"
4209,"Polajnar et al., 2014"
4210,"Cordeiro et al., 2009"
4211,"Fleischman and Hovy, 2004"
4212,"Horacek, 1991"
4213,"Kwiatowski et al., 2013"
4214,"Koo et al., 2010"
4215,"Xu et al., 2013"
4216,"Varges, 2006"
4217,"Danieli et al., 1987"
4218,"Cassidy et al., 2014"
4219,"Sripada et al., 2005"
4220,"Chowdhury et al., 2013"
4221,"Ehling et al., 2007"
4222,"Belz and Kow, 2009"
4223,"Li and Li, 2002"
4224,"Choi et al., 1997"
4225,"Dasgupta et al., 2013"
4226,"Al-Onaizan and Knight, 2001"
4227,"Farajian et al., 2014"
4228,"Alhelbawy and Gaizauskas, 2014"
4229,"Movshovitz-Attias and Cohen, 2013"
4230,"Kairakbay and Zaurbekov, 2013"
4231,"Boudin and Morin, 2013"
4232,"Hall and Klein, 2012"
4233,"Chan and Dan, 2011"
4234,"Branco et al., 2009"
4235,"Wan, 2008"
4236,"nas and Hovy, 2010"
4237,"Gabbard and Marcus, 2004"
4238,"Nenkova and Passonneau, 2004"
4239,"Fishel et al., 2012"
4240,"Gildea and Jurafsky, 1995"
4241,"Bangalore et al., 2001"
4242,"Cai and Strube, 2010"
4243,"Lin and Weng, 2008"
4244,"Reichart and Barzilay, 2012"
4245,"Deschacht and Moens, 2007"
4246,"Bazrafshan et al., 2012"
4247,"Dridan et al., 2008"
4248,"Klein and Christopher, 2003"
4249,"Rehbein and Ruppenhofer, 2011"
4250,"Frampton et al., 2009"
4251,"Yuret, 2007"
4252,"Moschitti, 2009"
4253,"Langkilde and Knight, 2000"
4254,"Hodosh et al., 2010"
4255,"Chodorow and Leacock, 2000"
4256,"Tanabe and Wilbur, 2006"
4257,"Mohler and Mihalcea, 2009"
4258,"Bojar and Wu, 2012"
4259,"Ji and Eisenstein, 2014"
4260,"Goldberg and Elhadad, 2009"
4261,"Silberer and Lapata, 2013"
4262,"Kolomiyets and Moens, 2010"
4263,"Medlock and Briscone, 2007"
4264,"Johansson and Nugues, 2006"
4265,"Zukerman and McConachy, 1994"
4266,"Tiedemann and Nivre, 2014"
4267,"Henderson et al., 2014"
4268,"Burstein et al., 2001"
4269,"Alshawi, 2003"
4270,"Honnibal and Curran, 2009"
4271,"Felice and Yuan, 2014"
4272,"Guo et al., 2015"
4273,"Magnini et al., 2001"
4274,"Tsuruoka et al., 2009"
4275,"Jian et al., 2004"
4276,"Chrupala et al., 2015"
4277,"Tissot et al., 2015"
4278,"Mikolov et al., 2013"
4279,"Strube, 1998"
4280,"Feng and Hirst, 2012"
4281,"Pershina et al., 2014"
4282,"Ouchi et al., 2014"
4283,"Yates et al., 2007"
4284,"Krovetz, 1997"
4285,"Liebeskind et al., 2013"
4286,"Laokulrat et al., 2013"
4287,"Schuman and Bergler, 2006"
4288,"Pinkal, 1985"
4289,"Baldwin, 2001"
4290,"Pardal, 2007"
4291,"Bicknell and Levy, 2010"
4292,"Elworthy, 1994"
4293,"Xue and Palmer, 2003"
4294,"Vadas and Curran, 2007"
4295,"Aamot, 2014"
4296,"Ueffing et al., 2007"
4297,"Bowman and Chopra, 2012"
4298,"Ghosh et al., 2014"
4299,"Hulden, 2009"
4300,"Chiang et al., 2013"
4301,"Cavalli-Sfora et al., 2000"
4302,"Hogan, 2007"
4303,"Bach et al., 2008"
4304,"Chardon et al., 2013"
4305,"Yona and Wintner, 2008"
4306,"Noro et al., 2006"
4307,"Wang et al., 2006"
4308,"Zhao et al., 2007"
4309,"Wanner and Hovy, 1996"
4310,"Orasan, 2003"
4311,"Zhou et al., 2013"
4312,"Hahn et al., 2010"
4313,"Orasan and Evans, 2001"
4314,"Yamamoto et al., 2008"
4315,"Konstas and Lapata, 2013"
4316,"Preiss, 2003"
4317,"Bronzi et al., 2012"
4318,"Morton, 1999"
4319,"Fujita et al., 2007"
4320,"Lukasik et al., 2015"
4321,"Malmasi and Dras, 2015"
4322,"Muzny and Zettlemoyer, 2013"
4323,"Huang and Riloff, 2010"
4324,"Barzilay and Lapata, 2007"
4325,"Denis, 2011"
4326,"Lerman et al., 2009"
4327,"Macháček and Bojar, 2014"
4328,"Tokunaga et al., 2011"
4329,"Barthélemy et al., 2001"
4330,"Snover et al., 2004"
4331,"DeNero and Macherey, 2011"
4332,"Takamura et al., 2006"
4333,"Monahan and Brunson, 2014"
4334,"Lenci and Benotto, 2012"
4335,"Tateishi et al., 2000"
4336,"Oviatt and Cohen, 1989"
4337,"Boutsis and Piperidis, 1998"
4338,"Bird and Loper, 2004"
4339,"Pan et al., 2006"
4340,"Marneffe et al., 2008"
4341,"Jiang and Zhai, 2007"
4342,"Lao et al., 2011"
4343,"Lefever and Hoste, 2009"
4344,"Akamine et al., 2009"
4345,"Blythe et al., 2011"
4346,"Mcdonald et al., 2005"
4347,"Kameyama, 1986"
4348,"Mason and Charniak, 2014"
4349,"Liu and Lin, 2008"
4350,"Arisoy et al., 2012"
4351,"Shieber, 1984"
4352,"Tanaka et al., 2009"
4353,"Vaidya et al., 2011"
4354,"Gimpel and Smith, 2012"
4355,"Zhao and Huang, 2013"
4356,"Wallace, 2012"
4357,"Xue and Shen, 2003"
4358,"Ji and Grishman, 2006"
4359,"PVS, 2010"
4360,"Mani et al., 1999"
4361,"Roth and Small, 2009"
4362,"McShane et al., 2004"
4363,"Mimno et al., 2009"
4364,"Fourtassi and Dupoux, 2013"
4365,"Carpenter, 1992"
4366,"Rudolph and Giesbrecht, 2010"
4367,"Bowman et al., 2014"
4368,"Croce et al., 2010"
4369,"Pareschi and Steedman, 1987"
4370,"DeNeefe and Knight, 2009"
4371,"Popovic, 2012"
4372,"Miyao et al., 2014"
4373,"Watanabe and Sumita, 2011"
4374,"Li et al., 2008"
4375,"Ando, 2004"
4376,"Pervouchine et al., 2009"
4377,"Shemtov, 1993"
4378,"Harabagiu, 1998"
4379,"Eichler and Neumann, 2010"
4380,"Gelling et al., 2012"
4381,"Ilvovsky, 2014"
4382,"Hobbs et al., 1990"
4383,"Mitsumori et al., 2005"
4384,"Bu et al., 2012"
4385,"Schmidt et al., 1998"
4386,"Gamon, 2006"
4387,"Schfitze, 1993"
4388,"Rieser et al., 2010"
4389,"Heilman and Madnani, 2012"
4390,"Agarwal and Mannem, 2011"
4391,"Bunescu and Huang, 2010"
4392,"Sha and Pereira, 2005"
4393,"Elhadad, 1990"
4394,"Radev, 1996"
4395,"Manning, 2009"
4396,"Khalid and Verberne, 2008"
4397,"Doğan and Lu, 2012"
4398,"Gordon et al., 2003"
4399,"Stone and Doran, 1996"
4400,"Mukherjee and Liu, 2013"
4401,"Das et al., 2010"
4402,"Reddy et al., 2014"
4403,"Edmonds and Dorow, 2001"
4404,"Fornaciari and Poesio, 2014"
4405,"Choi and McCallum, 2013"
4406,"Abu-Jbara et al., 2012"
4407,"Balamurali et al., 2011"
4408,"Hardmeier, 2015"
4409,"Riedel et al., 2013"
4410,"Shaalan and Raza, 2007"
4411,"Louis and Nenkova, 2010"
4412,"Elsner, 2012"
4413,"Sekine, 1992"
4414,"Greenbacker et al., 2011"
4415,"Murray and Carenini, 2009"
4416,"McCarley et al., 2011"
4417,"Bloodgood and Grothendieck, 2013"
4418,"Hockenmaier, 2006"
4419,"Schnabel et al., 2015"
4420,"Petrov and Klein, 2007"
4421,"Kay, 1991"
4422,"Palmer, 1997"
4423,"Aziz et al., 2011"
4424,"Schwenk et al., 2009"
4425,"White and Rajkumar, 2012"
4426,"Gyamfi et al., 2009"
4427,"Miyao et al., 2003"
4428,"Do et al., 2011"
4429,"Lee et al., 2011"
4430,"Langkilde and Knight, 1998"
4431,"Cordeiro et al., 2007"
4432,"Jones et al., 2012"
4433,"Zajac, 1991"
4434,"Elhadad and Sutaria, 2007"
4435,"Zhang et al., 2006"
4436,"Bansal et al., 2012"
4437,"Gimpel et al., 2010"
4438,"Mikheev, 1996"
4439,"Sutton and McCallum, 2005"
4440,"Watanabe et al., 2008"
4441,"Birch et al., 2013"
4442,"Stallard et al., 2012"
4443,"Liebeskind et al., 2012"
4444,"Xia, 2008"
4445,"Jin et al., 2004"
4446,"Nuhn et al., 2013"
4447,"Zhang and Gildea, 2008"
4448,"Popescu and Ionescu, 2013"
4449,"Artzi et al., 2015"
4450,"Cohn and Blunsom, 2009"
4451,"Freedman et al., 2010"
4452,"Xia and Lewis, 2007"
4453,"Sipos et al., 2012"
4454,"Fort and Sagot, 2010"
4455,"Smith et al., 2005"
4456,"Szpektor et al., 2007"
4457,"Eisele, 2005"
4458,"Schoenemann, 2010"
4459,"Majlis, 2012"
4460,"Cakici, 2005"
4461,"Glickman et al., 2006"
4462,"Dickinson, 2009"
4463,"Brun and Hagège, 2003"
4464,"Lang and Lapata, 2011"
4465,"Hale, 2001"
4466,"Resnik, 1992"
4467,"Yih et al., 2013"
4468,"Chen and Kuhn, 2005"
4469,"Kobayashi et al., 2011"
4470,"Kulkarni and Pedersen, 2005"
4471,"Demir et al., 2008"
4472,"Bodrumlu et al., 2009"
4473,"Xu et al., 2015"
4474,"Burch, 2008"
4475,"Liu and Huang, 2014"
4476,"Duan et al., 2010"
4477,"Wanner et al., 2012"
4478,"Stoness et al., 2004"
4479,"ney, 1996"
4480,"Coster and Kauchak, 2011"
4481,"Roller and Stevenson, 2013"
4482,"Burstein et al., 1998"
4483,"Eisenstein and Davis, 2006"
4484,"Bamman and Crane, 2007"
4485,"Penn and Popescu, 1997"
4486,"Tan et al., 2011"
4487,"Johnson and Charniak, 2004"
4488,"Durrett et al., 2012"
4489,"Brooke et al., 2012"
4490,"Yang, 2011"
4491,"Moschitti, 2012"
4492,"Finin et al., 2010"
4493,"Clough et al., 2002"
4494,"Frank, 2010"
4495,"Labutov and Lipson, 2012"
4496,"Filimonov and Harper, 2011"
4497,"Jones et al., 2007"
4498,"Weeds and Weir, 2003"
4499,"Plank et al., 2014"
4500,"Demberg et al., 2012"
4501,"Kasch and Oates, 2010"
4502,"Koller et al., 2012"
4503,"Mohit et al., 2014"
4504,"Barzilay and Lapata, 2006"
4505,"Gonzalo et al., 1998"
4506,"Stabler, 2011"
4507,"Cheung and Penn, 2009"
4508,"Daume and Marcu, 2002"
4509,"Williams et al., 2011"
4510,"Feng et al., 2006"
4511,"Koller and Kuhlmann, 2009"
4512,"Sharma et al., 2012"
4513,"Munro and Manning, 2010"
4514,"Snow et al., 2006"
4515,"Artstein, 2011"
4516,"Richman and Schone, 2008"
4517,"Son et al., 2012"
4518,"Yang et al., 2011"
4519,"Clark and Weir, 2002"
4520,"Choi et al., 2001"
4521,"Tiedemann, 2015"
4522,"Buitelaar, 1997"
4523,"Maamouri and Bies, 2004"
4524,"Och and Ney, 1999"
4525,"Yona and Wintner, 2005"
4526,"Gardent and Narayan, 2012"
4527,"Rambow, 2005"
4528,"Shen et al., 2004"
4529,"Al-Onaizan and Knight, 2002"
4530,"Zhang and Gildea, 2005"
4531,"Goodman, 2002"
4532,"Izumi et al., 2003"
4533,"Moraes et al., 2014"
4534,"Zanzotto and Moschitti, 2006"
4535,"Prabhakaran et al., 2012"
4536,"Nguyen et al., 2009"
4537,"Kondo et al., 2013"
4538,"Mohit and Narayanan, 2003"
4539,"Herbelot and Ganesalingam, 2013"
4540,"Badr et al., 2008"
4541,"Chang et al., 2010"
4542,"Pustejovsky, 1991"
4543,"Mikheev et al., 1999"
4544,"Och, 2004"
4545,"Lonsdale and Strong-Krause, 2003"
4546,"Nielsen and Pradhan, 2004"
4547,"Ahmed and Butt, 2011"
4548,"Apidianaki et al., 2012"
4549,"Vlachos, 2006"
4550,"Barnden et al., 2003"
4551,"Roberts et al., 2014"
4552,"Suri, 1992"
4553,"Yamashita and Matsumoto, 2000"
4554,"er and Stevenson, 2004"
4555,"Strube, 1996"
4556,"Attardi et al., 2014"
4557,"Martschat, 2013"
4558,"Fernando, 2013"
4559,"Gao et al., 2002"
4560,"Jehl et al., 2012"
4561,"Kim et al., 2004"
4562,"Bao et al., 2011"
4563,"Niculae and Yaneva, 2013"
4564,"Goodman, 2004"
4565,"Koskenniemi, 1984"
4566,"Sagae and Lavie, 2005"
4567,"Peirsman, 2006"
4568,"Maosong et al., 1998"
4569,"Elsner et al., 2007"
4570,"Soricut and Brill, 2004"
4571,"Biran et al., 2012"
4572,"Grishman and Peng, 1988"
4573,"Swier and Stevenson, 2004"
4574,"Scheible, 2010"
4575,"Marie and Max, 2014"
4576,"Chang et al., 2007"
4577,"Cabrio et al., 2012"
4578,"Strube and Wolters, 2000"
4579,"Banea et al., 2014"
4580,"Alshawi et al., 1991"
4581,"Jurgens et al., 2012"
4582,"Hardmeier et al., 2012"
4583,"Ratnaparkhi, 2000"
4584,"Aw et al., 2006"
4585,"Udupa and Kumar, 2010"
4586,"Maskey and Hirschberg, 2006"
4587,"Ng et al., 2013"
4588,"Liu and Curran, 2006"
4589,"Briscoe et al., 2006"
4590,"Curran and Moens, 2002"
4591,"Williams, 2014"
4592,"Navarretta, 2000"
4593,"Rozovskaya and Roth, 2013"
4594,"Galley et al., 2003"
4595,"Purandare, 2003"
4596,"Tillmann, 2006"
4597,"Bollmann et al., 2011"
4598,"Evanini et al., 2010"
4599,"Somasundaran and Weibe, 2009"
4600,"Jing, 2000"
4601,"Xu and Rudnicky, 2000"
4602,"Iria et al., 2007"
4603,"Sagae et al., 2005"
4604,"Zhang et al., 2007"
4605,"Ott et al., 2001"
4606,"Jutras, 2000"
4607,"Derr and McKeown, 1984"
4608,"Kong et al., 2015"
4609,"Hindle and Rooths, 1991"
4610,"Abbas, 2014"
4611,"Hall et al., 2006"
4612,"Uzuner et al., 2005"
4613,"Bangalore and Rambow, 2000"
4614,"Skory and Eskenazi, 2010"
4615,"Korhonen et al., 2003"
4616,"Buckwalter, 2004"
4617,"Devault et al., 2005"
4618,"Ryant and Scheffler, 2006"
4619,"Blunsom and Cohn, 2010"
4620,"Dorr and Zajic, 2003"
4621,"Yogatama and Smith, 2014"
4622,"Peirsman and Speelman, 2009"
4623,"Ahlswede and Evens, 1988"
4624,"Zhang and Nivre, 2011"
4625,"Zhuang and Zong, 2010"
4626,"Kudoh and Matsumoto, 2001"
4627,"Rumshisky, 2011"
4628,"Feldman and Rosenfeld, 2006"
4629,"Pado and Lapata, 2006"
4630,"Cutting et al., 1993"
4631,"Ng et al., 2014"
4632,"Green et al., 2013"
4633,"Korkontzelos et al., 2013"
4634,"Moschitti et al., 2006"
4635,"Zhang et al., 2010"
4636,"Pauls et al., 2010"
4637,"Lin, 2004"
4638,"Reschke and Anand, 2011"
4639,"DeNero et al., 2009"
4640,"Palmer et al., 2010"
4641,"Xue et al., 2006"
4642,"Franz, 1997"
4643,"Somasundaran and Wiebe, 2009"
4644,"Gildea and Stefankovic, 2007"
4645,"Mandala et al., 1998"
4646,"Yasuhara et al., 2013"
4647,"Collins and Brooks, 1995"
4648,"Dienes and Dubey, 2003"
4649,"McNeill et al., 2006"
4650,"Johansson, 2009"
4651,"Filippova and Strube, 2008"
4652,"Heafield et al., 2012"
4653,"Kahane, 2006"
4654,"Filatova, 2009"
4655,"Volk et al., 2007"
4656,"Nahnsen, 2009"
4657,"Henrich et al., 2012"
4658,"Postolache, 2005"
4659,"Kilbury et al., 1991"
4660,"Ahn, 2006"
4661,"Hoffmann et al., 2010"
4662,"Och et al., 2003"
4663,"Clinchant and Perronnin, 2013"
4664,"Davidov and Rappoport, 2009"
4665,"Cook and Stevenson, 2009"
4666,"Huang and Riloff, 2011"
4667,"Mintz et al., 2009"
4668,"Zhang and Clark, 2007"
4669,"Schuler, 2014"
4670,"Hobbs et al., 1992"
4671,"Pasca and Harabagiu, 2001"
4672,"Axelrod et al., 2011"
4673,"Tromble et al., 2008"
4674,"Gawron et al., 1982"
4675,"Leuski et al., 2006"
4676,"Osborne and Liang, 2015"
4677,"Lison, 2011"
4678,"Su and Markert, 2010"
4679,"Bjorne et al., 2009"
4680,"Aswani and Gaizauskas, 2005"
4681,"Cheung et al., 2009"
4682,"Zhou and Zhu, 2010"
4683,"McMahan and Stone, 2015"
4684,"Agrawal and An, 2013"
4685,"Hall et al., 2011"
4686,"Yuan et al., 2012"
4687,"Nederhof and Satta, 1996"
4688,"Piao et al., 2006"
4689,"Guo, 1997"
4690,"Yogatama et al., 2015"
4691,"Bordea et al., 2015"
4692,"Cardie and Wagstaf, 1999"
4693,"Melamud et al., 2014"
4694,"Skut and Brants, 1998"
4695,"Ashok et al., 2013"
4696,"Dymetman et al., 2012"
4697,"Hayashi et al., 2012"
4698,"Stock, 1989"
4699,"Gedigian et al., 2006"
4700,"Bendersky et al., 2011"
4701,"Misu et al., 2014"
4702,"Maas et al., 2011"
4703,"Le et al., 2014"
4704,"Pantel and Lin, 2000"
4705,"Bhattacharya et al., 2004"
4706,"Li et al., 2013"
4707,"Hall and Sproat, 2013"
4708,"Prescher, 2005"
4709,"González-Rubio et al., 2011"
4710,"Liu et al., 2015"
4711,"Iwakura and Okamoto, 2008"
4712,"Roark et al., 2012"
4713,"Lapata et al., 2001"
4714,"Bruni et al., 2011"
4715,"Chen, 2012"
4716,"Gibson, 1990"
4717,"Zhou et al., 2000"
4718,"Chambers and Jurafsky, 2008"
4719,"Islam and Inkpen, 2009"
4720,"Mirza et al., 2014"
4721,"Strube and Muller, 2003"
4722,"Collins, 1997"
4723,"Tillmann, 2008"
4724,"Purver and Battersby, 2012"
4725,"Janarthanam et al., 2012"
4726,"Neelakantan et al., 2015"
4727,"Tse and Curran, 2012"
4728,"Daum et al., 2003"
4729,"Clark and Weir, 2001"
4730,"Haghighi et al., 2005"
4731,"Ng, 2007"
4732,"Varile and Lau, 1988"
4733,"Hardcastle and Power, 2008"
4734,"Mizumoto et al., 2013"
4735,"Klein and Manning, 2002"
4736,"Ma et al., 2012"
4737,"Walker et al., 1998"
4738,"Hoang and Koehn, 2008"
4739,"Elming et al., 2014"
4740,"Burfoot et al., 2011"
4741,"Wang and Cohen, 2009"
4742,"Berger and Mittal, 2000"
4743,"Miller et al., 2012"
4744,"Chen and Ji, 2011"
4745,"Chang and Clark, 2010"
4746,"Abney et al., 1999"
4747,"Dragut et al., 2012"
4748,"Chaumartin, 2007"
4749,"Schoenmackers et al., 2008"
4750,"Xia et al., 2013"
4751,"Madnani et al., 2012"
4752,"Habash et al., 2005"
4753,"Reichartz et al., 2009"
4754,"Eguchi and Lavrenko, 2006"
4755,"Chen and Lin, 2000"
4756,"Ellist, 2009"
4757,"Rosenberg, 2010"
4758,"Irvine et al., 2012"
4759,"Ji and Eisenstein, 2013"
4760,"Luo and Roukos, 1996"
4761,"Litman et al., 2001"
4762,"Jagarlamudi et al., 2012"
4763,"Nguyen and Dogruz, 2013"
4764,"Howlett and Dras, 2011"
4765,"Rios et al., 2012"
4766,"Carson-Berndsen et al., 2004"
4767,"Chang et al., 2006"
4768,"Dang and Palmer, 2002"
4769,"Marciniak and Strube, 2005"
4770,"Velankar and Sahasrabuddhe, 2012"
4771,"Knight and Graehl, 1998"
4772,"Merlo and Musillo, 2008"
4773,"Loos and Porzel, 2004"
4774,"Dhillon and Ungar, 2009"
4775,"Wang et al., 2007"
4776,"Li et al., 2014"
4777,"Gottipati and Jiang, 2011"
4778,"Kass and Finin, 1988"
4779,"Elming, 2008"
4780,"Picard, 1999"
4781,"Dzikovska et al., 2013"
4782,"Woodsend et al., 2010"
4783,"Erk et al., 2013"
4784,"Huang and Yates, 2012"
4785,"McGillivray and Passarotti, 2009"
4786,"Su and Markert, 2008"
4787,"Zhao and Gildea, 2010"
4788,"Finkel et al., 2007"
4789,"Gusev et al., 2010"
4790,"Krotov et al., 1998"
4791,"Kim and Baldwin, 2007"
4792,"Lin and Hovy, 1997"
4793,"Hautli and Sulger, 2011"
4794,"Kumar and Byrne, 2004"
4795,"Pantel, 2005"
4796,"Wang et al., 2015"
4797,"Steinberger et al., 2014"
4798,"Zuraw, 2006"
4799,"Lu and Roth, 2012"
4800,"El-Haj and Rayson, 2013"
4801,"Wehrli, 2014"
4802,"Diab and Krishna, 2009"
4803,"Yip, 1985"
4804,"Branavan et al., 2012"
4805,"Chand and Ng, 2007"
4806,"Calhoun et al., 2005"
4807,"Mitra et al., 1997"
4808,"Kudo and Matsumoto, 2003"
4809,"Celikyilmaz et al., 2009"
4810,"Martins et al., 2011"
4811,"Joanis et al., 2008"
4812,"Grover et al., 2004"
4813,"Blacoe et al., 2013"
4814,"Jiang et al., 2011"
4815,"Clarke, 2009"
4816,"Gerow, 2014"
4817,"Meyers et al., 2009"
4818,"Petrolito and Bond, 2014"
4819,"Jacquemin, 1994"
4820,"Poibeau, 2007"
4821,"Briscoe and Carroll, 1997"
4822,"Rubino et al., 2013"
4823,"Yoshida et al., 2015"
4824,"Albrecht and Hwa, 2007"
4825,"Tetreault et al., 2007"
4826,"Tillmann and Zhang, 2006"
4827,"Amigo et al., 2004"
4828,"Vickrey et al., 2010"
4829,"Jbara et al., 2013"
4830,"Evang et al., 2013"
4831,"Anand et al., 2011"
4832,"Nastase and Szpakowicz, 2006"
4833,"Nakashole and Mitchell, 2014"
4834,"Proszeky, 1994"
4835,"Jin et al., 2009"
4836,"Levy and Manning, 2003"
4837,"Gärtner et al., 2014"
4838,"Han and Baldwin, 2011"
4839,"Li and Yamanishi, 2000"
4840,"Sagae et al., 2007"
4841,"Banea et al., 2008"
4842,"Ramisch et al., 2008"
4843,"Entwisle and Powers, 1998"
4844,"Huang and Yates, 2010"
4845,"Efstathiou and Lemon, 2014"
4846,"Williams and Reiter, 2005"
4847,"Toutanova and Suzuki, 2007"
4848,"Chen, 2009"
4849,"Ristad and Thomas, 1997"
4850,"Cua et al., 2010"
4851,"Sampson and Babarczy, 2003"
4852,"Fleck, 2008"
4853,"Hoyt and Baldridge, 2008"
4854,"Zhang and Johnson, 2003"
4855,"Specia et al., 2007"
4856,"Moore et al., 2007"
4857,"Boella et al., 2000"
4858,"Durrett and Klein, 2015"
4859,"Nuhn and Ney, 2014"
4860,"Birch and Osborne, 2010"
4861,"Wong et al., 2011"
4862,"Ranta et al., 2015"
4863,"Hickl et al., 2006"
4864,"LuperFoy, 1992"
4865,"Kim et al., 2014"
4866,"Strube and Hahn, 1996"
4867,"Tang et al., 2002"
4868,"Che, 2012"
4869,"Erk, 2006"
4870,"Cherry, 2013"
4871,"Dinu and Thater, 2012"
4872,"Zettlemoyer and Collins, 2009"
4873,"Wiebe and Rapaport, 1988"
4874,"Narasimhan et al., 2014"
4875,"Quernheim and Knight, 2012"
4876,"Kouchnir, 2004"
4877,"Yamamoto et al., 2003"
4878,"Schoenmackers et al., 2010"
4879,"Goldberg and Elhalad, 2010"
4880,"Zadeh and Handschuh, 2014"
4881,"Mikhailian et al., 2009"
4882,"Calle et al., 2014"
4883,"Loftsson, 2009"
4884,"Kolomiyets et al., 2011"
4885,"Schilder, 1998"
4886,"Màrquez et al., 2015"
4887,"Selfridge et al., 2011"
4888,"Smith et al., 2013"
4889,"Gagnon and Lapalme, 1996"
4890,"Sauper et al., 2010"
4891,"Punyakanok et al., 2004"
4892,"Chaudhari et al., 2011"
4893,"Rigau et al., 2002"
4894,"Pedersen, 2013"
4895,"Oh et al., 2005"
4896,"Delort and Alfonseca, 2012"
4897,"Kim and Mooney, 2013"
4898,"Klein and Manning, 1965"
4899,"Stevens and Buttler, 2012"
4900,"Saint-Dizier and Viegas, 1995"
4901,"Erjavec et al., 2003"
4902,"Täckström, 2009"
4903,"Mathur et al., 2013"
4904,"Banchs, 2012"
4905,"Richardson et al., 2001"
4906,"Qian and Liu, 2012"
4907,"Kondrak et al., 2012"
4908,"Vanallemeersch and Vandeghinste, 2015"
4909,"Sun and Xu, 2011"
4910,"Graehl and Knight, 2004"
4911,"Pantel and Ravichandran, 2004"
4912,"Smith and Mann, 2003"
4913,"Koehn, 2009"
4914,"Sanfilippo et al., 2006"
4915,"Rozovskaya et al., 2012"
4916,"Blunsom et al., 2009"
4917,"Grefenstette et al., 2014"
4918,"Tetreault et al., 2004"
4919,"Srikumar and Roth, 2011"
4920,"Cai et al., 2011"
4921,"Mima et al., 1998"
4922,"Dubremetz and Nivre, 2014"
4923,"Feng et al., 2013"
4924,"Suzuki et al., 2006"
4925,"Mirkin and Meunier, 2015"
4926,"Dahlmeier and Ng, 2011"
4927,"Mansour and Ney, 2013"
4928,"Bar-Haim et al., 2005"
4929,"Lam and Kalita, 2013"
4930,"Culotta and Jeffrey, 2004"
4931,"Cui and Chi, 2013"
4932,"Bhargava et al., 2011"
4933,"Keller and Lapata, 2002"
4934,"DeNero et al., 2010"
4935,"Allauzen et al., 2010"
4936,"Goodwin et al., 2012"
4937,"Yu et al., 2015"
4938,"Kulkarni and Finlayson, 2011"
4939,"Aker and Gaizauskas, 2010"
4940,"Li et al., 2007"
4941,"Faruqui and Dyer, 2013"
4942,"Garrette and Klein, 2009"
4943,"Passonneau, 1986"
4944,"Szumlanski et al., 2013"
4945,"Bonial et al., 2013"
4946,"Rudnick and Gasser, 2013"
4947,"Vadas and Curran, 2011"
4948,"Kilgarriff, 1993"
4949,"Sheikha and Inkpen, 2011"
4950,"Toutanova et al., 2004"
4951,"Miyao and Tsujii, 2005"
4952,"Ha et al., 2006"
4953,"Simard, 1998"
4954,"Reichart and Korhonen, 2013"
4955,"Coppersmith et al., 2014"
4956,"Baldwin and Tanaka, 2004"
4957,"Gao et al., 2009"
4958,"Zaenen and Karttunen, 2013"
4959,"Watson et al., 2005"
4960,"Bird and Ellison, 1994"
4961,"Yoshikawa and Iida, 2012"
4962,"Habash and Sadat, 2006"
4963,"Kuznetsova et al., 2012"
4964,"Pennington et al., 2014"
4965,"Muaz et al., 2009"
4966,"Thompson et al., 2004"
4967,"Tillmann and Ney, 1997"
4968,"Mohammad, 2012"
4969,"Flor et al., 2013"
4970,"Mikheev, 1999"
4971,"Klavans and Kan, 1998"
4972,"Cabrio and Magnini, 2011"
4973,"Palmer et al., 2009"
4974,"Rasooli and Tetreault, 2013"
4975,"Chklovski and Pantel, 2004"
4976,"Ortiz-Martinez et al., 2010"
4977,"Daumé and Marcu, 2006"
4978,"Hopkins and May, 2011"
4979,"Passonneau et al., 2011"
4980,"Kogan et al., 2009"
4981,"Curran and Clark, 2003"
4982,"Xiong et al., 2009"
4983,"Filatova et al., 2006"
4984,"Carbonell, 1979"
4985,"Pichotta and Mooney, 2014"
4986,"Han et al., 2006"
4987,"Stoyanov et al., 2012"
4988,"Owczarzak et al., 2006"
4989,"Parikh et al., 2014"
4990,"Bordes et al., 2014"
4991,"Basili et al., 1992"
4992,"Berg-Kirkpatrick et al., 2010"
4993,"Maeireizo-Tokeshi et al., 2004"
4994,"Boleda et al., 2012"
4995,"Loftsson, 2007"
4996,"Berg-Kirkpatrick et al., 2013"
4997,"indle and Rooth, 1993"
4998,"Chang et al., 2011"
4999,"Dyer et al., 2008"
5000,"Galley et al., 2013"
5001,"Tamura et al., 2014"
5002,"DeMarcken, 1990"
5003,"Pyysalo et al., 2009"
5004,"Batista et al., 2008"
5005,"Mohit and Hwa, 2007"
5006,"Gill et al., 2012"
5007,"Rao et al., 2008"
5008,"Resnik and Y, 2003"
5009,"Kumar and Bryne, 2004"
5010,"Kudo et al., 2004"
5011,"Qiu et al., 2013"
5012,"Yuret et al., 2010"
5013,"Roark and Hollingshead, 2009"
5014,"Li and Khudanpur, 2009"
5015,"Kolhatkar and Hirst, 2012"
5016,"Jurish, 2010"
5017,"Wu and Ng, 2013"
5018,"McKeown, 1985"
5019,"Ohki et al., 2011"
5020,"Rao and Ravichandran, 2009"
5021,"Duan et al., 2003"
5022,"Corston-Oliver et al., 2006"
5023,"Zhu et al., 2003"
5024,"Strayer and Heeman, 2001"
5025,"Reinhard and Gibbon, 1991"
5026,"Baidsy et al., 2008"
5027,"Scheible et al., 2011"
5028,"Corston-Oliver et al., 2004"
5029,"Ortiz-Martínez et al., 2010"
5030,"Lotan et al., 2013"
5031,"Jurgens and Stevens, 2009"
5032,"wu et al., 2014"
5033,"O'Donnell et al., 1998"
5034,"Charniak and Berland, 1999"
5035,"Edmonds and Hirst, 2002"
5036,"Husby and Barbosa, 2012"
5037,"Yang and Bateman, 2009"
5038,"Levy et al., 2013"
5039,"Ma et al., 2007"
5040,"Albright and Hayes, 2002"
5041,"Beale et al., 1998"
5042,"Zhang and Lapata, 2014"
5043,"Ravi and Knight, 2009"
5044,"Celikylmaz and Hakkani-Tur, 2011"
5045,"Humphreys et al., 1997"
5046,"Emadzadeh et al., 2011"
5047,"Zhang and Clark, 2011"
5048,"Lampert et al., 2009"
5049,"Martínez and Agirre, 2000"
5050,"Palmer et al., 2007"
5051,"Wang and Harper, 2004"
5052,"Hulth, 2004"
5053,"Cassell et al., 2007"
5054,"Seroussi et al., 2011"
5055,"Cadilhac et al., 2012"
5056,"Chang and Toutanova, 2007"
5057,"Stone and Webber, 1998"
5058,"Hamdan et al., 2014"
5059,"Roland and Jurafsky, 1998"
5060,"Passos et al., 2014"
5061,"Deng and Wiebe, 2014"
5062,"Moens and Steedman, 1987"
5063,"Meza-Ruiz and Riedel, 2009"
5064,"Clark et al., 2004"
5065,"Argaw and Asker, 2007"
5066,"Gali and Venkatapathy, 2009"
5067,"Creswell, 2002"
5068,"Cherry and Suzuki, 2009"
5069,"Dale and Haddock, 1991"
5070,"Cahill et al., 2007"
5071,"Shnarch et al., 2009"
5072,"Albro, 1998"
5073,"Song et al., 2015"
5074,"Loukachevitch and Dobrov, 2014"
5075,"Al-Saif and Markert, 2011"
5076,"Grover et al., 2003"
5077,"Han et al., 2013"
5078,"Farra et al., 2014"
5079,"Sayeed et al., 2011"
5080,"Niu et al., 2003"
5081,"Sasaki et al., 2008"
5082,"Song et al., 2012"
5083,"Schwartz and Hearst, 2006"
5084,"Estival et al., 2004"
5085,"Dchelotte et al., 2008"
5086,"Gildea, 2004"
5087,"He et al., 2010"
5088,"Pauls and Klein, 2012"
5089,"Mani et al., 2001"
5090,"Calzolari, 1984"
5091,"Bond et al., 2009"
5092,"Gillenwater et al., 2010"
5093,"Grover et al., 2002"
5094,"Copestake and Briscoe, 1992"
5095,"MacKinlay et al., 2012"
5096,"Lee et al., 2012"
5097,"Jansche, 2002"
5098,"Bittar, 2009"
5099,"Dethlefs, 2011"
5100,"Ivanovic, 2005"
5101,"Belz, 2007"
5102,"Chester, 1980"
5103,"Ong et al., 2014"
5104,"Jing et al., 2003"
5105,"Shaw and Gafos, 2010"
5106,"Wu et al., 2006"
5107,"Hopkins and Langmead, 2010"
5108,"Deane, 2005"
5109,"Dyer and Resnik, 2010"
5110,"Hajime et al., 1998"
5111,"Lewis et al., 2011"
5112,"Callison-Burch et al., 2007"
5113,"Debusmann, 2004"
5114,"Galley and Manning, 2009"
5115,"Mitchell, 2015"
5116,"Huang, 2014"
5117,"Huggins-Daines and Rudnicky, 2008"
5118,"Schütze, 1993"
5119,"Georgila, 2009"
5120,"Aikawa et al., 2001"
5121,"Mohammad et al., 2009"
5122,"Harabagiu et al., 1999"
5123,"Malmasi et al., 2013"
5124,"Lapata et al., 1999"
5125,"Che et al., 2012"
5126,"Voutilainen, 1995"
5127,"Albrecht and Hwa, 2008"
5128,"Huang et al., 2012"
5129,"Denis, 2010"
5130,"Prasad et al., 2006"
5131,"Netzer et al., 2009"
5132,"HaCohen-Kerner et al., 2008"
5133,"Spitkovsky et al., 2011"
5134,"Roark and Collins, 2004"
5135,"Dreyer and Marcu, 2012"
5136,"Filatova and Hovy, 2001"
5137,"Wu and Hkust, 1998"
5138,"Webber, 2009"
5139,"Dale and Kilgarriff, 2011"
5140,"Brooke and Hirst, 2013"
5141,"Barbieri and Saggion, 2014"
5142,"Brants and Skut, 1998"
5143,"Ribas, 1995"
5144,"Goldwater and Johnson, 2004"
5145,"Versley and Rehbein, 2009"
5146,"Gubanov et al., 2014"
5147,"Kong et al., 2014"
5148,"Ambati et al., 2013"
5149,"Choi and Palmer, 2010"
5150,"Ji et al., 2006"
5151,"Charniak and Johnson, 2001"
5152,"Heafield, 2011"
5153,"Giozzo and Strapparava, 2005"
5154,"Scheible, 2007"
5155,"Pekar et al., 2014"
5156,"Callison-Burch and Osborne, 2003"
5157,"Passonneau et al., 2009"
5158,"Merity et al., 2009"
5159,"Surdeanu et al., 2003"
5160,"Cohn and Haffari, 2013"
5161,"Chang et al., 2013"
5162,"Wallis, 2010"
5163,"Zaidan and Callison-Burch, 2013"
5164,"Godden, 1990"
5165,"Louis and Higgins, 2010"
5166,"TSENG, 2001"
5167,"Magdy et al., 2007"
5168,"Tuggener, 2014"
5169,"Yamura-Takei, 2003"
5170,"Ge et al., 1998"
5171,"Kolluru and Gotoh, 2005"
5172,"Tovar et al., 2012"
5173,"Finkel and Stump, 2002"
5174,"Barrault, 2011"
5175,"Liu et al., 2011"
5176,"Smith, 2006"
5177,"Carenini and Moore, 2000"
5178,"Hockenmaier, 2003"
5179,"Matsuo et al., 2006"
5180,"Ren et al., 2014"
5181,"Zweig and Burges, 2012"
5182,"Martinez et al., 2007"
5183,"Patrick and Goyal, 2001"
5184,"Johansson, 2013"
5185,"Corlett and Penn, 2010"
5186,"Snyder et al., 2009"
5187,"Cotterell et al., 2014"
5188,"Hajic, 2000"
5189,"Teichmann, 2011"
5190,"Schlangen and Lascarides, 2003"
5191,"Bannard et al., 2003"
5192,"Matsumoto, 1993"
5193,"Talbot and Brants, 2008"
5194,"Kay and Roscheisen, 1999"
5195,"Black et al., 1987"
5196,"Shaw, 1998"
5197,"Candito and Seddah, 2010"
5198,"Riedel and Meza-Ruiz, 2008"
5199,"Arun et al., 2010"
5200,"Watanabe, 2012"
5201,"Porter, 1987"
5202,"Xiang et al., 2013"
5203,"Wang, 2009"
5204,"Meguro et al., 2009"
5205,"Shirai, 2001"
5206,"Pauls and Klein, 2010"
5207,"Cohen et al., 1990"
5208,"Umemura and Church, 2000"
5209,"Kudo et al., 2005"
5210,"Lapata, 2002"
5211,"Jordan and VanLehn, 2002"
5212,"Sankofl, 1998"
5213,"Hu et al., 2011"
5214,"Collins, 1996"
5215,"Seneff and Polifroni, 2000"
5216,"Tomuro, 2001"
5217,"Perez-Beltrachini et al., 2012"
5218,"Shutova et al., 2012"
5219,"Heeringa et al., 2006"
5220,"Athar, 2011"
5221,"Blair-Goldensohn et al., 2007"
5222,"Huang et al., 2013"
5223,"Creutz and Lagus, 2002"
5224,"Dridan and Oepen, 2011"
5225,"Lebret and Collobert, 2014"
5226,"Heeman and Hirst, 1986"
5227,"Pan and McKeown, 1999"
5228,"Burstein et al., 1999"
5229,"Hassan et al., 2014"
5230,"Onishi et al., 2010"
5231,"Florian et al., 2003"
5232,"Weeds et al., 2005"
5233,"Magnini et al., 2014"
5234,"Lapata and Lascarides, 2004"
5235,"Duan et al., 2009"
5236,"Levy et al., 2014"
5237,"Goudbeek and Krahmer, 2010"
5238,"Zesch and Gurevych, 2006"
5239,"Copestake et al., 2001"
5240,"Liu and Chua, 2001"
5241,"Yan et al., 2012"
5242,"Candito, 1998"
5243,"DeNero et al., 2008"
5244,"Utt and Padó, 2011"
5245,"Spoustova et al., 2009"
5246,"Post and Bergsma, 2013"
5247,"Zarrella et al., 2015"
5248,"Nenkova et al., 2008"
5249,"Watanabe et al., 2009"
5250,"Pontiki et al., 2014"
5251,"Lu and Ng, 2010"
5252,"Eskin, 2000"
5253,"Ney, 2000"
5254,"Rosetta, 1994"
5255,"Johnson and Martin, 2003"
5256,"Ammar et al., 2012"
5257,"Hagen et al., 2015"
5258,"Allen et al., 1996"
