[2025-04-09 14:10:06] Starting job with: target chunks=256, target overlaps=64, original chunks=1024, original overlaps=256, docs=100
Number of Retrieved Chunks: 1245
Number of Documents per Retrieved Chunks: 100
Done reranking query 1. Elapsed time since start: 17.95 seconds.
Done reranking query 2. Elapsed time since start: 31.31 seconds.
Done reranking query 3. Elapsed time since start: 42.87 seconds.
Done reranking query 4. Elapsed time since start: 64.48 seconds.
Done reranking query 5. Elapsed time since start: 82.55 seconds.
Done reranking query 6. Elapsed time since start: 94.18 seconds.
Done reranking query 7. Elapsed time since start: 104.07 seconds.
Done reranking query 8. Elapsed time since start: 111.01 seconds.
Done reranking query 9. Elapsed time since start: 119.01 seconds.
Done reranking query 10. Elapsed time since start: 126.80 seconds.
Done reranking query 11. Elapsed time since start: 140.96 seconds.
Done reranking query 12. Elapsed time since start: 151.71 seconds.
Done reranking query 13. Elapsed time since start: 160.49 seconds.
Done reranking query 14. Elapsed time since start: 210.44 seconds.
Done reranking query 15. Elapsed time since start: 221.34 seconds.
Saved 15 reranked responses to Gemini_text-reranked-100-indices.json
Saved 15 reranked responses to Gemini_structured-reranked-100-indices.json
Done reranking query 16. Elapsed time since start: 228.95 seconds.
Done reranking query 17. Elapsed time since start: 236.99 seconds.
Done reranking query 18. Elapsed time since start: 252.35 seconds.
Done reranking query 19. Elapsed time since start: 261.83 seconds.
Done reranking query 20. Elapsed time since start: 274.49 seconds.
Done reranking query 21. Elapsed time since start: 285.92 seconds.
Done reranking query 22. Elapsed time since start: 294.49 seconds.
Done reranking query 23. Elapsed time since start: 311.27 seconds.
Done reranking query 24. Elapsed time since start: 323.66 seconds.
Done reranking query 25. Elapsed time since start: 334.79 seconds.
Done reranking query 26. Elapsed time since start: 383.43 seconds.
Done reranking query 27. Elapsed time since start: 391.08 seconds.
Done reranking query 28. Elapsed time since start: 398.65 seconds.
Done reranking query 29. Elapsed time since start: 424.61 seconds.
Done reranking query 30. Elapsed time since start: 441.15 seconds.
Saved 30 reranked responses to Gemini_text-reranked-100-indices.json
Saved 30 reranked responses to Gemini_structured-reranked-100-indices.json
Done reranking query 31. Elapsed time since start: 449.10 seconds.
Done reranking query 32. Elapsed time since start: 457.92 seconds.
Done reranking query 33. Elapsed time since start: 506.47 seconds.
Done reranking query 34. Elapsed time since start: 513.28 seconds.
Done reranking query 35. Elapsed time since start: 529.49 seconds.
Done reranking query 36. Elapsed time since start: 580.61 seconds.
Done reranking query 37. Elapsed time since start: 593.50 seconds.
Done reranking query 38. Elapsed time since start: 602.73 seconds.
Done reranking query 39. Elapsed time since start: 610.87 seconds.
Done reranking query 40. Elapsed time since start: 617.59 seconds.
Done reranking query 41. Elapsed time since start: 652.45 seconds.
Done reranking query 42. Elapsed time since start: 687.95 seconds.
Done reranking query 43. Elapsed time since start: 710.70 seconds.
Done reranking query 44. Elapsed time since start: 722.33 seconds.
Error parsing or validating JSON: Expecting value: line 1 column 1 (char 0)
Failed to parse JSON. Raw response: '<output truncated>'
Done reranking query 45. Elapsed time since start: 732.27 seconds.
Saved 45 reranked responses to Gemini_text-reranked-100-indices.json
Saved 45 reranked responses to Gemini_structured-reranked-100-indices.json
Done reranking query 46. Elapsed time since start: 741.64 seconds.
Done reranking query 47. Elapsed time since start: 749.00 seconds.
Done reranking query 48. Elapsed time since start: 773.72 seconds.
Done reranking query 49. Elapsed time since start: 789.55 seconds.
Done reranking query 50. Elapsed time since start: 797.25 seconds.
Done reranking query 51. Elapsed time since start: 804.14 seconds.
Done reranking query 52. Elapsed time since start: 822.70 seconds.
Done reranking query 53. Elapsed time since start: 838.07 seconds.
Done reranking query 54. Elapsed time since start: 845.29 seconds.
Done reranking query 55. Elapsed time since start: 853.21 seconds.
Done reranking query 56. Elapsed time since start: 861.22 seconds.
Done reranking query 57. Elapsed time since start: 913.47 seconds.
Done reranking query 58. Elapsed time since start: 936.49 seconds.
Done reranking query 59. Elapsed time since start: 968.22 seconds.
Done reranking query 60. Elapsed time since start: 984.52 seconds.
Saved 60 reranked responses to Gemini_text-reranked-100-indices.json
Saved 60 reranked responses to Gemini_structured-reranked-100-indices.json
Done reranking query 61. Elapsed time since start: 1000.16 seconds.
Done reranking query 62. Elapsed time since start: 1016.81 seconds.
Done reranking query 63. Elapsed time since start: 1033.37 seconds.
Done reranking query 64. Elapsed time since start: 1048.92 seconds.
Done reranking query 65. Elapsed time since start: 1107.27 seconds.
Done reranking query 66. Elapsed time since start: 1137.68 seconds.
Done reranking query 67. Elapsed time since start: 1149.32 seconds.
Done reranking query 68. Elapsed time since start: 1157.30 seconds.
Done reranking query 69. Elapsed time since start: 1181.30 seconds.
Done reranking query 70. Elapsed time since start: 1190.20 seconds.
Done reranking query 71. Elapsed time since start: 1204.07 seconds.
Done reranking query 72. Elapsed time since start: 1213.94 seconds.
Done reranking query 73. Elapsed time since start: 1232.62 seconds.
Done reranking query 74. Elapsed time since start: 1259.12 seconds.
Done reranking query 75. Elapsed time since start: 1266.09 seconds.
Saved 75 reranked responses to Gemini_text-reranked-100-indices.json
Saved 75 reranked responses to Gemini_structured-reranked-100-indices.json
Done reranking query 76. Elapsed time since start: 1286.02 seconds.
Done reranking query 77. Elapsed time since start: 1304.07 seconds.
Done reranking query 78. Elapsed time since start: 1324.34 seconds.
Done reranking query 79. Elapsed time since start: 1331.24 seconds.
Done reranking query 80. Elapsed time since start: 1340.18 seconds.
Done reranking query 81. Elapsed time since start: 1347.91 seconds.
Done reranking query 82. Elapsed time since start: 1353.57 seconds.
Done reranking query 83. Elapsed time since start: 1365.11 seconds.
Done reranking query 84. Elapsed time since start: 1374.08 seconds.
Done reranking query 85. Elapsed time since start: 1386.82 seconds.
Done reranking query 86. Elapsed time since start: 1394.60 seconds.
Done reranking query 87. Elapsed time since start: 1408.70 seconds.
Done reranking query 88. Elapsed time since start: 1439.32 seconds.
Done reranking query 89. Elapsed time since start: 1449.23 seconds.
Done reranking query 90. Elapsed time since start: 1459.01 seconds.
Saved 90 reranked responses to Gemini_text-reranked-100-indices.json
Saved 90 reranked responses to Gemini_structured-reranked-100-indices.json
Done reranking query 91. Elapsed time since start: 1483.10 seconds.
Done reranking query 92. Elapsed time since start: 1505.82 seconds.
Done reranking query 93. Elapsed time since start: 1514.43 seconds.
Done reranking query 94. Elapsed time since start: 1522.60 seconds.
Done reranking query 95. Elapsed time since start: 1529.50 seconds.
Done reranking query 96. Elapsed time since start: 1542.19 seconds.
Done reranking query 97. Elapsed time since start: 1550.70 seconds.
Done reranking query 98. Elapsed time since start: 1566.07 seconds.
Done reranking query 99. Elapsed time since start: 1574.22 seconds.
Done reranking query 100. Elapsed time since start: 1582.45 seconds.
Done reranking query 101. Elapsed time since start: 1633.19 seconds.
Done reranking query 102. Elapsed time since start: 1646.42 seconds.
Done reranking query 103. Elapsed time since start: 1689.75 seconds.
Done reranking query 104. Elapsed time since start: 1708.90 seconds.
Done reranking query 105. Elapsed time since start: 1716.63 seconds.
Saved 105 reranked responses to Gemini_text-reranked-100-indices.json
Saved 105 reranked responses to Gemini_structured-reranked-100-indices.json
Done reranking query 106. Elapsed time since start: 1723.13 seconds.
Done reranking query 107. Elapsed time since start: 1739.11 seconds.
Done reranking query 108. Elapsed time since start: 1746.87 seconds.
Done reranking query 109. Elapsed time since start: 1757.77 seconds.
Done reranking query 110. Elapsed time since start: 1778.61 seconds.
Done reranking query 111. Elapsed time since start: 1787.81 seconds.
Done reranking query 112. Elapsed time since start: 1795.38 seconds.
Done reranking query 113. Elapsed time since start: 1805.70 seconds.
Done reranking query 114. Elapsed time since start: 1815.78 seconds.
Done reranking query 115. Elapsed time since start: 1836.14 seconds.
Done reranking query 116. Elapsed time since start: 1848.58 seconds.
Done reranking query 117. Elapsed time since start: 1856.53 seconds.
Done reranking query 118. Elapsed time since start: 1865.39 seconds.
Done reranking query 119. Elapsed time since start: 1872.93 seconds.
Done reranking query 120. Elapsed time since start: 1898.06 seconds.
Saved 120 reranked responses to Gemini_text-reranked-100-indices.json
Saved 120 reranked responses to Gemini_structured-reranked-100-indices.json
Done reranking query 121. Elapsed time since start: 1910.26 seconds.
Done reranking query 122. Elapsed time since start: 1922.16 seconds.
Done reranking query 123. Elapsed time since start: 1928.81 seconds.
Done reranking query 124. Elapsed time since start: 1936.76 seconds.
Done reranking query 125. Elapsed time since start: 1948.85 seconds.
Done reranking query 126. Elapsed time since start: 1957.49 seconds.
Done reranking query 127. Elapsed time since start: 1966.00 seconds.
Done reranking query 128. Elapsed time since start: 1975.25 seconds.
Done reranking query 129. Elapsed time since start: 1982.32 seconds.
Done reranking query 130. Elapsed time since start: 1991.43 seconds.
Done reranking query 131. Elapsed time since start: 1998.77 seconds.
Done reranking query 132. Elapsed time since start: 2005.22 seconds.
Done reranking query 133. Elapsed time since start: 2012.14 seconds.
Done reranking query 134. Elapsed time since start: 2023.08 seconds.
Done reranking query 135. Elapsed time since start: 2049.79 seconds.
Saved 135 reranked responses to Gemini_text-reranked-100-indices.json
Saved 135 reranked responses to Gemini_structured-reranked-100-indices.json
Done reranking query 136. Elapsed time since start: 2058.26 seconds.
Done reranking query 137. Elapsed time since start: 2069.14 seconds.
Done reranking query 138. Elapsed time since start: 2083.65 seconds.
Done reranking query 139. Elapsed time since start: 2092.29 seconds.
Done reranking query 140. Elapsed time since start: 2118.24 seconds.
Done reranking query 141. Elapsed time since start: 2125.34 seconds.
Done reranking query 142. Elapsed time since start: 2132.96 seconds.
Done reranking query 143. Elapsed time since start: 2162.78 seconds.
Done reranking query 144. Elapsed time since start: 2184.42 seconds.
Done reranking query 145. Elapsed time since start: 2199.19 seconds.
Done reranking query 146. Elapsed time since start: 2207.94 seconds.
Done reranking query 147. Elapsed time since start: 2215.57 seconds.
Done reranking query 148. Elapsed time since start: 2239.74 seconds.
Done reranking query 149. Elapsed time since start: 2246.72 seconds.
Done reranking query 150. Elapsed time since start: 2253.63 seconds.
Saved 150 reranked responses to Gemini_text-reranked-100-indices.json
Saved 150 reranked responses to Gemini_structured-reranked-100-indices.json
Done reranking query 151. Elapsed time since start: 2269.11 seconds.
Done reranking query 152. Elapsed time since start: 2275.91 seconds.
Done reranking query 153. Elapsed time since start: 2315.68 seconds.
Done reranking query 154. Elapsed time since start: 2325.05 seconds.
Done reranking query 155. Elapsed time since start: 2339.01 seconds.
Done reranking query 156. Elapsed time since start: 2345.72 seconds.
Done reranking query 157. Elapsed time since start: 2395.47 seconds.
Done reranking query 158. Elapsed time since start: 2420.26 seconds.
Done reranking query 159. Elapsed time since start: 2438.90 seconds.
Done reranking query 160. Elapsed time since start: 2445.48 seconds.
Done reranking query 161. Elapsed time since start: 2461.15 seconds.
Done reranking query 162. Elapsed time since start: 2468.62 seconds.
Done reranking query 163. Elapsed time since start: 2494.23 seconds.
Done reranking query 164. Elapsed time since start: 2521.93 seconds.
Done reranking query 165. Elapsed time since start: 2529.81 seconds.
Saved 165 reranked responses to Gemini_text-reranked-100-indices.json
Saved 165 reranked responses to Gemini_structured-reranked-100-indices.json
Done reranking query 166. Elapsed time since start: 2538.43 seconds.
Done reranking query 167. Elapsed time since start: 2545.48 seconds.
Done reranking query 168. Elapsed time since start: 2588.83 seconds.
Done reranking query 169. Elapsed time since start: 2596.31 seconds.
Done reranking query 170. Elapsed time since start: 2604.94 seconds.
Done reranking query 171. Elapsed time since start: 2620.23 seconds.
Done reranking query 172. Elapsed time since start: 2635.74 seconds.
Done reranking query 173. Elapsed time since start: 2655.85 seconds.
Done reranking query 174. Elapsed time since start: 2664.72 seconds.
Done reranking query 175. Elapsed time since start: 2677.35 seconds.
Done reranking query 176. Elapsed time since start: 2684.23 seconds.
Done reranking query 177. Elapsed time since start: 2734.91 seconds.
Done reranking query 178. Elapsed time since start: 2741.46 seconds.
Done reranking query 179. Elapsed time since start: 2761.20 seconds.
Done reranking query 180. Elapsed time since start: 2768.22 seconds.
Saved 180 reranked responses to Gemini_text-reranked-100-indices.json
Saved 180 reranked responses to Gemini_structured-reranked-100-indices.json
Done reranking query 181. Elapsed time since start: 2775.54 seconds.
Done reranking query 182. Elapsed time since start: 2785.72 seconds.
Done reranking query 183. Elapsed time since start: 2832.50 seconds.
Done reranking query 184. Elapsed time since start: 2842.73 seconds.
Done reranking query 185. Elapsed time since start: 2850.87 seconds.
Done reranking query 186. Elapsed time since start: 2875.02 seconds.
Done reranking query 187. Elapsed time since start: 2883.09 seconds.
Done reranking query 188. Elapsed time since start: 2901.60 seconds.
Done reranking query 189. Elapsed time since start: 2908.48 seconds.
Done reranking query 190. Elapsed time since start: 2916.00 seconds.
Done reranking query 191. Elapsed time since start: 2934.04 seconds.
Done reranking query 192. Elapsed time since start: 2942.03 seconds.
Done reranking query 193. Elapsed time since start: 2950.36 seconds.
Done reranking query 194. Elapsed time since start: 2960.29 seconds.
Done reranking query 195. Elapsed time since start: 2968.84 seconds.
Saved 195 reranked responses to Gemini_text-reranked-100-indices.json
Saved 195 reranked responses to Gemini_structured-reranked-100-indices.json
Done reranking query 196. Elapsed time since start: 2975.21 seconds.
Done reranking query 197. Elapsed time since start: 2992.87 seconds.
Done reranking query 198. Elapsed time since start: 3008.85 seconds.
Done reranking query 199. Elapsed time since start: 3032.33 seconds.
Done reranking query 200. Elapsed time since start: 3039.58 seconds.
Done reranking query 201. Elapsed time since start: 3046.11 seconds.
Done reranking query 202. Elapsed time since start: 3061.33 seconds.
Done reranking query 203. Elapsed time since start: 3077.39 seconds.
Done reranking query 204. Elapsed time since start: 3092.56 seconds.
Done reranking query 205. Elapsed time since start: 3124.11 seconds.
Done reranking query 206. Elapsed time since start: 3131.76 seconds.
Done reranking query 207. Elapsed time since start: 3150.56 seconds.
Done reranking query 208. Elapsed time since start: 3160.75 seconds.
Done reranking query 209. Elapsed time since start: 3185.02 seconds.
Done reranking query 210. Elapsed time since start: 3191.35 seconds.
Saved 210 reranked responses to Gemini_text-reranked-100-indices.json
Saved 210 reranked responses to Gemini_structured-reranked-100-indices.json
Done reranking query 211. Elapsed time since start: 3199.09 seconds.
Done reranking query 212. Elapsed time since start: 3208.93 seconds.
Done reranking query 213. Elapsed time since start: 3228.80 seconds.
Done reranking query 214. Elapsed time since start: 3235.67 seconds.
Done reranking query 215. Elapsed time since start: 3243.35 seconds.
Done reranking query 216. Elapsed time since start: 3264.31 seconds.
Done reranking query 217. Elapsed time since start: 3271.45 seconds.
Done reranking query 218. Elapsed time since start: 3278.19 seconds.
Done reranking query 219. Elapsed time since start: 3303.84 seconds.
Done reranking query 220. Elapsed time since start: 3312.96 seconds.
Done reranking query 221. Elapsed time since start: 3324.28 seconds.
Done reranking query 222. Elapsed time since start: 3331.36 seconds.
Done reranking query 223. Elapsed time since start: 3345.36 seconds.
Done reranking query 224. Elapsed time since start: 3362.00 seconds.
Done reranking query 225. Elapsed time since start: 3375.58 seconds.
Saved 225 reranked responses to Gemini_text-reranked-100-indices.json
Saved 225 reranked responses to Gemini_structured-reranked-100-indices.json
Done reranking query 226. Elapsed time since start: 3385.66 seconds.
Done reranking query 227. Elapsed time since start: 3393.19 seconds.
Done reranking query 228. Elapsed time since start: 3408.11 seconds.
Done reranking query 229. Elapsed time since start: 3422.89 seconds.
Done reranking query 230. Elapsed time since start: 3429.40 seconds.
Done reranking query 231. Elapsed time since start: 3441.32 seconds.
Done reranking query 232. Elapsed time since start: 3463.18 seconds.
Done reranking query 233. Elapsed time since start: 3479.72 seconds.
Done reranking query 234. Elapsed time since start: 3496.53 seconds.
Done reranking query 235. Elapsed time since start: 3504.69 seconds.
Done reranking query 236. Elapsed time since start: 3521.95 seconds.
Done reranking query 237. Elapsed time since start: 3530.78 seconds.
Done reranking query 238. Elapsed time since start: 3542.53 seconds.
Done reranking query 239. Elapsed time since start: 3551.15 seconds.
Done reranking query 240. Elapsed time since start: 3558.68 seconds.
Saved 240 reranked responses to Gemini_text-reranked-100-indices.json
Saved 240 reranked responses to Gemini_structured-reranked-100-indices.json
Done reranking query 241. Elapsed time since start: 3608.00 seconds.
Done reranking query 242. Elapsed time since start: 3614.34 seconds.
Done reranking query 243. Elapsed time since start: 3623.43 seconds.
Error parsing or validating JSON: Expecting ',' delimiter: line 1 column 10135 (char 10134)
Failed to parse JSON. Raw response: '[78, 43, 33, 13, 50, 20, 94, 96, 0, 1, 4, 68, 6, 11, 15, 16, 25, 34, 47, 68, 96, 10, 12, 21, 28, 30, 35, 44, 45, 47, 61, 68, 85, 94, 96, 2, 7, 29, 57, 58, 73, 74, 75, 77, 98, 20, 50, 92, 36, 43, 57, 58, 78, 92, 36, 43, 57, 58, 78, 92, 36, 43, 57, 58, 78, 92, 36, 43, 57, 58, 78, 92, 36, 43, 57, 58, 78, 92, 36, 43, 57, 58, 78, 92, 36, 43, 57, 58, 78, 92, 36, 43, 57, 58, 78, 92, 36, 43, 57, 58, 78, 92, 36, 43, 57, 58, 78, 92, 36, 43, 57, 58, 78, 92, 36, 43, 57, 58, 78, 92, 36, 43, 57, 58, 78, 92, 36, 43, 57, 58, 78, 92, 36, 43, 57, 58, 78, 92, 36, 43, 57, 58, 78, 92, 36, 43, 57, 58, 78, 92, 36, 43, 57, 58, 78, 92, 36, 43, 57, 58, 78, 92, 36, 43, 57, 58, 78, 92, 36, 43, 57, 58, 78, 92, 36, 43, 57, 58, 78, 92, 36, 43, 57, 58, 78, 92, 36, 43, 57, 58, 78, 92, 36, 43, 57, 58, 78, 92, 36, 43, 57, 58, 78, 92, 36, 43, 57, 58, 78, 92, 36, 43, 57, 58, 78, 92, 36, 43, 57, 58, 78, 92, 36, 43, 57, 58, 78, 92, 36, 43, 57, 58, 78, 92, 36, 43, 57, 58, 78, 92, 36, 43, 57, 58, 78, 92, 36, 43, 57, 58, 78, 92, 36, 43, 57, 58, 78, 92, 36, 43, 57, 58, 78, 92, 36, 43, 57, 58, 78, 92, 36, 43, 57, 58, 78, 92, 36, 43, 57, 58, 78, 92, 36, 43, 57, 58, 78, 92, 36, 43, 57, 58, 78, 92, 36, 43, 57, 58, 78, 92, 36, 43, 57, 58, 78, 92, 36, 43, 57, 58, 78, 92, 36, 43, 57, 58, 78, 92, 36, 43, 57, 58, 78, 92, 36, 43, 57, 58, 78, 92, 36, 43, 57, 58, 78, 92, 36, 43, 57, 58, 78, 92, 36, 43, 57, 58, 78, 92, 36, 43, 57, 58, 78, 92, 36, 43, 57, 58, 78, 92, 36, 43, 57, 58, 78, 92, 36, 43, 57, 58, 78, 92, 36, 43, 57, 58, 78, 92, 36, 43, 57, 58, 78, 92, 36, 43, 57, 58, 78, 92, 36, 43, 57, 58, 78, 92, 36, 43, 57, 58, 78, 92, 36, 43, 57, 58, 78, 92, 36, 43, 57, 58, 78, 92, 36, 43, 57, 58, 78, 92, 36, 43, 57, 58, 78, 92, 36, 43, 57, 58, 78, 92, 36, 43, 57, 58, 78, 92, 36, 43, 57, 58, 78, 92, 36, 43, 57, 58, 78, 92, 36, 43, 57, 58, 78, 92, 36, 43, 57, 58, 78, 92, 36, 43, 57, 58, 78, 92, 36, 43, 57, 58, 78, 92, 36, 43, 57, 58, 78, 92, 36, 43, 57, 58, 78, 92, 36, 43, 57, 58, 78, 92, 36, 43, 57, 58, 78, 92, 36, 43, 57, 58, 78, 92, 36, 43, 57, 58, 78, 92, 36, 43, 57, 58, 78, 92, 36, 43, 57, 58, 78, 92, 36, 43, 57, 58, 78, 92, 36, 43, 57, 58, 78, 92, 36, 43, 57, 58, 78, 92, 36, 43, 57, 58, 78, 92, 36, 43, 57, 58, 78, 92, 36, 43, 57, 58, 78, 92, 36, 43, 57, 58, 78, 92, 36, 43, 57, 58, 78, 92, 36, 43, 57, 58, 78, 92, 36, 43, 57, 58, 78, 92, 36, 43, 57, 58, 78, 92, 36, 43, 57, 58, 78, 92, 36, 43, 57, 58, 78, 92, 36, 43, 57, 58, 78, 92, 36, 43, 57, 58, 78, 92, 36, 43, 57, 58, 78, 92, 36, 43, 57, 58, 78, 92, 36, 43, 57, 58, 78, 92, 36, 43, 57, 58, 78, 92, 36, 43, 57, 58, 78, 92, 36, 43, 57, 58, 78, 92, 36, 43, 57, 58, 78, 92, 36, 43, 57, 58, 78, 92, 36, 43, 57, 58, 78, 92, 36, 43, 57, 58, 78, 92, 36, 43, 57, 58, 78, 92, 36, 43, 57, 58, 78, 92, 36, 43, 57, 58, 78, 92, 36, 43, 57, 58, 78, 92, 36, 43, 57, 58, 78, 92, 36, 43, 57, 58, 78, 92, 36, 43, 57, 58, 78, 92, 36, 43, 57, 58, 78, 92, 36, 43, 57, 58, 78, 92, 36, 43, 57, 58, 78, 92, 36, 43, 57, 58, 78, 92, 36, 43, 57, 58, 78, 92, 36, 43, 57, 58, 78, 92, 36, 43, 57, 58, 78, 92, 36, 43, 57, 58, 78, 92, 36, 43, 57, 58, 78, 92, 36, 43, 57, 58, 78, 92, 36, 43, 57, 58, 78, 92, 36, 43, 57, 58, 78, 92, 36, 43, 57, 58, 78, 92, 36, 43, 57, 58, 78, 92, 36, 43, 57, 58, 78, 92, 36, 43, 57, 58, 78, 92, 36, 43, 57, 58, 78, 92, 36, 43, 57, 58, 78, 92, 36, 43, 57, 58, 78, 92, 36, 43, 57, 58, 78, 92, 36, 43, 57, 58, 78, 92, 36, 43, 57, 58, 78, 92, 36, 43, 57, 58, 78, 92, 36, 43, 57, 58, 78, 92, 36, 43, 57, 58, 78, 92, 36, 43, 57, 58, 78, 92, 36, 43, 57, 58, 78, 92, 36, 43, 57, 58, 78, 92, 36, 43, 57, 58, 78, 92, 36, 43, 57, 58, 78, 92, 36, 43, 57, 58, 78, 92, 36, 43, 57, 58, 78, 92, 36, 43, 57, 58, 78, 92, 36, 43, 57, 58, 78, 92, 36, 43, 57, 58, 78, 92, 36, 43, 57, 58, 78, 92, 36, 43, 57, 58, 78, 92, 36, 43, 57, 58, 78, 92, 36, 43, 57, 58, 78, 92, 36, 43, 57, 58, 78, 92, 36, 43, 57, 58, 78, 92, 36, 43, 57, 58, 78, 92, 36, 43, 57, 58, 78, 92, 36, 43, 57, 58, 78, 92, 36, 43, 57, 58, 78, 92, 36, 43, 57, 58, 78, 92, 36, 43, 57, 58, 78, 92, 36, 43, 57, 58, 78, 92, 36, 43, 57, 58, 78, 92, 36, 43, 57, 58, 78, 92, 36, 43, 57, 58, 78, 92, 36, 43, 57, 58, 78, 92, 36, 43, 57, 58, 78, 92, 36, 43, 57, 58, 78, 92, 36, 43, 57, 58, 78, 92, 36, 43, 57, 58, 78, 92, 36, 43, 57, 58, 78, 92, 36, 43, 57, 58, 78, 92, 36, 43, 57, 58, 78, 92, 36, 43, 57, 58, 78, 92, 36, 43, 57, 58, 78, 92, 36, 43, 57, 58, 78, 92, 36, 43, 57, 58, 78, 92, 36, 43, 57, 58, 78, 92, 36, 43, 57, 58, 78, 92, 36, 43, 57, 58, 78, 92, 36, 43, 57, 58, 78, 92, 36, 43, 57, 58, 78, 92, 36, 43, 57, 58, 78, 92, 36, 43, 57, 58, 78, 92, 36, 43, 57, 58, 78, 92, 36, 43, 57, 58, 78, 92, 36, 43, 57, 58, 78, 92, 36, 43, 57, 58, 78, 92, 36, 43, 57, 58, 78, 92, 36, 43, 57, 58, 78, 92, 36, 43, 57, 58, 78, 92, 36, 43, 57, 58, 78, 92, 36, 43, 57, 58, 78, 92, 36, 43, 57, 58, 78, 92, 36, 43, 57, 58, 78, 92, 36, 43, 57, 58, 78, 92, 36, 43, 57, 58, 78, 92, 36, 43, 57, 58, 78, 92, 36, 43, 57, 58, 78, 92, 36, 43, 57, 58, 78, 92, 36, 43, 57, 58, 78, 92, 36, 43, 57, 58, 78, 92, 36, 43, 57, 58, 78, 92, 36, 43, 57, 58, 78, 92, 36, 43, 57, 58, 78, 92, 36, 43, 57, 58, 78, 92, 36, 43, 57, 58, 78, 92, 36, 43, 57, 58, 78, 92, 36, 43, 57, 58, 78, 92, 36, 43, 57, 58, 78, 92, 36, 43, 57, 58, 78, 92, 36, 43, 57, 58, 78, 92, 36, 43, 57, 58, 78, 92, 36, 43, 57, 58, 78, 92, 36, 43, 57, 58, 78, 92, 36, 43, 57, 58, 78, 92, 36, 43, 57, 58, 78, 92, 36, 43, 57, 58, 78, 92, 36, 43, 57, 58, 78, 92, 36, 43, 57, 58, 78, 92, 36, 43, 57, 58, 78, 92, 36, 43, 57, 58, 78, 92, 36, 43, 57, 58, 78, 92, 36, 43, 57, 58, 78, 92, 36, 43, 57, 58, 78, 92, 36, 43, 57, 58, 78, 92, 36, 43, 57, 58, 78, 92, 36, 43, 57, 58, 78, 92, 36, 43, 57, 58, 78, 92, 36, 43, 57, 58, 78, 92, 36, 43, 57, 58, 78, 92, 36, 43, 57, 58, 78, 92, 36, 43, 57, 58, 78, 92, 36, 43, 57, 58, 78, 92, 36, 43, 57,  58, 78, 92, 36, 43, 57, 58, 78, 92, 36, 43, 57, 58, 78, 92, 36, 43, 57, 58, 78, 92, 36, 43, 57, 58, 78, 92, 36, 43, 57, 58, 78, 92, 36, 43, 57, 58, 78, 92, 36, 43, 57, 58, 78, 92, 36, 43, 57, 58, 78, 92, 36, 43, 57, 58, 78, 92, 36, 43, 57, 58, 78, 92, 36, 43, 57, 58, 78, 92, 36, 43, 57, 58, 78, 92, 36, 43, 57, 58, 78, 92, 36, 43, 57, 58, 78, 92, 36, 43, 57, 58, 78, 92, 36, 43, 57, 58, 78, 92, 36, 43, 57, 58, 78, 92, 36, 43, 57, 58, 78, 92, 36, 43, 57, 58, 78, 92, 36, 43, 57, 58, 78, 92, 36, 43, 57, 58, 78, 92, 36, 43, 57, 58, 78, 92, 36, 43, 57, 58, 78, 92, 36, 43, 57, 58, 78, 92, 36, 43, 57, 58, 78, 92, 36, 43, 57, 58, 78, 92, 36, 43, 57, 58, 78, 92, 36, 43, 57, 58, 78, 92, 36, 43, 57, 58, 78, 92, 36, 43, 57, 58, 78, 92, 36, 43, 57, 58, 78, 92, 36, 43, 57, 58, 78, 92, 36, 43, 57, 58, 78, 92, 36, 43, 57, 58, 78, 92, 36, 43, 57, 58, 78, 92, 36, 43, 57, 58, 78, 92, 36, 43, 57, 58, 78, 92, 36, 43, 57, 58, 78, 92, 36, 43, 57, 58, 78, 92, 36, 43, 57, 58, 78, 92, 36, 43, 57, 58, 78, 92, 36, 43, 57, 58, 78, 92, 36, 43, 57, 58, 78, 92, 36, 43, 57, 58, 78, 92, 36, 43, 57, 58, 78, 92, 36, 43, 57, 58, 78, 92, 36, 43, 57, 58, 78, 92, 36, 43, 57, 58, 78, 92, 36, 43, 57, 58, 78, 92, 36, 43, 57, 58, 78, 92, 36, 43, 57, 58, 78, 92, 36, 43, 57, 58, 78, 92, 36, 43, 57, 58, 78, 92, 36, 43, 57, 58, 78, 92, 36, 43, 57, 58, 78, 92, 36, 43, 57, 58, 78, 92, 36, 43, 57, 58, 78, 92, 36, 43, 57, 58, 78, 92, 36, 43, 57, 58, 78, 92, 36, 43, 57, 58, 78, 92, 36, 43, 57, 58, 78, 92, 36, 43, 57, 58, 78, 92, 36, 43, 57, 58, 78, 92, 36, 43, 57, 58, 78, 92, 36, 43, 57, 58, 78, 92, 36, 43, 57, 58, 78, 92, 36, 43, 57, 58, 78, 92, 36, 43, 57, 58, 78, 92, 36, 43, 57, 58, 78, 92, 36, 43, 57, 58, 78, 92, 36, 43, 57, 58, 78, 92, 36, 43, 57, 58, 78, 92, 36, 43, 57, 58, 78, 92, 36, 43, 57, 58, 78, 92, 36, 43, 57, 58, 78, 92, 36, 43, 57, 58, 78, 92, 36, 43, 57, 58, 78, 92, 36, 43, 57, 58, 78, 92, 36, 43, 57, 58, 78, 92, 36, 43, 57, 58, 78, 92, 36, 43, 57, 58, 78, 92, 36, 43, 57, 58, 78, 92, 36, 43, 57, 58, 78, 92, 36, 43, 57, 58, 78, 92, 36, 43, 57, 58, 78, 92, 36, 43, 57, 58, 78, 92, 36, 43, 57, 58, 78, 92, 36, 43, 57, 58, 78, 92, 36, 43, 57, 58, 78, 92, 36, 43, 57, 58, 78, 92, 36, 43, 57, 58, 78, 92, 36, 43, 57, 58, 78, 92, 36, 43, 57, 58, 78, 92, 36, 43, 57, 58, 78, 92, 36, 43, 57, 58, 78, 92, 36, 43, 57, 58, 78, 92, 36, 43, 57, 58, 78, 92, 36, 43, 57, 58, 78, 92, 36, 43, 57, 58, 78, 92, 36, 43, 57, 58, 78, 92, 36, 43, 57, 58, 78, 92, 36, 43, 57, 58, 78, 92, 36, 43, 57, 58, 78, 92, 36, 43, 57, 58, 78, 92, 36, 43, 57, 58, 78, 92, 36, 43, 57, 58, 78, 92, 36, 43, 57, 58, 78, 92, 36, 43, 57, 58, 78, 92, 36, 43, 57, 58, 78, 92, 36, 43, 57, 58, 78, 92, 36, 43, 57, 58, 78, 92, 36, 43, 57, 58, 78, 92, 36, 43, 57, 58, 78, 92, 36, 43, 57, 58, 78, 92, 36, 43, 57, 58, 78, 92, 36, 43, 57, 58, 78, 92, 36, 43, 57, 58, 78, 92, 36, 43, 57, 58, 78, 92, 36, 43, 57, 58, 78, 92, 36, 43, 57, 58, 78, 92, 36, 43, 57, 58, 78, 92, 36, 43, 57, 58, 78, 92, 36, 43, 57, 58, 78, 92, 36, 43, 57, 58, 78, 92, 36, 43, 57, 58, 78, 92, 36, 43, 57, 58, 78, 92, 36, 43, 57, 58, 78, 92, 36, 43, 57, 58, 78, 92, 36, 43, 57, 58, 78, 92, 36, 43, 57, 58, 78, 92, 36, 43, 57, 58, 78, 92, 36, 43, 57, 58, 78, 92, 36, 43, 57, 58, 78, 92, 36, 43, 57, 58, 78, 92, 36, 43, 57, 58, 78, 92, 36, 43, 57, 58, 78, 92, 36, 43, 57, 58, 78, 92, 36, 43, 57, 58, 78, 92, 36, 43, 57, 58, 78, 92, 36, 43, 57, 58, 78, 92, 36, 43, 57, 58, 78, 92, 36, 43, 57, 58, 78, 92, 36, 43, 57, 58, 78, 92, 36, 43, 57, 58, 78, 92, 36, 43, 57, 58, 78, 92, 36, 43, 57, 58, 78, 92, 36, 43, 57, 58, 78, 92, 36, 43, 57, 58, 78, 92, 36, 43, 57, 58, 78, 92, 36, 43, 57, 58, 78, 92, 36, 43, 57, 58, 78, 92, 36, 43, 57, 58, 78, 92, 36, 43, 57, 58, 78, 92, 36, 43, 57, 58, 78, 92, 36, 43, 57, 58, 78, 92, 36, 43, 57, 58, 78, 92, 36, 43, 57, 58, 78, 92, 36, 43, 57, 58, 78, 92, 36, 43, 57, 58, 78, 92, 36, 43, 57, 58, 78, 92, 36, 43, 57, 58, 78, 92, 36, 43, 57, 58, 78, 92, 36, 43, 57, 58, 78, 92, 36, 43, 57, 58, 78, 92, 36, 43, 57, 58, 78, 92, 36, 43, 57, 58, 78, 92, 36, 43, 57, 58, 78, 92, 36, 43, 57, 58, 78, 92, 36, 43, 57, 58, 78, 92, 36, 43, 57, 58, 78, 92, 36, 43, 57, 58, 78, 92, 36, 43, 57, 58, 78, 92, 36, 43, 57, 58, 78, 92, 36, 43, 57, 58, 78, 92, 36, 43, 57, 58, 78, 92, 36, 43, 57, 58, 78, 92, 36, 43, 57, 58, 78, 92, 36, 43, 57, 58, 78, 92, 36, 43, 57, 58, 78, 92, 36, 43, 57, 58, 78, 92, 36, 43, 57, 58, 78, 92, 36, 43, 57, 58, 78, 92, 36, 43, 57'
Done reranking query 244. Elapsed time since start: 3676.66 seconds.
Done reranking query 245. Elapsed time since start: 3684.73 seconds.
Done reranking query 246. Elapsed time since start: 3720.44 seconds.
Done reranking query 247. Elapsed time since start: 3744.14 seconds.
Done reranking query 248. Elapsed time since start: 3769.88 seconds.
Done reranking query 249. Elapsed time since start: 3778.59 seconds.
Done reranking query 250. Elapsed time since start: 3787.01 seconds.
Done reranking query 251. Elapsed time since start: 3805.78 seconds.
Done reranking query 252. Elapsed time since start: 3826.03 seconds.
Done reranking query 253. Elapsed time since start: 3833.16 seconds.
Done reranking query 254. Elapsed time since start: 3844.10 seconds.
Done reranking query 255. Elapsed time since start: 3858.66 seconds.
Saved 255 reranked responses to Gemini_text-reranked-100-indices.json
Saved 255 reranked responses to Gemini_structured-reranked-100-indices.json
Done reranking query 256. Elapsed time since start: 3876.13 seconds.
Done reranking query 257. Elapsed time since start: 3900.47 seconds.
Done reranking query 258. Elapsed time since start: 3909.69 seconds.
Done reranking query 259. Elapsed time since start: 3928.35 seconds.
Done reranking query 260. Elapsed time since start: 3943.20 seconds.
Done reranking query 261. Elapsed time since start: 3956.57 seconds.
Done reranking query 262. Elapsed time since start: 3972.39 seconds.
Done reranking query 263. Elapsed time since start: 3983.42 seconds.
Done reranking query 264. Elapsed time since start: 3995.81 seconds.
Done reranking query 265. Elapsed time since start: 4002.54 seconds.
Done reranking query 266. Elapsed time since start: 4009.25 seconds.
Done reranking query 267. Elapsed time since start: 4047.71 seconds.
Done reranking query 268. Elapsed time since start: 4053.99 seconds.
Done reranking query 269. Elapsed time since start: 4068.26 seconds.
Done reranking query 270. Elapsed time since start: 4075.72 seconds.
Saved 270 reranked responses to Gemini_text-reranked-100-indices.json
Saved 270 reranked responses to Gemini_structured-reranked-100-indices.json
Done reranking query 271. Elapsed time since start: 4082.67 seconds.
Done reranking query 272. Elapsed time since start: 4090.44 seconds.
Done reranking query 273. Elapsed time since start: 4096.85 seconds.
Done reranking query 274. Elapsed time since start: 4124.95 seconds.
Done reranking query 275. Elapsed time since start: 4138.11 seconds.
Done reranking query 276. Elapsed time since start: 4152.91 seconds.
Done reranking query 277. Elapsed time since start: 4161.63 seconds.
Done reranking query 278. Elapsed time since start: 4171.66 seconds.
Done reranking query 279. Elapsed time since start: 4184.11 seconds.
Done reranking query 280. Elapsed time since start: 4192.58 seconds.
Done reranking query 281. Elapsed time since start: 4215.11 seconds.
Done reranking query 282. Elapsed time since start: 4236.30 seconds.
Done reranking query 283. Elapsed time since start: 4252.47 seconds.
Done reranking query 284. Elapsed time since start: 4262.31 seconds.
Done reranking query 285. Elapsed time since start: 4279.93 seconds.
Saved 285 reranked responses to Gemini_text-reranked-100-indices.json
Saved 285 reranked responses to Gemini_structured-reranked-100-indices.json
Done reranking query 286. Elapsed time since start: 4298.12 seconds.
Done reranking query 287. Elapsed time since start: 4327.02 seconds.
Done reranking query 288. Elapsed time since start: 4350.97 seconds.
Done reranking query 289. Elapsed time since start: 4361.26 seconds.
Done reranking query 290. Elapsed time since start: 4377.47 seconds.
Done reranking query 291. Elapsed time since start: 4390.72 seconds.
Done reranking query 292. Elapsed time since start: 4400.21 seconds.
Done reranking query 293. Elapsed time since start: 4426.46 seconds.
Done reranking query 294. Elapsed time since start: 4441.48 seconds.
Done reranking query 295. Elapsed time since start: 4451.09 seconds.
Done reranking query 296. Elapsed time since start: 4463.43 seconds.
Done reranking query 297. Elapsed time since start: 4471.95 seconds.
Done reranking query 298. Elapsed time since start: 4480.64 seconds.
Done reranking query 299. Elapsed time since start: 4493.95 seconds.
Done reranking query 300. Elapsed time since start: 4500.81 seconds.
Saved 300 reranked responses to Gemini_text-reranked-100-indices.json
Saved 300 reranked responses to Gemini_structured-reranked-100-indices.json
Done reranking query 301. Elapsed time since start: 4510.60 seconds.
Done reranking query 302. Elapsed time since start: 4520.28 seconds.
Done reranking query 303. Elapsed time since start: 4527.36 seconds.
Done reranking query 304. Elapsed time since start: 4533.84 seconds.
Done reranking query 305. Elapsed time since start: 4563.32 seconds.
Done reranking query 306. Elapsed time since start: 4591.49 seconds.
Done reranking query 307. Elapsed time since start: 4599.34 seconds.
Done reranking query 308. Elapsed time since start: 4607.41 seconds.
Done reranking query 309. Elapsed time since start: 4625.01 seconds.
Done reranking query 310. Elapsed time since start: 4643.32 seconds.
Done reranking query 311. Elapsed time since start: 4651.66 seconds.
Done reranking query 312. Elapsed time since start: 4658.97 seconds.
Done reranking query 313. Elapsed time since start: 4677.61 seconds.
Done reranking query 314. Elapsed time since start: 4692.06 seconds.
Done reranking query 315. Elapsed time since start: 4698.44 seconds.
Saved 315 reranked responses to Gemini_text-reranked-100-indices.json
Saved 315 reranked responses to Gemini_structured-reranked-100-indices.json
Done reranking query 316. Elapsed time since start: 4705.51 seconds.
Error parsing or validating JSON: Expecting value: line 1 column 1 (char 0)
Failed to parse JSON. Raw response: '```python
chunk_list = ["and class instances. Instances of the same class tend to behave similarly, so identifying a good set of instances will make it easier to discover the general properties of the entire class. Options for identifying interesting classes include manually created methods (WordNet (Miller et al., 1990) ), textual patterns (Hearst, 1992) , automated clustering (Lin and Pantel, 2002) , and combinations (Snow et al., 2006) . We use Hearst patterns because they are simple, capture how classes and instances are mentioned in Web text, and yield intuitive, explainable groups. Hearst (1992) identified a set of textual patterns which indicate hyponymy (e.g., 'Class such as Instance'). Using these patterns, we extracted 29 million (instance, class) pairs from a large Web crawl. We then cleaned them using word stemming, normalization, and by dropping modifiers. Unfortunately, the patterns make systematic errors (e.g., extracting Canada as the name of a city from the phrase 'Toronto, Canada and other cities.') To address this", "lexico-syntactic patterns to extract instances of a given class. Most commonly used are is-a pattern families such as those first proposed by Hearst (1992) (e.g., 'Y such as X' for matching 'actors such as Brad Pitt'). Minimal supervision is used in the form of small sets of manually provided seed patterns or seed instances. This approach is very common in both the NLP and Semantic Web communities (Cimiano and Staab, 2004; Cafarella et al., 2005; Pantel and Pennacchiotti, 2006; Pas ¸ca et al., 2006) . The distributional approach uses contextual evidence to model the instances of a given class, following the distributional hypothesis (Harris, 1964) . Weakly supervised, these methods take a small set of seed instances (or the class label) and extract new instances from noun phrases that are most similar to the seeds (i.e., that share similar contexts). Following Lin (1998), example systems include Fleischman and Hovy (2002) , Cimiano and Volker (2005) , Tanev and Magnini (2006) , and Pantel et al. (2009) .", 'queries: If (b) returns more web hits than (a), then the concept passes the test, otherwise it fails. The first (most highly ranked) concept that passes CPT becomes the new seed concept for the next bootstrapping cycle. In principle, we could use all the concepts that pass the CPT for bootstrapping 2 . However, for practical reasons (primarily limitations on web querying), we run the algorithm for 10 iterations. Related Work Many algorithms have been developed to automatically acquire semantic class members using a variety of techniques, including co-occurrence statistics (Riloff and Shepherd, 1997; Roark and Charniak, 1998) , syntactic dependencies (Pantel and Ravichandran, 2004) , and lexico-syntactic patterns (Riloff and Jones, 1999; Fleischman and Hovy, 2002; Thelen and Riloff, 2002) . The work most closely related to ours is that of (Hearst, 1992) who introduced the idea of applying hyponym patterns to text, which explicitly identify a hyponym relation between two terms (e.g., "such authors as <X>"). In', 'queries: If (b) returns more web hits than (a), then the concept passes the test, otherwise it fails. The first (most highly ranked) concept that passes CPT becomes the new seed concept for the next bootstrapping cycle. In principle, we could use all the concepts that pass the CPT for bootstrapping 2 . However, for practical reasons (primarily limitations on web querying), we run the algorithm for 10 iterations. Related Work Many algorithms have been developed to automatically acquire semantic class members using a variety of techniques, including co-occurrence statistics (Riloff and Shepherd, 1997; Roark and Charniak, 1998) , syntactic dependencies (Pantel and Ravichandran, 2004) , and lexico-syntactic patterns (Riloff and Jones, 1999; Fleischman and Hovy, 2002; Thelen and Riloff, 2002) . The work most closely related to ours is that of (Hearst, 1992) who introduced the idea of applying hyponym patterns to text, which explicitly identify a hyponym relation between two terms (e.g., "such authors as <X>"). In', 'queries: If (b) returns more web hits than (a), then the concept passes the test, otherwise it fails. The first (most highly ranked) concept that passes CPT becomes the new seed concept for the next bootstrapping cycle. In principle, we could use all the concepts that pass the CPT for bootstrapping 2 . However, for practical reasons (primarily limitations on web querying), we run the algorithm for 10 iterations. Related Work Many algorithms have been developed to automatically acquire semantic class members using a variety of techniques, including co-occurrence statistics (Riloff and Shepherd, 1997; Roark and Charniak, 1998) , syntactic dependencies (Pantel and Ravichandran, 2004) , and lexico-syntactic patterns (Riloff and Jones, 1999; Fleischman and Hovy, 2002; Thelen and Riloff, 2002) . The work most closely related to ours is that of (Hearst, 1992) who introduced the idea of applying hyponym patterns to text, which explicitly identify a hyponym relation between two terms (e.g., "such authors as <X>"). In', 'fall into two main categories: pattern-based and clusteringbased. Pattern-based approaches define lexicalsyntactic patterns for relations, and use these patterns to discover instances of relations. Clustering-based approaches hierarchically cluster terms based on similarities of their meanings usually represented by a vector of quantifiable features. Pattern-based approaches are known for their high accuracy in recognizing instances of relations if the patterns are carefully chosen, either manually (Berland and Charniak, 1999; Kozareva et al., 2008) or via automatic bootstrapping (Hearst, 1992; Widdows and Dorow, 2002; Girju et al., 2003) . The approaches, however, suffer from sparse coverage of patterns in a given corpus. Recent studies (Etzioni et al., 2005; Kozareva et al., 2008) show that if the size of a corpus, such as the Web, is nearly unlimited, a pattern has a higher chance to explicitly appear in the corpus. However, corpus size is often not that large; hence the problem still exists. Moreover,', 'models and inference procedures using signals from query context, click, entity, entity type, and user intent. • We propose an efficient learning technique and a robust implementation of our models, using real-world query data, and a realistic large set of entity types. • We empirically show that our models outperform the state of the art and that modeling latent intent contributes significantly to these results. 2 Related Work Finding Semantic Classes A closely related problem is that of finding the semantic classes of entities. Automatic techniques for finding semantic classes include unsupervised clustering (Schütze, 1998; Pantel and Lin, 2002) , hyponym patterns (Hearst, 1992; Pantel et al., 2004; Kozareva et al., 2008) , extraction patterns (Etzioni et al., 2005) , hidden Markov models (Ritter et al., 2009) , classification (Rahman and Ng, 2010 ) and many others. These techniques typically leverage large corpora, while projects such as WordNet (Miller et al., 1990) and Freebase (Bollacker et al., 2008)', 'models and inference procedures using signals from query context, click, entity, entity type, and user intent. • We propose an efficient learning technique and a robust implementation of our models, using real-world query data, and a realistic large set of entity types. • We empirically show that our models outperform the state of the art and that modeling latent intent contributes significantly to these results. 2 Related Work Finding Semantic Classes A closely related problem is that of finding the semantic classes of entities. Automatic techniques for finding semantic classes include unsupervised clustering (Schütze, 1998; Pantel and Lin, 2002) , hyponym patterns (Hearst, 1992; Pantel et al., 2004; Kozareva et al., 2008) , extraction patterns (Etzioni et al., 2005) , hidden Markov models (Ritter et al., 2009) , classification (Rahman and Ng, 2010 ) and many others. These techniques typically leverage large corpora, while projects such as WordNet (Miller et al., 1990) and Freebase (Bollacker et al., 2008)', 'and new patterns. It is effective and scalable to large datasets; however, uncontrolled bootstrapping soon generates undesired instances once a noisy pattern brought into the cycle. To aid bootstrapping, methods of pattern quality control are widely applied. Statistical measures, such as point-wise mutual information (Etzioni et al., 2005; Pantel and Pennacchiotti, 2006) and conditional probability (Cimiano and Wenderoth, 2007) , have been shown to be effective to rank and select patterns and instances. Pattern quality control is also investigated by using WordNet (Girju et al., 2006) , graph structures built among terms (Widdows and Dorow, 2002; Kozareva et al., 2008) , and pattern clusters (Davidov and Rappoport, 2008) . Clustering-based approaches usually represent word contexts as vectors and cluster words based on similarities of the vectors (Brown et al., 1992; Lin, 1998) . Besides contextual features, the vectors can also be represented by verb-noun relations (Pereira et al., 1993) , syntactic', "We present an algorithm that is more precise and complete than previous ones for identifying from web text just those concepts 'below' a given seed term. Comparing the results to WordNet, we find that the algorithm misses terms, but also that it learns many new terms not in WordNet, and that it classifies them in ways acceptable to humans but different from WordNet. Collecting Information with Care Over the past few years, many algorithms have been published on automatically harvesting terms and their conceptual types from the web and/or other large corpora (Etzioni et al., 2005; Pasca, 2007; Banko et al., 2007; Yi and Niblack, 2005; Snow et al., 2005) . But several basic problems limit the eventual utility of the results. First, there is no standard collection of facts against which results can be measured. As we show in this paper, WordNet (Fellbaum, 1998) , the most obvious contender because of its size and popularity, is deficient in various ways: it is neither complete nor is its taxonomic structure", "We present an algorithm that is more precise and complete than previous ones for identifying from web text just those concepts 'below' a given seed term. Comparing the results to WordNet, we find that the algorithm misses terms, but also that it learns many new terms not in WordNet, and that it classifies them in ways acceptable to humans but different from WordNet. Collecting Information with Care Over the past few years, many algorithms have been published on automatically harvesting terms and their conceptual types from the web and/or other large corpora (Etzioni et al., 2005; Pasca, 2007; Banko et al., 2007; Yi and Niblack, 2005; Snow et al., 2005) . But several basic problems limit the eventual utility of the results. First, there is no standard collection of facts against which results can be measured. As we show in this paper, WordNet (Fellbaum, 1998) , the most obvious contender because of its size and popularity, is deficient in various ways: it is neither complete nor is its taxonomic structure", "We present an algorithm that is more precise and complete than previous ones for identifying from web text just those concepts 'below' a given seed term. Comparing the results to WordNet, we find that the algorithm misses terms, but also that it learns many new terms not in WordNet, and that it classifies them in ways acceptable to humans but different from WordNet. Collecting Information with Care Over the past few years, many algorithms have been published on automatically harvesting terms and their conceptual types from the web and/or other large corpora (Etzioni et al., 2005; Pasca, 2007; Banko et al., 2007; Yi and Niblack, 2005; Snow et al., 2005) . But several basic problems limit the eventual utility of the results. First, there is no standard collection of facts against which results can be measured. As we show in this paper, WordNet (Fellbaum, 1998) , the most obvious contender because of its size and popularity, is deficient in various ways: it is neither complete nor is its taxonomic structure", '2005; Kozareva et al., 2008) show that if the size of a corpus, such as the Web, is nearly unlimited, a pattern has a higher chance to explicitly appear in the corpus. However, corpus size is often not that large; hence the problem still exists. Moreover, since patterns usually extract instances in pairs, the approaches suffer from the problem of inconsistent concept chains after connecting pairs of instances to form taxonomy hierarchies. Clustering-based approaches have a main advantage that they are able to discover relations which do not explicitly appear in text. They also avoid the problem of inconsistent chains by addressing the structure of a taxonomy globally from the outset. Nevertheless, it is generally believed that clustering-based approaches cannot generate relations as accurate as pattern-based approaches. Moreover, their performance is largely influenced by the types of features used. The common types of features include contextual (Lin, 1998) , co-occurrence (Yang and Callan, 2008) , and', 'data. Clusters are used as the basis for class models of word coocurrence, and the models evaluated with respect to held-out test data. INTRODUCTION Methods for automatically classifying words according to their contexts of use have both scientific and practical interest. The scientific questions arise in connection to distributional views of linguistic (particularly lexical) structure and also in relation to the question of lexical acquisition both from psychological and computational learning perspectives. From the practical point of view, word classification addresses questions of data sparseness and generalization in statistical language models, particularly models for deciding among alternative analyses proposed by a grammar. It is well known that a simple tabulation of frequencies of certain words participating in certain configurations, for example of frequencies of pairs of a transitive main verb and the head noun of its direct object, cannot be reliably used for comparing the likelihoods of', 'data. Clusters are used as the basis for class models of word coocurrence, and the models evaluated with respect to held-out test data. INTRODUCTION Methods for automatically classifying words according to their contexts of use have both scientific and practical interest. The scientific questions arise in connection to distributional views of linguistic (particularly lexical) structure and also in relation to the question of lexical acquisition both from psychological and computational learning perspectives. From the practical point of view, word classification addresses questions of data sparseness and generalization in statistical language models, particularly models for deciding among alternative analyses proposed by a grammar. It is well known that a simple tabulation of frequencies of certain words participating in certain configurations, for example of frequencies of pairs of a transitive main verb and the head noun of its direct object, cannot be reliably used for comparing the likelihoods of', '(i) frequent, (ii) precise, and (iii) easy to recognize. Patterns similar to our attribute pattern were used by Berland and Charniak (1999) and Poesio et al (2002) to find object parts only; after collecting their data, Berland and Charniak filtered out words ending with "ness", "ing", and "ity", because these express qualities of objects, and used a ranking method to rank the remaining words. (An accuracy of 55% for the top 50 proposed parts was reported.) We found that these patterns can be used to collect other sorts of \'attributes\', as well. Web Data Collection through Google In recent years there has been growing evidence that using the Web as a corpus greatly reduces the problem of data sparseness, and its size more than compensates the lack of balance (e.g., (Keller and Lapata, 2003) ). The benefits from using the Web over even large corpora like the BNC for extracting semantic relations, particularly when using simple text patterns, were informally pointed out in (Poesio, 2003) and demonstrated more', '2002; Thelen and Riloff, 2002) . The work most closely related to ours is that of (Hearst, 1992) who introduced the idea of applying hyponym patterns to text, which explicitly identify a hyponym relation between two terms (e.g., "such authors as <X>"). In recent years, several researchers have followed up on this idea using the web as a corpus. (Pasca, 2004) applies lexicosyntactic hyponym patterns to the Web and use the contexts around them for learning. KnowItAll (Etzioni et al., 2005) applies the hyponym patterns to extract instances from the Web and ranks them by relevance using mutual information. (Kozareva et al., 2008) introduced a bootstrapping scheme using the doubly-anchored pattern (DAP) that is guided through graph ranking. This approach reported a significant improvement from 5% to 18% over approaches using singly-anchored patterns like those of (Pasca, 2004) and (Etzioni et al., 2005) . (Snow et al., 2005) describe a dependency path based approach that generates a large number of weak hypernym', '2002; Thelen and Riloff, 2002) . The work most closely related to ours is that of (Hearst, 1992) who introduced the idea of applying hyponym patterns to text, which explicitly identify a hyponym relation between two terms (e.g., "such authors as <X>"). In recent years, several researchers have followed up on this idea using the web as a corpus. (Pasca, 2004) applies lexicosyntactic hyponym patterns to the Web and use the contexts around them for learning. KnowItAll (Etzioni et al., 2005) applies the hyponym patterns to extract instances from the Web and ranks them by relevance using mutual information. (Kozareva et al., 2008) introduced a bootstrapping scheme using the doubly-anchored pattern (DAP) that is guided through graph ranking. This approach reported a significant improvement from 5% to 18% over approaches using singly-anchored patterns like those of (Pasca, 2004) and (Etzioni et al., 2005) . (Snow et al., 2005) describe a dependency path based approach that generates a large number of weak hypernym', '2002; Thelen and Riloff, 2002) . The work most closely related to ours is that of (Hearst, 1992) who introduced the idea of applying hyponym patterns to text, which explicitly identify a hyponym relation between two terms (e.g., "such authors as <X>"). In recent years, several researchers have followed up on this idea using the web as a corpus. (Pasca, 2004) applies lexicosyntactic hyponym patterns to the Web and use the contexts around them for learning. KnowItAll (Etzioni et al., 2005) applies the hyponym patterns to extract instances from the Web and ranks them by relevance using mutual information. (Kozareva et al., 2008) introduced a bootstrapping scheme using the doubly-anchored pattern (DAP) that is guided through graph ranking. This approach reported a significant improvement from 5% to 18% over approaches using singly-anchored patterns like those of (Pasca, 2004) and (Etzioni et al., 2005) . (Snow et al., 2005) describe a dependency path based approach that generates a large number of weak hypernym', 'while too fine-grained a class will offer little generalization and apply in only extremely few cases. The absence of an attested high-quality set of semantic classes for this task makes discovering preferences difficult. Since many of the criteria for developing such a set are not even known, we decided to experiment with two very different sets of semantic classes, in the hope that in addition to learning semantic preferences, we might also uncover some clues for the eventual decisions about what makes good semantic classes in general. Our first set of semantic classes was directly extracted from the output of the CBC clustering algorithm (Pantel and Lin 2002) . We applied CBC to the TREC-9 and TREC-2002 (Aquaint) newswire collections consisting of over 600 million words. CBC generated 1628 noun concepts and these were used as our semantic classes for SPs. Secondly, we extracted semantic classes from WordNet 2.1 (Fellbaum 1998 ). In the absence of any externally motivated distinguishing features (for', 'while too fine-grained a class will offer little generalization and apply in only extremely few cases. The absence of an attested high-quality set of semantic classes for this task makes discovering preferences difficult. Since many of the criteria for developing such a set are not even known, we decided to experiment with two very different sets of semantic classes, in the hope that in addition to learning semantic preferences, we might also uncover some clues for the eventual decisions about what makes good semantic classes in general. Our first set of semantic classes was directly extracted from the output of the CBC clustering algorithm (Pantel and Lin 2002) . We applied CBC to the TREC-9 and TREC-2002 (Aquaint) newswire collections consisting of over 600 million words. CBC generated 1628 noun concepts and these were used as our semantic classes for SPs. Secondly, we extracted semantic classes from WordNet 2.1 (Fellbaum 1998 ). In the absence of any externally motivated distinguishing features (for', 'acquiring named entities in arbitrary categories using lexico-syntactic extraction patterns. Etzioni et al (Etzioni et al., 2005) presented the KnowItAll system that also utilizes hyponym patterns to extract class instances from the Web. All the systems mentioned rely on either a English part-of-speech tagger, a parser, or both, and hence are language-dependent. Kozareva et al (Kozareva et al., 2008 ) illustrated an approach that uses a single hyponym pattern combined with graph structures to learn semantic class from the Web. Section 5.1 shows that our approach is competitive experimentally; however, their system requires more information, as it uses the name of the semantic set and a seed instance. Pasca (Pas ¸ca, 2007b; Pas ¸ca, 2007a ) illustrated a set expansion approach that extracts instances from Web search queries given a set of input seed instances. This approach is similar in flavor to SEAL but, addresses a different task from that addressed here: for ASIA the user provides no seeds, but instead', 'usually represent word contexts as vectors and cluster words based on similarities of the vectors (Brown et al., 1992; Lin, 1998) . Besides contextual features, the vectors can also be represented by verb-noun relations (Pereira et al., 1993) , syntactic dependency (Pantel and Ravichandran, 2004; Snow et al., 2005) , co-occurrence (Yang and Callan, 2008) , conjunction and appositive features (Caraballo, 1999) . More work is described in (Buitelaar et al., 2005; Cimiano and Volker, 2005) . Clustering-based approaches allow discovery of relations which do not explicitly appear in text. Pantel and Pennacchiotti (2006) , however, pointed out that clustering-based approaches generally fail to produce coherent cluster for small corpora. In addition, clustering-based approaches had only applied to solve is-a and sibling relations. Many clustering-based approaches face the challenge of appropriately labeling non-leaf clusters. The labeling amplifies the difficulty in creation and evaluation of taxonomies.', 'the less ambiguous classes by eliminating any class not appearing as a descendant of physical entity, social group, physical condition, or event in WordNet. Beyond this filtering we make no use of a type hierarchy and treat classes independently. In our corpus, we identify 1.1 million distinct, cleaned (instance, class) pairs for 156 classes. Discovering Relations between Classes Next, SHERLOCK discovers how classes relate to and interact with each other. Prior work in relation discovery (Shinyama and Sekine, 2006) has investigated the problem of finding relationships between different classes. However, the goal of this work is to learn rules on top of the discovered typed relations. We use a few simple heuristics to automatically identify interesting relations. For every pair of classes (C 1 , C 2 ), we find a set of typed, candidate relations from the 100 most frequent relations in the corpus where the first argument is an instance of C 1 and the second argument is an instance of C 2 . For extraction terms', '(e.g., (Keller and Lapata, 2003) ). The benefits from using the Web over even large corpora like the BNC for extracting semantic relations, particularly when using simple text patterns, were informally pointed out in (Poesio, 2003) and demonstrated more systematically by Markert et al (submitted) . These findings were confirmed by our experiments. A comparison of numbers of instances of some patterns using the Web and the BNC is shown in Table 1 . Pattern Web BNC "the * of the *" 23,100,000 208,155 "the * of the * is" 10,900,000 3,627 "the * of the car is" 26,400 5 Attribute "the * of the hat is" 2,770 1 "the fast * is" 38,100 3 "an electronic * is" 120,000 5 "the * car is" 84,500 24 Value "the * hat is" 17,100 1 Table 1 : Comparison of frequencies of some patterns in BNC and the Web. Web frequency is based on Google counts We collect our data from the Web using the Google search engine, accessed via the freely available Google Web API 1 . The API only allows to retrieve the first 1,000 results per search', 'Hovy, 2002) , synonyms and antonyms (Lin et al., 2003) , general purpose analogy (Turney et al., 2003) , verb relations (including similarity, strength, antonym, enablement and temporal) (Chklovski and Pantel, 2004) , entailment (Szpektor et al., 2004) , and more specific relations, such as purpose, creation (Cimiano and Wenderoth, 2007) , LivesIn, and EmployedBy (Bunescu and Mooney , 2007) . The most commonly used technique in pattern-based approaches is bootstrapping (Hearst, 1992; Etzioni et al., 2005; Girju et al., 2003; Ravichandran and Hovy, 2002; Pantel and Pennacchiotti, 2006) . It utilizes a few man-crafted seed patterns to extract instances from corpora, then extracts new patterns using these instances, and continues the cycle to find new instances and new patterns. It is effective and scalable to large datasets; however, uncontrolled bootstrapping soon generates undesired instances once a noisy pattern brought into the cycle. To aid bootstrapping, methods of pattern quality control are widely', 'corpus feasible. Another task related to our work is relation extraction. Its aim is to extract instances of a given relation. Hearst (1992) the pioneering paper in the field used a small number of hand selected patterns to extract instances of hyponymy relation. Berland and Charniak (1999) used a similar method for extracting instances of meronymy relation. Ravichandran and Hovy (2002) used seed instances of a relation to automatically obtain surface patterns by querying the web. But their method often finds patterns that are too general (e.g., X and Y), resulting in low precision extractions. Rosenfeld and Feldman (2006) present a somewhat similar web based method that uses a combination of seed instances and seed patterns to learn good quality surface patterns. Both these methods differ from ours in that they learn relation patterns on the fly (from the web). Our method however, pre-computes paraphrases for a large set of surface patterns using distributional similarity over a large corpus and then', 'classifiers tend to be biased toward that text domain. An alternative approach, purely unsupervised information extraction, extracts strings of words between entities in large amounts of text, and clusters and simplifies these word strings to produce relation-strings (Shinyama and Sekine, 2006; Banko et al., 2007) . Unsupervised approaches can use very large amounts of data and extract very large numbers of relations, but the resulting relations may not be easy to map to relations needed for a particular knowledge base. A third approach has been to use a very small number of seed instances or patterns to do bootstrap learning (Brin, 1998; Riloff and Jones, 1999; Agichtein and Gravano, 2000; Ravichandran and Hovy, 2002; Etzioni et al., 2005; Pennacchiotti and Pantel, 2006; Bunescu and Mooney, 2007; Rozenfeld and Feldman, 2008) . These seeds are used with a large corpus to extract a new set of patterns, which are used to extract more instances, which are used to extract more patterns, in an iterative fashion.', 'classifiers tend to be biased toward that text domain. An alternative approach, purely unsupervised information extraction, extracts strings of words between entities in large amounts of text, and clusters and simplifies these word strings to produce relation-strings (Shinyama and Sekine, 2006; Banko et al., 2007) . Unsupervised approaches can use very large amounts of data and extract very large numbers of relations, but the resulting relations may not be easy to map to relations needed for a particular knowledge base. A third approach has been to use a very small number of seed instances or patterns to do bootstrap learning (Brin, 1998; Riloff and Jones, 1999; Agichtein and Gravano, 2000; Ravichandran and Hovy, 2002; Etzioni et al., 2005; Pennacchiotti and Pantel, 2006; Bunescu and Mooney, 2007; Rozenfeld and Feldman, 2008) . These seeds are used with a large corpus to extract a new set of patterns, which are used to extract more instances, which are used to extract more patterns, in an iterative fashion.', 'or derived automatically. Manual collections of semantic classes include the hierarchies of WordNet (Fellbaum 1998) , Levin verb classes (Levin 1993), and FrameNet (Baker et al. 1998) . Automatic derivation of semantic classes can take a variety of approaches, but often uses corpus methods and the Distributional Hypothesis (Harris 1964) to automatically cluster similar entities into classes, e.g. CBC (Pantel and Lin 2002) . In this paper, we experiment with two sets of semantic classes, one from WordNet and one from CBC. Another thread related to our work includes extracting from text corpora paraphrases (Barzilay and McKeown 2001) and inference rules, e.g. TEASE 1 (Szpektor et al. 2004 ) and DIRT (Lin and Pantel 2001) . While these systems differ in their approaches, neither provides for the extracted in-ference rules to hold or fail based on SPs. Zanzotto et al. (2006) recently explored a different interplay between SPs and inferences. Rather than examine the role of SPs in inferences, they use SPs of a', 'or derived automatically. Manual collections of semantic classes include the hierarchies of WordNet (Fellbaum 1998) , Levin verb classes (Levin 1993), and FrameNet (Baker et al. 1998) . Automatic derivation of semantic classes can take a variety of approaches, but often uses corpus methods and the Distributional Hypothesis (Harris 1964) to automatically cluster similar entities into classes, e.g. CBC (Pantel and Lin 2002) . In this paper, we experiment with two sets of semantic classes, one from WordNet and one from CBC. Another thread related to our work includes extracting from text corpora paraphrases (Barzilay and McKeown 2001) and inference rules, e.g. TEASE 1 (Szpektor et al. 2004 ) and DIRT (Lin and Pantel 2001) . While these systems differ in their approaches, neither provides for the extracted in-ference rules to hold or fail based on SPs. Zanzotto et al. (2006) recently explored a different interplay between SPs and inferences. Rather than examine the role of SPs in inferences, they use SPs of a', "For every pair of classes (C 1 , C 2 ), we find a set of typed, candidate relations from the 100 most frequent relations in the corpus where the first argument is an instance of C 1 and the second argument is an instance of C 2 . For extraction terms with multiple senses (e.g., New York), we split their weight based on how frequently they appear with each class in the Hearst patterns. However, many discovered relations are rare and meaningless, arising from either an extraction error or word-sense ambiguity. For example, the extraction 'Apple is based in Cupertino' gives some evidence that a fruit may possibly be based in a city. We attempt to filter out incorrectly-typed relations using two heuristics. We first discard any relation whose weighted frequency falls below a threshold, since rare relations are more likely to arise due to extraction errors or word-sense ambiguity. We also remove relations whose pointwise mutual information (PMI) is below a threshold T =exp(2) ≈ 7.4: P M I(R(C 1 , C 2 )) = p(R, C", 'are fewer examples of the patterns to be learned, making the learning task more challenging. Providing the learning algorithm with access to additional knowledge can compensate for the limited number of annotated examples. This paper presents a novel weakly supervised algorithm for IE pattern induction which makes use of the WordNet ontology (Fellbaum, 1998) . Extraction patterns are potentially useful for many language processing tasks, including question answering and the identification of lexical relations (such as meronomy and hyponymy). In addition, IE patterns encode the different ways in which a piece of information can be expressed in text. For example, "Acme Inc. fired Jones", "Acme Inc. let Jones go", and "Jones was given notice by his employers, Acme Inc." are all ways of expressing the same fact. Consequently the generation of extraction patterns is pertinent to paraphrase identification which is central to many language processing problems. We begin by describing the general process of pattern', 'approach represents word contexts as vectors in some space and uses similarity measures and automatic clustering in that space (Deerwester et al., 1990) . Pereira et al.(1993) , Curran and Moens (2002) and Lin (1998) use syntactic features in the vector definition. Pantel and Lin (2002) improves on the latter by clustering by committee. Caraballo (1999) uses conjunction and appositive annotations in the vector representation. While great effort has been made for improving the computational complexity of these methods (Gorman and Curran, 2006) , they still remain data and computation intensive. The second major algorithmic approach is to use lexico-syntactic patterns. Patterns have been shown to produce more accurate results than feature vectors, at a lower computational cost on large corpora (Pantel et al., 2004) . In concept acquisition, pattern-based methods were shown to outperform LSA by a large margin (Widdows and Dorow, 2002) . Since (Hearst, 1992) , who used a manually prepared set of initial lexical', "faster than the laborious evaluation of terms on held-out data. We also experimented with rich lexical representations obtained in an unsupervised way from word co-occurrences in raw WSJ text (Zavrel & Veenstra, 1995; Schiitze, 1994) . We call these representations Lexical Space vectors. Each word has a numeric 25 dimensional vector representation. Using these vectors, in combination with the IG weights mentioned above and a cosine metric, we got even slightly better results. Because the cosine metric fails to group the patterns into discrete schemata, it is necessary to use a larger number of neighbors (k = 50). The result in Table 2 is obtained using Dudani's weighted voting method. Note that to devise a back-off scheme on the basis of these high-dimensional representations (each pattern has 4 x 25 features) one would need to consider up to 2 l°° smoothing terms. The MBL framework is a convenient way to further experiment with even more complex conditioning events, e.g. with semantic labels added as", 'by this score and the top five are dynamically added to the seed word list. This bootstrapping process dynamically grows the seed word list so that each iteration produces a larger category context. After several iterations, the final list of ranked words usually contains many words that belong to the category, especially near the top. The ranked list is presented to a user, who scans down the list and removes any words that do not belong to the category. For more details of this algorithm, see (Riloff and Shepherd, 1997) . A flowchart for the case frame generation process appears in Figure 2 . AutoSlog-TS produces a ranked list of extraction patterns and our semantic lexicon generator produces a ranked list of words for each category. Generating these lists is fully automatic, but a human must review them to decide which extraction patterns and category words to keep. This is the only part of the process that involves human interaction. ~Other methods could be used to generate these items, including the use', 'Acme Inc." are all ways of expressing the same fact. Consequently the generation of extraction patterns is pertinent to paraphrase identification which is central to many language processing problems. We begin by describing the general process of pattern induction and an existing approach, based on the distribution of patterns in a corpus (Section 2). We then introduce a new algorithm which makes use of WordNet to generalise extraction patterns (Section 3) and describe an implementation (Section 4). Two evaluation regimes are described; one based on the identification of relevant documents and another which aims to identify sentences in a corpus which are relevant for a particular IE task (Section 5). Results on each of these evaluation regimes are then presented (Sections 6 and 7). Extraction Pattern Learning We begin by outlining the general process of learning extraction patterns, similar to one presented by (Yangarber, 2003) . 1. For a given IE scenario we assume the existence of a set of documents', 'process is not particularly time-consuming since the number of named entity types with which a corpus is annotated is usually quite small. For example, in the experiments described in this paper just seven semantic classes were sufficient to annotate the corpus. Learning Algorithm This pattern similarity measure can be used to create a weakly supervised approach to pattern acquisition following the general outline provided in Section 2. Each candidate pattern is compared against the set of currently accepted patterns using the measure described in Section 3.1. We experimented with several techniques for ranking candidate patterns based on these scores, including using the best and average score, and found that the best results were obtained when each candidate pattern was ranked according to its score when compared against the centroid vector of the set of currently accepted patterns. We also experimented with several schemes for deciding which of the scored patterns to accept (a full description would be', "Many algorithms extract terms from text together with some kind of taxonomic classification (is-a) link. However, the general approaches used today, and specifically the methods of evaluating results, exhibit serious shortcomings. Harvesting without focusing on a specific conceptual area may deliver large numbers of terms, but they are scattered over an immense concept space, making Recall judgments impossible. Regarding Precision, simply judging the correctness of terms and their individual classification links may provide high scores, but this doesn't help with the eventual assembly of terms into a single coherent taxonomy. Furthermore, since there is no correct and complete gold standard to measure against, most work invents some ad hoc evaluation measure. We present an algorithm that is more precise and complete than previous ones for identifying from web text just those concepts 'below' a given seed term. Comparing the results to WordNet, we find that the algorithm misses terms, but also that it learns", "Many algorithms extract terms from text together with some kind of taxonomic classification (is-a) link. However, the general approaches used today, and specifically the methods of evaluating results, exhibit serious shortcomings. Harvesting without focusing on a specific conceptual area may deliver large numbers of terms, but they are scattered over an immense concept space, making Recall judgments impossible. Regarding Precision, simply judging the correctness of terms and their individual classification links may provide high scores, but this doesn't help with the eventual assembly of terms into a single coherent taxonomy. Furthermore, since there is no correct and complete gold standard to measure against, most work invents some ad hoc evaluation measure. We present an algorithm that is more precise and complete than previous ones for identifying from web text just those concepts 'below' a given seed term. Comparing the results to WordNet, we find that the algorithm misses terms, but also that it learns", "Many algorithms extract terms from text together with some kind of taxonomic classification (is-a) link. However, the general approaches used today, and specifically the methods of evaluating results, exhibit serious shortcomings. Harvesting without focusing on a specific conceptual area may deliver large numbers of terms, but they are scattered over an immense concept space, making Recall judgments impossible. Regarding Precision, simply judging the correctness of terms and their individual classification links may provide high scores, but this doesn't help with the eventual assembly of terms into a single coherent taxonomy. Furthermore, since there is no correct and complete gold standard to measure against, most work invents some ad hoc evaluation measure. We present an algorithm that is more precise and complete than previous ones for identifying from web text just those concepts 'below' a given seed term. Comparing the results to WordNet, we find that the algorithm misses terms, but also that it learns", 'at different granularities according to the supervised data. This technique has also been used with Brown clustering (Miller et. al. 2004 , Koo, et. al. 2008) . However, they require clusters to be strictly hierarchical, whereas we do not. Conclusions We presented a simple and scalable algorithm to cluster tens of millions of phrases and we used the resulting clusters as features in discriminative classifiers. We demonstrated the power and generality of this approach on two very different applications: named entity recognition and query classification. Our system achieved the best current result on the CoNLL NER data set. Our query categorization system is on par with the best system in KDDCUP 2005, which, unlike ours, involved a great deal of knowledge engineering effort. Acknowledgments The authors wish to thank the anonymous reviewers for their comments.', "from free text (i.e., web snippets) using the methods presented in Hearst's early work (Hearst, 1992) . Hearst exploited several patterns for identifying hyponymy relation (e.g., such author as Shakespeare) that many current state-ofthe-art systems (Kozareva et al., 2008; Pantel and Ravichandran, 2004; Etzioni et al., 2005; Pasca, 2004) are using. However, unlike all of those systems, ASIA does not use any NLP tool (e.g., partsof-speech tagger, parser) or rely on capitalization for extracting candidates (since we wanted ASIA to be as language-independent as possible). This leads to sets of instances that are noisy; however, we will show that set expansion and re-ranking can improve the initial sets dramatically. Below, we will refer to the initial set of noisy instances extracted by the Provider as the initial set. In more detail, the Provider first constructs a few queries of hyponym phrase by using a semantic class name and a set of pre-defined hyponym patterns. For every query, the Provider retrieves a", 'tend to be more topical, whereas smaller windows result in categorical clusters. For example, Table 1 contains the cluster that the phrase "English lessons" belongs to. With 3word context windows, the cluster is about language learning and translation. With 1-word context windows, the cluster contains different types of lessons. The ability to produce both kinds of clusters turns out to be very useful. In different applications we need different types of clusters. For example, in the named entity recognition task, categorical clusters are more successful, whereas in query categorization, the topical clusters are much more beneficial. The Brown algorithm uses essentially the same information as our 1-word window clusters. We therefore expect it to produce mostly categorical clusters. Soft clustering Although K-Means is generally described as a hard clustering algorithm (each element belongs to at most one cluster), it can produce soft clustering simply by assigning an element to all clusters whose similarity', "We then cleaned them using word stemming, normalization, and by dropping modifiers. Unfortunately, the patterns make systematic errors (e.g., extracting Canada as the name of a city from the phrase 'Toronto, Canada and other cities.') To address this issue, we discard the low frequency classes of each instance. This heuristic reduces the noise due to systematic error while still capturing the important senses of each word. Additionally, we use the extraction frequency to estimate the probability that a particular mention of an instance refers to each of its potential classes (e.g., New York appears as a city 40% of the time, a state 35% of the time, and a place, area, or center the rest of the time). Ambiguity presents a significant obstacle when learning inference rules. For example, the corpus contains the sentences 'broccoli contains this vitamin' and 'this vitamin prevents scurvy,' but it is unclear if the sentences refer to the same vitamin.'
Done reranking query 317. Elapsed time since start: 4757.24 seconds.
Done reranking query 318. Elapsed time since start: 4763.70 seconds.
Done reranking query 319. Elapsed time since start: 4773.73 seconds.
Done reranking query 320. Elapsed time since start: 4789.67 seconds.
Done reranking query 321. Elapsed time since start: 4797.54 seconds.
Done reranking query 322. Elapsed time since start: 4820.14 seconds.
Done reranking query 323. Elapsed time since start: 4829.50 seconds.
Done reranking query 324. Elapsed time since start: 4835.76 seconds.
Done reranking query 325. Elapsed time since start: 4850.07 seconds.
Done reranking query 326. Elapsed time since start: 4865.03 seconds.
Done reranking query 327. Elapsed time since start: 4872.79 seconds.
Done reranking query 328. Elapsed time since start: 4883.94 seconds.
Done reranking query 329. Elapsed time since start: 4913.21 seconds.
Done reranking query 330. Elapsed time since start: 4920.79 seconds.
Saved 330 reranked responses to Gemini_text-reranked-100-indices.json
Saved 330 reranked responses to Gemini_structured-reranked-100-indices.json
Done reranking query 331. Elapsed time since start: 4928.63 seconds.
Done reranking query 332. Elapsed time since start: 4960.15 seconds.
Done reranking query 333. Elapsed time since start: 4967.63 seconds.
Done reranking query 334. Elapsed time since start: 4975.78 seconds.
Done reranking query 335. Elapsed time since start: 4982.73 seconds.
Done reranking query 336. Elapsed time since start: 4988.96 seconds.
Done reranking query 337. Elapsed time since start: 5015.42 seconds.
Done reranking query 338. Elapsed time since start: 5023.61 seconds.
Done reranking query 339. Elapsed time since start: 5032.39 seconds.
Done reranking query 340. Elapsed time since start: 5054.78 seconds.
Done reranking query 341. Elapsed time since start: 5071.10 seconds.
Done reranking query 342. Elapsed time since start: 5092.95 seconds.
Done reranking query 343. Elapsed time since start: 5100.02 seconds.
Done reranking query 344. Elapsed time since start: 5125.48 seconds.
Done reranking query 345. Elapsed time since start: 5133.63 seconds.
Saved 345 reranked responses to Gemini_text-reranked-100-indices.json
Saved 345 reranked responses to Gemini_structured-reranked-100-indices.json
Done reranking query 346. Elapsed time since start: 5152.70 seconds.
Done reranking query 347. Elapsed time since start: 5176.09 seconds.
Done reranking query 348. Elapsed time since start: 5184.15 seconds.
Done reranking query 349. Elapsed time since start: 5191.31 seconds.
Done reranking query 350. Elapsed time since start: 5207.27 seconds.
Done reranking query 351. Elapsed time since start: 5223.85 seconds.
Done reranking query 352. Elapsed time since start: 5229.82 seconds.
Done reranking query 353. Elapsed time since start: 5239.20 seconds.
Done reranking query 354. Elapsed time since start: 5247.87 seconds.
Done reranking query 355. Elapsed time since start: 5254.28 seconds.
Done reranking query 356. Elapsed time since start: 5268.86 seconds.
Done reranking query 357. Elapsed time since start: 5284.26 seconds.
Done reranking query 358. Elapsed time since start: 5320.34 seconds.
Done reranking query 359. Elapsed time since start: 5343.17 seconds.
Done reranking query 360. Elapsed time since start: 5357.32 seconds.
Saved 360 reranked responses to Gemini_text-reranked-100-indices.json
Saved 360 reranked responses to Gemini_structured-reranked-100-indices.json
Done reranking query 361. Elapsed time since start: 5366.28 seconds.
Done reranking query 362. Elapsed time since start: 5372.86 seconds.
Done reranking query 363. Elapsed time since start: 5386.95 seconds.
Done reranking query 364. Elapsed time since start: 5397.13 seconds.
Done reranking query 365. Elapsed time since start: 5404.26 seconds.
Done reranking query 366. Elapsed time since start: 5416.80 seconds.
Done reranking query 367. Elapsed time since start: 5425.01 seconds.
Done reranking query 368. Elapsed time since start: 5442.13 seconds.
Done reranking query 369. Elapsed time since start: 5471.64 seconds.
Done reranking query 370. Elapsed time since start: 5479.42 seconds.
Done reranking query 371. Elapsed time since start: 5530.12 seconds.
An unexpected ServerError occurred: 500 INTERNAL. {'error': {'code': 500, 'message': 'An internal error has occurred. Please retry or report in https://developers.generativeai.google/guide/troubleshooting', 'status': 'INTERNAL'}}
Done reranking query 372. Elapsed time since start: 5533.36 seconds.
An unexpected ServerError occurred: 500 INTERNAL. {'error': {'code': 500, 'message': 'An internal error has occurred. Please retry or report in https://developers.generativeai.google/guide/troubleshooting', 'status': 'INTERNAL'}}
Done reranking query 373. Elapsed time since start: 5536.71 seconds.
An unexpected ServerError occurred: 500 INTERNAL. {'error': {'code': 500, 'message': 'An internal error has occurred. Please retry or report in https://developers.generativeai.google/guide/troubleshooting', 'status': 'INTERNAL'}}
Done reranking query 374. Elapsed time since start: 5539.95 seconds.
Done reranking query 375. Elapsed time since start: 5562.19 seconds.
Saved 375 reranked responses to Gemini_text-reranked-100-indices.json
Saved 375 reranked responses to Gemini_structured-reranked-100-indices.json
Done reranking query 376. Elapsed time since start: 5578.79 seconds.
Done reranking query 377. Elapsed time since start: 5585.67 seconds.
Done reranking query 378. Elapsed time since start: 5592.21 seconds.
An unexpected ServerError occurred: 500 INTERNAL. {'error': {'code': 500, 'message': 'An internal error has occurred. Please retry or report in https://developers.generativeai.google/guide/troubleshooting', 'status': 'INTERNAL'}}
Done reranking query 379. Elapsed time since start: 5595.41 seconds.
Done reranking query 380. Elapsed time since start: 5625.07 seconds.
Done reranking query 381. Elapsed time since start: 5634.48 seconds.
Done reranking query 382. Elapsed time since start: 5652.09 seconds.
Done reranking query 383. Elapsed time since start: 5660.49 seconds.
Done reranking query 384. Elapsed time since start: 5669.86 seconds.
Done reranking query 385. Elapsed time since start: 5678.87 seconds.
Done reranking query 386. Elapsed time since start: 5685.94 seconds.
Done reranking query 387. Elapsed time since start: 5708.98 seconds.
Done reranking query 388. Elapsed time since start: 5735.95 seconds.
Done reranking query 389. Elapsed time since start: 5748.82 seconds.
Done reranking query 390. Elapsed time since start: 5768.73 seconds.
Saved 390 reranked responses to Gemini_text-reranked-100-indices.json
Saved 390 reranked responses to Gemini_structured-reranked-100-indices.json
Done reranking query 391. Elapsed time since start: 5781.69 seconds.
Done reranking query 392. Elapsed time since start: 5800.77 seconds.
Done reranking query 393. Elapsed time since start: 5819.94 seconds.
Done reranking query 394. Elapsed time since start: 5833.55 seconds.
Error parsing or validating JSON: Expecting value: line 1 column 1 (char 0)
Failed to parse JSON. Raw response: '<output truncated>'
Done reranking query 395. Elapsed time since start: 5848.92 seconds.
Done reranking query 396. Elapsed time since start: 5861.48 seconds.
Done reranking query 397. Elapsed time since start: 5876.43 seconds.
Done reranking query 398. Elapsed time since start: 5898.98 seconds.
Done reranking query 399. Elapsed time since start: 5906.71 seconds.
Done reranking query 400. Elapsed time since start: 5916.01 seconds.
Done reranking query 401. Elapsed time since start: 5922.66 seconds.
Done reranking query 402. Elapsed time since start: 5933.33 seconds.
Done reranking query 403. Elapsed time since start: 5942.72 seconds.
Done reranking query 404. Elapsed time since start: 5949.68 seconds.
Done reranking query 405. Elapsed time since start: 5957.95 seconds.
Saved 405 reranked responses to Gemini_text-reranked-100-indices.json
Saved 405 reranked responses to Gemini_structured-reranked-100-indices.json
Done reranking query 406. Elapsed time since start: 5964.73 seconds.
Done reranking query 407. Elapsed time since start: 5971.24 seconds.
Done reranking query 408. Elapsed time since start: 5978.04 seconds.
Done reranking query 409. Elapsed time since start: 5985.87 seconds.
Done reranking query 410. Elapsed time since start: 5993.11 seconds.
Done reranking query 411. Elapsed time since start: 6001.04 seconds.
Done reranking query 412. Elapsed time since start: 6017.05 seconds.
Done reranking query 413. Elapsed time since start: 6025.69 seconds.
Done reranking query 414. Elapsed time since start: 6035.25 seconds.
Done reranking query 415. Elapsed time since start: 6050.25 seconds.
Done reranking query 416. Elapsed time since start: 6076.10 seconds.
Done reranking query 417. Elapsed time since start: 6085.51 seconds.
Done reranking query 418. Elapsed time since start: 6093.18 seconds.
Done reranking query 419. Elapsed time since start: 6109.06 seconds.
Done reranking query 420. Elapsed time since start: 6128.53 seconds.
Saved 420 reranked responses to Gemini_text-reranked-100-indices.json
Saved 420 reranked responses to Gemini_structured-reranked-100-indices.json
Done reranking query 421. Elapsed time since start: 6135.88 seconds.
Done reranking query 422. Elapsed time since start: 6145.30 seconds.
Done reranking query 423. Elapsed time since start: 6158.41 seconds.
Done reranking query 424. Elapsed time since start: 6165.88 seconds.
Done reranking query 425. Elapsed time since start: 6179.43 seconds.
Done reranking query 426. Elapsed time since start: 6204.80 seconds.
Done reranking query 427. Elapsed time since start: 6225.38 seconds.
Done reranking query 428. Elapsed time since start: 6233.59 seconds.
Done reranking query 429. Elapsed time since start: 6247.24 seconds.
Done reranking query 430. Elapsed time since start: 6254.10 seconds.
Done reranking query 431. Elapsed time since start: 6276.17 seconds.
Done reranking query 432. Elapsed time since start: 6283.18 seconds.
Done reranking query 433. Elapsed time since start: 6290.01 seconds.
Done reranking query 434. Elapsed time since start: 6298.17 seconds.
Done reranking query 435. Elapsed time since start: 6308.84 seconds.
Saved 435 reranked responses to Gemini_text-reranked-100-indices.json
Saved 435 reranked responses to Gemini_structured-reranked-100-indices.json
Done reranking query 436. Elapsed time since start: 6358.55 seconds.
Done reranking query 437. Elapsed time since start: 6373.00 seconds.
Done reranking query 438. Elapsed time since start: 6381.21 seconds.
Done reranking query 439. Elapsed time since start: 6396.77 seconds.
Done reranking query 440. Elapsed time since start: 6416.12 seconds.
Done reranking query 441. Elapsed time since start: 6423.22 seconds.
Done reranking query 442. Elapsed time since start: 6432.68 seconds.
Done reranking query 443. Elapsed time since start: 6442.71 seconds.
An unexpected ServerError occurred: 500 INTERNAL. {'error': {'code': 500, 'message': 'An internal error has occurred. Please retry or report in https://developers.generativeai.google/guide/troubleshooting', 'status': 'INTERNAL'}}
Done reranking query 444. Elapsed time since start: 6445.90 seconds.
An unexpected ServerError occurred: 500 INTERNAL. {'error': {'code': 500, 'message': 'An internal error has occurred. Please retry or report in https://developers.generativeai.google/guide/troubleshooting', 'status': 'INTERNAL'}}
Done reranking query 445. Elapsed time since start: 6449.12 seconds.
Done reranking query 446. Elapsed time since start: 6458.40 seconds.
Done reranking query 447. Elapsed time since start: 6473.71 seconds.
Done reranking query 448. Elapsed time since start: 6492.11 seconds.
Done reranking query 449. Elapsed time since start: 6509.35 seconds.
Done reranking query 450. Elapsed time since start: 6528.63 seconds.
Saved 450 reranked responses to Gemini_text-reranked-100-indices.json
Saved 450 reranked responses to Gemini_structured-reranked-100-indices.json
Done reranking query 451. Elapsed time since start: 6549.56 seconds.
An unexpected ServerError occurred: 500 INTERNAL. {'error': {'code': 500, 'message': 'An internal error has occurred. Please retry or report in https://developers.generativeai.google/guide/troubleshooting', 'status': 'INTERNAL'}}
Done reranking query 452. Elapsed time since start: 6552.88 seconds.
An unexpected ServerError occurred: 500 INTERNAL. {'error': {'code': 500, 'message': 'An internal error has occurred. Please retry or report in https://developers.generativeai.google/guide/troubleshooting', 'status': 'INTERNAL'}}
Done reranking query 453. Elapsed time since start: 6556.20 seconds.
Done reranking query 454. Elapsed time since start: 6574.60 seconds.
Done reranking query 455. Elapsed time since start: 6589.47 seconds.
Done reranking query 456. Elapsed time since start: 6623.78 seconds.
Done reranking query 457. Elapsed time since start: 6631.51 seconds.
Done reranking query 458. Elapsed time since start: 6638.35 seconds.
An unexpected ServerError occurred: 500 INTERNAL. {'error': {'code': 500, 'message': 'An internal error has occurred. Please retry or report in https://developers.generativeai.google/guide/troubleshooting', 'status': 'INTERNAL'}}
Done reranking query 459. Elapsed time since start: 6645.94 seconds.
Done reranking query 460. Elapsed time since start: 6653.59 seconds.
Done reranking query 461. Elapsed time since start: 6670.43 seconds.
Done reranking query 462. Elapsed time since start: 6684.32 seconds.
Done reranking query 463. Elapsed time since start: 6694.92 seconds.
Done reranking query 464. Elapsed time since start: 6706.97 seconds.
Done reranking query 465. Elapsed time since start: 6715.27 seconds.
Saved 465 reranked responses to Gemini_text-reranked-100-indices.json
Saved 465 reranked responses to Gemini_structured-reranked-100-indices.json
Done reranking query 466. Elapsed time since start: 6731.55 seconds.
Done reranking query 467. Elapsed time since start: 6743.75 seconds.
An unexpected ServerError occurred: 500 INTERNAL. {'error': {'code': 500, 'message': 'An internal error has occurred. Please retry or report in https://developers.generativeai.google/guide/troubleshooting', 'status': 'INTERNAL'}}
Done reranking query 468. Elapsed time since start: 6746.96 seconds.
Done reranking query 469. Elapsed time since start: 6788.03 seconds.
Done reranking query 470. Elapsed time since start: 6795.54 seconds.
Done reranking query 471. Elapsed time since start: 6802.54 seconds.
Done reranking query 472. Elapsed time since start: 6815.03 seconds.
Done reranking query 473. Elapsed time since start: 6830.28 seconds.
Done reranking query 474. Elapsed time since start: 6837.04 seconds.
Done reranking query 475. Elapsed time since start: 6878.31 seconds.
Done reranking query 476. Elapsed time since start: 6932.52 seconds.
Done reranking query 477. Elapsed time since start: 6944.17 seconds.
Done reranking query 478. Elapsed time since start: 6952.23 seconds.
Done reranking query 479. Elapsed time since start: 6959.06 seconds.
Done reranking query 480. Elapsed time since start: 6969.26 seconds.
Saved 480 reranked responses to Gemini_text-reranked-100-indices.json
Saved 480 reranked responses to Gemini_structured-reranked-100-indices.json
Done reranking query 481. Elapsed time since start: 6995.35 seconds.
Done reranking query 482. Elapsed time since start: 7011.43 seconds.
Done reranking query 483. Elapsed time since start: 7024.13 seconds.
Done reranking query 484. Elapsed time since start: 7060.55 seconds.
Done reranking query 485. Elapsed time since start: 7076.12 seconds.
Done reranking query 486. Elapsed time since start: 7092.26 seconds.
Done reranking query 487. Elapsed time since start: 7099.74 seconds.
Done reranking query 488. Elapsed time since start: 7110.81 seconds.
Done reranking query 489. Elapsed time since start: 7119.18 seconds.
Done reranking query 490. Elapsed time since start: 7125.89 seconds.
Done reranking query 491. Elapsed time since start: 7132.56 seconds.
Done reranking query 492. Elapsed time since start: 7140.24 seconds.
Done reranking query 493. Elapsed time since start: 7148.74 seconds.
Done reranking query 494. Elapsed time since start: 7157.55 seconds.
Done reranking query 495. Elapsed time since start: 7174.41 seconds.
Saved 495 reranked responses to Gemini_text-reranked-100-indices.json
Saved 495 reranked responses to Gemini_structured-reranked-100-indices.json
Done reranking query 496. Elapsed time since start: 7189.44 seconds.
Done reranking query 497. Elapsed time since start: 7197.08 seconds.
Done reranking query 498. Elapsed time since start: 7203.60 seconds.
Done reranking query 499. Elapsed time since start: 7228.95 seconds.
Done reranking query 500. Elapsed time since start: 7236.78 seconds.
Done reranking query 501. Elapsed time since start: 7257.86 seconds.
Done reranking query 502. Elapsed time since start: 7265.32 seconds.
Done reranking query 503. Elapsed time since start: 7286.49 seconds.
Done reranking query 504. Elapsed time since start: 7301.36 seconds.
Done reranking query 505. Elapsed time since start: 7331.38 seconds.
Done reranking query 506. Elapsed time since start: 7349.47 seconds.
Done reranking query 507. Elapsed time since start: 7357.46 seconds.
Done reranking query 508. Elapsed time since start: 7378.08 seconds.
Done reranking query 509. Elapsed time since start: 7395.26 seconds.
Done reranking query 510. Elapsed time since start: 7403.43 seconds.
Saved 510 reranked responses to Gemini_text-reranked-100-indices.json
Saved 510 reranked responses to Gemini_structured-reranked-100-indices.json
Done reranking query 511. Elapsed time since start: 7420.92 seconds.
Done reranking query 512. Elapsed time since start: 7429.23 seconds.
Done reranking query 513. Elapsed time since start: 7439.27 seconds.
Done reranking query 514. Elapsed time since start: 7450.50 seconds.
Done reranking query 515. Elapsed time since start: 7470.37 seconds.
Done reranking query 516. Elapsed time since start: 7479.68 seconds.
Done reranking query 517. Elapsed time since start: 7489.96 seconds.
Done reranking query 518. Elapsed time since start: 7497.18 seconds.
Done reranking query 519. Elapsed time since start: 7504.14 seconds.
Done reranking query 520. Elapsed time since start: 7511.23 seconds.
Done reranking query 521. Elapsed time since start: 7553.56 seconds.
Done reranking query 522. Elapsed time since start: 7563.36 seconds.
Done reranking query 523. Elapsed time since start: 7574.08 seconds.
Done reranking query 524. Elapsed time since start: 7627.06 seconds.
Done reranking query 525. Elapsed time since start: 7634.22 seconds.
Saved 525 reranked responses to Gemini_text-reranked-100-indices.json
Saved 525 reranked responses to Gemini_structured-reranked-100-indices.json
Done reranking query 526. Elapsed time since start: 7653.65 seconds.
Done reranking query 527. Elapsed time since start: 7661.36 seconds.
Done reranking query 528. Elapsed time since start: 7668.38 seconds.
Done reranking query 529. Elapsed time since start: 7686.35 seconds.
Done reranking query 530. Elapsed time since start: 7701.76 seconds.
Done reranking query 531. Elapsed time since start: 7726.54 seconds.
Done reranking query 532. Elapsed time since start: 7732.97 seconds.
Done reranking query 533. Elapsed time since start: 7748.88 seconds.
Done reranking query 534. Elapsed time since start: 7775.36 seconds.
Done reranking query 535. Elapsed time since start: 7792.80 seconds.
Done reranking query 536. Elapsed time since start: 7817.19 seconds.
Done reranking query 537. Elapsed time since start: 7841.77 seconds.
Done reranking query 538. Elapsed time since start: 7870.58 seconds.
Done reranking query 539. Elapsed time since start: 7888.42 seconds.
Done reranking query 540. Elapsed time since start: 7913.67 seconds.
Saved 540 reranked responses to Gemini_text-reranked-100-indices.json
Saved 540 reranked responses to Gemini_structured-reranked-100-indices.json
Done reranking query 541. Elapsed time since start: 7944.58 seconds.
Done reranking query 542. Elapsed time since start: 7968.47 seconds.
Done reranking query 543. Elapsed time since start: 7993.71 seconds.
Done reranking query 544. Elapsed time since start: 8010.24 seconds.
Done reranking query 545. Elapsed time since start: 8028.80 seconds.
Done reranking query 546. Elapsed time since start: 8038.84 seconds.
Done reranking query 547. Elapsed time since start: 8052.72 seconds.
Done reranking query 548. Elapsed time since start: 8074.18 seconds.
Done reranking query 549. Elapsed time since start: 8084.22 seconds.
Done reranking query 550. Elapsed time since start: 8103.08 seconds.
Done reranking query 551. Elapsed time since start: 8155.99 seconds.
Done reranking query 552. Elapsed time since start: 8168.91 seconds.
Done reranking query 553. Elapsed time since start: 8181.00 seconds.
Done reranking query 554. Elapsed time since start: 8212.77 seconds.
Done reranking query 555. Elapsed time since start: 8225.27 seconds.
Saved 555 reranked responses to Gemini_text-reranked-100-indices.json
Saved 555 reranked responses to Gemini_structured-reranked-100-indices.json
Done reranking query 556. Elapsed time since start: 8234.47 seconds.
Done reranking query 557. Elapsed time since start: 8245.09 seconds.
Done reranking query 558. Elapsed time since start: 8281.66 seconds.
Done reranking query 559. Elapsed time since start: 8291.92 seconds.
Done reranking query 560. Elapsed time since start: 8300.09 seconds.
Done reranking query 561. Elapsed time since start: 8307.18 seconds.
Done reranking query 562. Elapsed time since start: 8319.81 seconds.
Done reranking query 563. Elapsed time since start: 8326.61 seconds.
Done reranking query 564. Elapsed time since start: 8353.00 seconds.
Done reranking query 565. Elapsed time since start: 8365.28 seconds.
Done reranking query 566. Elapsed time since start: 8373.03 seconds.
Done reranking query 567. Elapsed time since start: 8382.00 seconds.
Done reranking query 568. Elapsed time since start: 8397.64 seconds.
Done reranking query 569. Elapsed time since start: 8406.90 seconds.
Done reranking query 570. Elapsed time since start: 8427.89 seconds.
Saved 570 reranked responses to Gemini_text-reranked-100-indices.json
Saved 570 reranked responses to Gemini_structured-reranked-100-indices.json
Done reranking query 571. Elapsed time since start: 8436.16 seconds.
Done reranking query 572. Elapsed time since start: 8459.88 seconds.
Done reranking query 573. Elapsed time since start: 8470.47 seconds.
Done reranking query 574. Elapsed time since start: 8480.07 seconds.
Done reranking query 575. Elapsed time since start: 8496.51 seconds.
Done reranking query 576. Elapsed time since start: 8505.16 seconds.
Done reranking query 577. Elapsed time since start: 8517.36 seconds.
Done reranking query 578. Elapsed time since start: 8525.98 seconds.
Done reranking query 579. Elapsed time since start: 8539.04 seconds.
Done reranking query 580. Elapsed time since start: 8559.01 seconds.
Done reranking query 581. Elapsed time since start: 8572.60 seconds.
Done reranking query 582. Elapsed time since start: 8584.55 seconds.
Done reranking query 583. Elapsed time since start: 8596.40 seconds.
Done reranking query 584. Elapsed time since start: 8609.72 seconds.
Done reranking query 585. Elapsed time since start: 8629.05 seconds.
Saved 585 reranked responses to Gemini_text-reranked-100-indices.json
Saved 585 reranked responses to Gemini_structured-reranked-100-indices.json
Done reranking query 586. Elapsed time since start: 8640.27 seconds.
Done reranking query 587. Elapsed time since start: 8676.79 seconds.
Done reranking query 588. Elapsed time since start: 8702.36 seconds.
Done reranking query 589. Elapsed time since start: 8716.35 seconds.
Done reranking query 590. Elapsed time since start: 8732.33 seconds.
Done reranking query 591. Elapsed time since start: 8743.25 seconds.
Done reranking query 592. Elapsed time since start: 8751.55 seconds.
Done reranking query 593. Elapsed time since start: 8763.51 seconds.
Done reranking query 594. Elapsed time since start: 8786.36 seconds.
Done reranking query 595. Elapsed time since start: 8796.14 seconds.
Done reranking query 596. Elapsed time since start: 8808.37 seconds.
Error parsing or validating JSON: Expecting value: line 1 column 1 (char 0)
Failed to parse JSON. Raw response: '```python
[67, 80, 29, 1, 0, 63, 24, 8, 15, 58, 4, 10, 11, 60, 39, 22, 62, 82, 5, 66, 6, 16, 34, 36, 26, 74, 75, 87, 2, 25, 32, 9, 23, 37, 71, 30, 73, 3, 18, 13, 14, 28, 19, 20, 21, 27, 17, 42, 43, 44, 45, 46, 47, 48, 49, 50, 51, 52, 53, 54, 55, 56, 70, 86, 31, 81, 88, 89, 90, 91, 92, 93, 94, 95, 96, 97, 57, 72, 79, 72, 79, 72, 79, 72, 79, 72, 79, 72, 79, 72, 79, 72, 79, 72, 79, 72, 79, 72, 79, 72, 79, 72, 79, 72, 79, 72, 79, 72, 79, 72, 79, 72, 79, 72, 79, 72, 79, 72, 79, 72, 79, 72, 79, 72, 79, 72, 79, 72, 79, 72, 79, 72, 79, 72, 79, 72, 79, 72, 79, 72, 79, 72, 79, 72, 79, 72, 79, 72, 79, 72, 79, 72, 79, 72, 79, 72, 79, 72, 79, 72, 79, 72, 79, 72, 79, 72, 79, 72, 79, 72, 79, 72, 79, 72, 79, 72, 79, 72, 79, 72, 79, 72, 79, 72, 79, 72, 79, 72, 79, 72, 79, 72, 79, 72, 79, 72, 79, 72, 79, 72, 79, 72, 79, 72, 79, 72, 79, 72, 79, 72, 79, 72, 79, 72, 79, 72, 79, 72, 79, 72, 79, 72, 79, 72, 79, 72, 79, 72, 79, 72, 79, 72, 79, 72, 79, 72, 79, 72, 79, 72, 79, 72, 79, 72, 79, 72, 79, 72, 79, 72, 79, 72, 79, 72, 79, 72, 79, 72, 79, 72, 79, 72, 79, 72, 79, 72, 79, 72, 79, 72, 79, 72, 79, 72, 79, 72, 79, 72, 79, 72, 79, 72, 79, 72, 79, 72, 79, 72, 79, 72, 79, 72, 79, 72, 79, 72, 79, 72, 79, 72, 79, 72, 79, 72, 79, 72, 79, 72, 79, 72, 79, 72, 79, 72, 79, 72, 79, 72, 79, 72, 79, 72, 79, 72, 79, 72, 79, 72, 79, 72, 79, 72, 79, 72, 79, 72, 79, 72, 79, 72, 79, 72, 79, 72, 79, 72, 79, 72, 79, 72, 79, 72, 79, 72, 79, 72, 79, 72, 79, 72, 79, 72, 79, 72, 79, 72, 79, 72, 79, 72, 79, 72, 79, 72, 79, 72, 79, 72, 79, 72, 79, 72, 79, 72, 79, 72, 79, 72, 79, 72, 79, 72, 79, 72, 79, 72, 79, 72, 79, 72, 79, 72, 79, 72, 79, 72, 79, 72, 79, 72, 79, 72, 79, 72, 79, 72, 79, 72, 79, 72, 79, 72, 79, 72, 79, 72, 79, 72, 79, 72, 79, 72, 79, 72, 79, 72, 79, 72, 79, 72, 79, 72, 79, 72, 79, 72, 79, 72, 79, 72, 79, 72, 79, 72, 79, 72, 79, 72, 79, 72, 79, 72, 79, 72, 79, 72, 79, 72, 79, 72, 79, 72, 79, 72, 79, 72, 79, 72, 79, 72, 79, 72, 79, 72, 79, 72, 79, 72, 79, 72, 79, 72, 79, 72, 79, 72, 79, 72, 79, 72, 79, 72, 79, 72, 79, 72, 79, 72, 79, 72, 79, 72, 79, 72, 79, 72, 79, 72, 79, 72, 79, 72, 79, 72, 79, 72, 79, 72, 79, 72, 79, 72, 79, 72, 79, 72, 79, 72, 79, 72, 79, 72, 79, 72, 79, 72, 79, 72, 79, 72, 79, 72, 79, 72, 79, 72, 79, 72, 79, 72, 79, 72, 79, 72, 79, 72, 79, 72, 79, 72, 79, 72, 79, 72, 79, 72, 79, 72, 79, 72, 79, 72, 79, 72, 79, 72, 79, 72, 79, 72, 79, 72, 79, 72, 79, 72, 79, 72, 79, 72, 79, 72, 79, 72, 79, 72, 79, 72, 79, 72, 79, 72, 79, 72, 79, 72, 79, 72, 79, 72, 79, 72, 79, 72, 79, 72, 79, 72, 79, 72, 79, 72, 79, 72, 79, 72, 79, 72, 79, 72, 79, 72, 79, 72, 79, 72, 79, 72, 79, 72, 79, 72, 79, 72, 79, 72, 79, 72, 79, 72, 79, 72, 79, 72, 79, 72, 79, 72, 79, 72, 79, 72, 79, 72, 79, 72, 79, 72, 79, 72, 79, 72, 79, 72, 79, 72, 79, 72, 79, 72, 79, 72, 79, 72, 79, 72, 79, 72, 79, 72, 79, 72, 79, 72, 79, 72, 79, 72, 79, 72, 79, 72, 79, 72, 79, 72, 79, 72, 79, 72, 79, 72, 79, 72, 79, 72, 79, 72, 79, 72, 79, 72, 79, 72, 79, 72, 79, 72, 79, 72, 79, 72, 79, 72, 79, 72, 79, 72, 79, 72, 79, 72, 79, 72, 79, 72, 79, 72, 79, 72, 79, 72, 79, 72, 79, 72, 79, 72, 79, 72, 79, 72, 79, 72, 79, 72, 79, 72, 79, 72, 79, 72, 79, 72, 79, 72, 79, 72, 79, 72, 79, 72, 79, 72, 79, 72, 79, 72, 79, 72, 79, 72, 79, 72, 79, 72, 79, 72, 79, 72, 79, 72, 79, 72, 79, 72, 79, 72, 79, 72, 79, 72, 79, 72, 79, 72, 79, 72, 79, 72, 79, 72, 79, 72, 79, 72, 79, 72, 79, 72, 79, 72, 79, 72, 79, 72, 79, 72, 79, 72, 79, 72, 79, 72, 79, 72, 79, 72, 79, 72, 79, 72, 79, 72, 79, 72, 79, 72, 79, 72, 79, 72, 79, 72, 79, 72, 79, 72, 79, 72, 79, 72, 79, 72, 79, 72, 79, 72, 79, 72, 79, 72, 79, 72, 79, 72, 79, 72, 79, 72, 79, 72, 79, 72, 79, 72, 79, 72, 79, 72, 79, 72, 79, 72, 79, 72, 79, 72, 79, 72, 79, 72, 79, 72, 79, 72, 79, 72, 79, 72, 79, 72, 79, 72, 79, 72, 79, 72, 79, 72, 79, 72, 79, 72, 79, 72, 79, 72, 79, 72, 79, 72, 79, 72, 79, 72, 79, 72, 79, 72, 79, 72, 79, 72, 79, 72, 79, 72, 79, 72, 79, 72, 79, 72, 79, 72, 79, 72, 79, 72, 79, 72, 79, 72, 79, 72, 79, 72, 79, 72, 79, 72, 79, 72, 79, 72, 79, 72, 79, 72, 79, 72, 79, 72, 79, 72, 79, 72, 79, 72, 79, 72, 79, 72, 79, 72, 79, 72, 79, 72, 79, 72, 79, 72, 79, 72, 79, 72, 79, 72, 79, 72, 79, 72, 79, 72, 79, 72, 79, 72, 79, 72, 79, 72, 79, 72, 79, 72, 79, 72, 79, 72, 79, 72, 79, 72, 79, 72, 79, 72, 79, 72, 79, 72, 79, 72, 79, 72, 79, 72, 79, 72, 79, 72, 79, 72, 79, 72, 79, 72, 79, 72, 79, 72, 79, 72, 79, 72, 79, 72, 79, 72, 79, 72, 79, 72, 79, 72, 79, 72, 79, 72, 79, 72, 79, 72, 79, 72, 79, 72, 79, 72, 79, 72, 79, 72, 79, 72, 79, 72, 79, 72, 79, 72, 79, 72, 79, 72, 79, 72, 79, 72, 79, 72, 79, 72, 79, 72, 79, 72, 79, 72, 79, 72, 79, 72, 79, 72, 79, 72, 79, 72, 79, 72, 79, 72, 79, 72, 79, 72, 79, 72, 79, 72, 79, 72, 79, 72, 79, 72, 79, 72, 79, 72, 79, 72, 79, 72, 79, 72, 79, 72, 79, 72, 79, 72, 79, 72, 79, 72, 79, 72, 79, 72, 79, 72, 79, 72, 79, 72, 79, 72, 79, 72, 79, 72, 79, 72, 79, 72, 79, 72, 79, 72, 79, 72, 79, 72, 79, 72, 79, 72, 79, 72, 79, 72, 79, 72, 79, 72, 79, 72, 79, 72, 79, 72, 79, 72, 79, 72, 79, 72, 79, 72, 79, 72, 79, 72, 79, 72, 79, 72, 79, 72, 79, 72, 79, 72, 79, 72, 79, 72, 79, 72, 79, 72, 79, 72, 79, 72, 79, 72, 79, 72, 79, 72, 79, 72, 79, 72, 79, 72, 79, 72, 79, 72, 79, 72, 79, 72, 79, 72, 79, 72, 79, 72, 79, 72, 79, 72, 79, 72, 79, 72, 79, 72, 79, 72, 79, 72, 79, 72, 79, 72, 79, 72, 79, 72, 79, 72, 79, 72, 79, 72, 79, 72, 79, 72, 79, 72, 79, 72, 79, 72, 79, 72, 79, 72, 79, 72, 79, 72, 79, 72, 79, 72, 79, 72, 79, 72, 79, 72, 79, 72, 79, 72, 79, 72, 79, 72, 79, 72, 79, 72, 79, 72, 79, 72, 79, 72, 79, 72, 79, 72, 79, 72, 79, 72, 79, 72, 79, 72, 79, 72, 79, 72, 79, 72, 79, 72, 79, 72, 79, 72, 79, 72, 79, 72, 79, 72, 79, 72, 79, 72, 79, 72, 79, 72, 79, 72, 79, 72, 79, 72, 79, 72, 79, 72, 79, 72, 79, 72, 79, 72, 79, 72, 79, 72, 79, 72, 79, 72, 79, 72, 79, 72, 79, 72, 79, 72, 79, 72, 79, 72, 79, 72, 79, 72, 79, 72, 79, 72, 79, 72, 79, 72, 79, 72, 79, 72, 79, 72, 79, 72, 79, 72, 79, 72, 79, 72, 79, 72, 79, 72, 79, 72, 79, 72, 79, 72, 79, 72, 79, 72, 79, 72, 79, 72, 79, 72, 79, 72, 79, 72, 79, 72, 79, 72, 79, 72, 79, 72, 79, 72, 79, 72, 79, 72, 79, 72, 79, 72, 79, 72, 79, 72, 79, 72, 79, 72, 79, 72, 79, 72, 79, 72, 79, 72, 79, 72, 79, 72, 79, 72, 79, 72, 79, 72, 79, 72, 79, 72, 79, 72, 79, 72, 79, 72, 79, 72, 79, 72, 79, 72, 79, 72, 79, 72, 79, 72, 79, 72, 79, 72, 79, 72, 79, 72, 79, 72, 79, 72, 79, 72, 79, 72, 79, 72, 79, 72, 79, 72, 79, 72, 79, 72, 79, 72, 79, 72, 79, 72, 79, 72, 79, 72, 79, 72, 79, 72, 79, 72, 79, 72, 79, 72, 79, 72, 79, 72, 79, 72, 79, 72, 79, 72, 79, 72, 79, 72, 79, 72, 79, 72, 79, 72, 79, 72, 79, 72, 79, 72, 79, 72, 79, 72, 79, 72, 79, 72, 79, 72, 79, 72, 79, 72, 79, 72, 79, 72, 79, 72, 79, 72, 79, 72, 79, 72, 79, 72, 79, 72, 79, 72, 79, 72, 79, 72, 79, 72, 79, 72, 79, 72, 79, 72, 79, 72, 79, 72, 79, 72, 79, 72, 79, 72, 79, 72, 79, 72, 79, 72, 79, 72, 79, 72, 79, 72, 79, 72, 79, 72, 79, 72, 79, 72, 79, 72, 79, 72, 79, 72, 79, 72, 79, 72, 79, 72, 79, 72, 79, 72, 79, 72, 79, 72, 79, 72, 79, 72, 79, 72, 79, 72, 79, 72, 79, 72, 79, 72, 79, 72, 79, 72, 79, 72, 79, 72, 79, 72, 79, 72, 79, 72, 79, 72, 79, 72, 79, 72, 79, 72, 79, 72, 79, 72, 79, 72, 79, 72, 79, 72, 79, 72, 79, 72, 79, 72, 79, 72, 79, 72, 79, 72, 79, 72, 79, 72, 79, 72, 79, 72, 79, 72, 79, 72, 79, 72, 79, 72, 79, 72, 79, 72, 79, 72, 79, 72, 79, 72, 79, 72, 79, 72, 79, 72, 79, 72, 79, 72, 79, 72, 79, 72, 79, 72, 79, 72, 79, 72, 79, 72, 79, 72, 79, 72, 79, 72, 79, 72, 79, 72, 79, 72, 79, 72, 79, 72, 79, 72, 79, 72, 79, 72, 79, 72, 79, 72, 79, 72, 79, 72, 79, 72, 79, 72, 79, 72, 79, 72, 79, 72, 79, 72, 79, 72, 79, 72, 79, 72, 79, 72, 79, 72, 79, 72, 79, 72, 79, 72, 79, 72, 79, 72, 79, 72, 79, 72, 79, 72, 79, 72, 79, 72, 79, 72, 79, 72, 79, 72, 79, 72, 79, 72, 79, 72, 79, 72, 79, 72, 79, 72, 79, 72, 79, 72, 79, 72, 79, 72, 79, 72, 79, 72, 79, 72, 79, 72, 79, 72, 79, 72, 79, 72, 79, 72, 79, 72, 79, 72, 79, 72, 79, 72, 79, 72, 79, 72, 79, 72, 79, 72, 79, 72, 79, 72, 79, 72, 79, 72, 79, 72, 79, 72, 79, 72, 79, 72, 79, 72, 79, 72, 79, 72, 79, 72, 79, 72, 79, 72, 79, 72, 79, 72, 79, 72, 79, 72, 79, 72, 79, 72, 79, 72, 79, 72, 79, 72, 79, 72, 79, 72, 79, 72, 79, 72, 79, 72, 79, 72, 79, 72, 79, 72, 79, 72, 79, 72, 79, 72, 79, 72, 79, 72, 79, 72, 79, 72, 79, 72, 79, 72, 79, 72, 79, 72, 79, 72, 79, 72, 79, 72, 79, 72, 79, 72, 79, 72, 79, 72, 79, 72, 79, 72, 79, 72, 79, 72, 79, 72, 79, 72, 79, 72, 79, 72, 79, 72, 79, 72, 79, 72, 79, 72, 79, 72, 79, 72, 79, 72, 79, 72, 79, 72, 79, 72, 79, 72, 79, 72, 79, 72, 79, 72, 79, 72, 79, 72, 79, 72, 79, 72, 79, 72, 79, 72, 79, 72, 79, 72, 79, 72, 79, 72, 79, 72, 79, 72, 79, 72, 79, 72, 79, 72, 79, 72, 79, 72, 79, 72, 79, 72, 79, 72, 79, 72, 79, 72, 79, 72, 79, 72, 79, 72, 79, 72, 79, 72, 79, 72, 79, 72, 79, 72, 79, 72, 79, 72, 79, 72, 79, 72, 79, 72, 79, 72, 79, 72, 79, 72, 79, 72, 79, 72, 79, 72, 79, 72, 79, 72, 79, 72, 79, 72, 79, 72, 79, 72, 79, 72, 79, 72, 79, 72, 79, 72, 79, 72, 79, 72, 79, 72, 79, 72, 79, 72, 79, 72, 79, 72, 79, 72, 79, 72, 79, 72, 79, 72, 79, 72, 79, 72, 79, 72, 79, 72, 79, 72, 79, 72, 79, 72, 79, 72, 79, 72, 79, 72, 79, 72, 79, 72, 79, 72, 79, 72, 79, 72, 79, 72, 79, 72, 79, 72, 79, 72, 79, 72, 79, 72, 79, 72, 79, 72, 79, 72, 79, 72, 79, 72, 79, 72, 79, 72, 79, 72, 79, 72, 79, 72, 79, 72, 79, 72, 79, 72, 79, 72, 79, 72, 79, 72, 79, 72, 79, 72, 79, 72, 79, 72, 79, 72, 79, 72, 79, 72, 79, 72, 79, 72, 79, 72, 79, 72, 79, 72, 79, 72, 79, 72, 79, 72, 79, 72, 79, 72, 79, 72, 79, 72, 79, 72, 79, 72, 79, 72, 79, 72, 79, 72, 79, 72, 79, 72, 79, 72, 79, 72, 79, 72, 79, 72, 79, 72, 79, 72, 79, 72, 79, 72, 79, 72, 79, 72, 79, 72, 79, 72, 79, 72, 79, 72, 79, 72, 79, 72, 79, 72, 79, 72, 79, 72, 79, 72, 79, 72, 79, 72, 79, 72, 79, 72, 79, 72, 79, 72, 79, 72, 79, 72, 79, 72, 79, 72, 79, 72, 79, 72, 79, 72, 79, 72, 79, 72, 79, 72, 79, 72, 79, 72, 79, 72, 79, 72, 79, 72, 79, 72, 79, 72, 79, 72, 79, 72, 79, 72, 79, 72, 79, 72, 79, 72, 79, 72, 79, 72, 79, 72, 79, 72, 79, 72, 79, 72, 79, 72, 79, 72, 79, 72, 79, 72, 79, 72, 79, 72, 79, 72, 79, 72, 79, 72, 79, 72, 79, 72, 79, 72, 79, 72, 79, 72, 79, 72, 79, 72, 79, 72, 79, 72, 79, 72, 79, 72, 79, 72, 79, 72, 79, 72, 79, 72, 79, 72, 79, 72, 79, 72, 79, 72, 79, 72, 79, 72, 79, 72, 79, 72, 79, 72, 79, 72, 79, 72, 79, 72, 79, 72, 79, 72, 79, 72, 79, 72, 79, 72, 79, 72, 79, 72, 79, 72, 79, 72, 79, 72, 79, 72, 79, 72, 79, 72, 79, 72, 79, 72, 79, 72, 79, 72, 79, 72, 79, 72, 79, 72, 79, 72, 79, 72, 79, 72, 79, 72, 79, 72, 79, 72, 79, 72, 79, 72, 79, 72, 79, 72, 79, 72, 79, 72, 79, 72, 79, 72, 79, 72, 79, 72, 79, 72, 79, 72, 79, 72, 79, 72, 79, 72, 79, 72, 79, 72, 79, 72, 79, 72, 79, 72, 79, 72, 79, 72, 79, 72, 79, 72, 79, 72, 79, 72, 79, 72, 79, 72, 79, 72, 79, 72, 79, 72, 79, 72, 79, 72, 79, 72, 79, 72, 79, 72, 79, 72, 79, 72, 79, 72, 79, 72, 79, 72, 79, 72, 79, 72, 79, 72, 79, 72, 79, 72, 79, 72, 79, 72, 79, 72, 79, 72, 79, 72, 79, 72, 79, 72, 79, 72, 79, 72, 79, 72, 79, 72, 79, 72, 79, 72, 79, 72, 79, 72, 79, 72, 79, 72, 79, 72, 79, 72, 79, 72, 79, 72, 79, 72, 79, 72, 79, 72, 79, 72, 79, 72, 79, 72, 79, 72, 79, 72, 79, 72, 79, 72, 79, 72, 79, 72, 79, 72, 79, 72, 79, 72, 79, 72, 79, 72, 79, 72, 79, 72, 79, 72, 79, 72, 79, 72, 79, 72, 79, 72, 79, 72, 79, 72, 79, 72, 79, 72, 79, 72, 79, 72, 79, 72, 79, 72, 79, 72, 79, 72, 79, 72, 79, 72, 79, 72, 79, 72, 79, 72, 79, 72, 79, 72, 79, 72, 79, 72, 79, 72, 79, 72, 79, 72, 79, 72, 79, 72, 79, 72, 79, 72, 79, 72, 79, 72, 79, 72, 79, 72, 79, 72, 79, 72, 79, 72, 79, 72, 79, 72, 79, 72, 79, 72, 79, 72, 79, 72, 79, 72, 79, 72, 79, 72, 79, 72, 79, 72, 79, 72, 79, 72, 79, 72, 79, 72, 79, 72, 79, 72, 79, 72, 79, 72, 79, 72, 79, 72, 79, 72, 79, 72, 79, 72, 79, 72, 79, 72, 79, 72, 79, 72, 79, 72, 79, 72, 79, 72, 79, 72, 79, 72, 79, 72, 79, 72, 79, 72, 79, 72, 79, 72, 79, 72, 79, 72, 79, 72, 79, 72, 79, 72, 79, 72, 79, 72, 79, 72, 79, 72, 79, 72, 79, 72, 79, 72, 79, 72, 79, 72, 79, 72, 79, 72, 79, 72, 79, 72, 79, 72, 79, 72, 79, 72, 79, 72, 79, 72, 79, 72, 79, 72, 79, 72, 79, 72, 79, 72, 79, 72, 79, 72, 79, 72, 79, 72, 79, 72, 79, 72, 79, 72, 79, 72, 79, 72, 79, 72, 79, 72, 79, 72, 79, 72, 79, 72, 79, 72, 79, 72, 79, 72, 79, 72, 79, 72, 79, 72, 79, 72, 79, 72, 79, 72, 79, 72, 79, 72, 79, 72, 79, 72, 79, 72, 79, 72, 79, 72, 79, 72, 79, 72, 79, 72, 79, 72, 79, 72, 79, 72, 79, 72, 79, 72, 79, 72, 79, 72, 79, 72, 79, 72, 79, 72, 79, 72, 79, 72, 79, 72, 79, 72, 79, 72, 79, 72, 79, 72, 79, 7'
Done reranking query 597. Elapsed time since start: 8864.78 seconds.
Done reranking query 598. Elapsed time since start: 8879.15 seconds.
Done reranking query 599. Elapsed time since start: 8887.75 seconds.
Done reranking query 600. Elapsed time since start: 8895.62 seconds.
Saved 600 reranked responses to Gemini_text-reranked-100-indices.json
Saved 600 reranked responses to Gemini_structured-reranked-100-indices.json
Done reranking query 601. Elapsed time since start: 8903.13 seconds.
Done reranking query 602. Elapsed time since start: 8924.02 seconds.
Done reranking query 603. Elapsed time since start: 8937.03 seconds.
Done reranking query 604. Elapsed time since start: 8945.56 seconds.
Done reranking query 605. Elapsed time since start: 8960.18 seconds.
Done reranking query 606. Elapsed time since start: 8971.63 seconds.
Done reranking query 607. Elapsed time since start: 8978.89 seconds.
Done reranking query 608. Elapsed time since start: 8993.85 seconds.
Done reranking query 609. Elapsed time since start: 9019.25 seconds.
Done reranking query 610. Elapsed time since start: 9027.66 seconds.
Done reranking query 611. Elapsed time since start: 9083.46 seconds.
Done reranking query 612. Elapsed time since start: 9129.97 seconds.
Done reranking query 613. Elapsed time since start: 9145.79 seconds.
Done reranking query 614. Elapsed time since start: 9164.01 seconds.
Done reranking query 615. Elapsed time since start: 9182.38 seconds.
Saved 615 reranked responses to Gemini_text-reranked-100-indices.json
Saved 615 reranked responses to Gemini_structured-reranked-100-indices.json
Done reranking query 616. Elapsed time since start: 9196.58 seconds.
Done reranking query 617. Elapsed time since start: 9226.48 seconds.
Done reranking query 618. Elapsed time since start: 9249.89 seconds.
Done reranking query 619. Elapsed time since start: 9283.03 seconds.
Done reranking query 620. Elapsed time since start: 9299.39 seconds.
Done reranking query 621. Elapsed time since start: 9313.34 seconds.
Done reranking query 622. Elapsed time since start: 9356.05 seconds.
Done reranking query 623. Elapsed time since start: 9365.21 seconds.
Done reranking query 624. Elapsed time since start: 9390.43 seconds.
Done reranking query 625. Elapsed time since start: 9399.69 seconds.
Done reranking query 626. Elapsed time since start: 9417.62 seconds.
Done reranking query 627. Elapsed time since start: 9435.52 seconds.
Error parsing or validating JSON: Expecting value: line 1 column 1 (char 0)
Failed to parse JSON. Raw response: '```python
def rerank_chunks(chunks, query):
    query_keywords = {
        "restaurants": ["restaurant", "restaurants", "CRP", "Chinese Restaurant Process", "table", "tables", "customer", "customers", "dish", "dishes", "segment", "segments", "restaurant(s)", "table indicator"],
        "parallelised_tcm": ["parallel", "parallelised", "processor", "processors", "distributed", "MCMC", "Gibbs sampling", "inference", "algorithm", "sampler", "sampling", "model", "topic model", "topic modeling", "topic models", "PLTM", "LDA", "TSM", "hierarchical", "Pitman-Yor", "Dirichlet Process", "Bayesian", "non-parametric", "collapsed Gibbs sampler", "block Gibbs sampler", "Markov chain Monte Carlo"],
        "merging_cr": ["merge", "merging", "split-merge", "merging restaurant", "split/merge", "merging restaurant(s)", "split/merging restaurant(s)", "merging table", "split/merging table(s)", "merging tables", "split/merge tables", "split s m into s r and s l", "merge s r and s l to one segment s m"],
        "topics": ["topic", "topics", "topic assignments", "topic boundaries", "topic distribution", "topic space", "topic model", "topic modeling", "topic models", "topic-specific", "topic trends", "topic prevalence", "topic alignment", "topic co-occurrence", "topic transfer", "topic index", "topic mixture", "topic correspondence", "topic cache", "topic words", "topicexist", "latent topic", "topic granularity"]
    }

    concept_weights = {
        "restaurants": 3,
        "parallelised_tcm": 3,
        "merging_cr": 4,
        "topics": 2
    }

    chunk_scores = []
    for i, chunk in enumerate(chunks):
        score = 0
        chunk_lower = chunk.lower()
        for concept, keywords in query_keywords.items():
            concept_score = 0
            for keyword in keywords:
                concept_score += chunk_lower.count(keyword.lower())
            score += concept_score * concept_weights[concept]
        chunk_scores.append((score, i))

    ranked_chunks_indices = [original_index for score, original_index in sorted(chunk_scores, key=lambda item: item[0], reverse=True)]
    return ranked_chunks_indices

chunks = ["introduced in (Teh et al., 2006) . For easier understanding, terminologies of the Chinese Restaurant Process (CRP) will be used throughout this section, i.e., customers, dishes and restaurants, correspond to words, topics, and segments respectively. Statistics used are listed in Table 1 . To integrate out the ν d,s 's generated from the PYP, we use the technique presented in (Chen et al., 2011) , which computes the joint posterior for the PYP by summing out all the possible seating arrangements for a sequence of customers (Teh, 2006) . In this technique an auxiliary binary variable, called table indicator (δ d,u,n ), is introduced to facilitate computing table count t d,s,k for topic k. This method has two effects: (1) faster mixing of the sampler, and (2) elimination of the need for dynamic memory to store the populations/counts of each table in the CRP. In the CRP each word w d,u,n in topic k (i.e., where z d,u,n =k) contributes a count to n d,s,k for u ∈ s; and, if w d,u,n , as a customer, also opens a", 'restaurant(s). We tried different approximations, such as the minimum-path-assumption (Wallach, 2008) , which in our case assumes one table for each topic k, and all words in k are placed in the same table. Although this simplifies the split-merge process, it yielded poor results. We instead developed a novel approximate block Gibbs sampling algorithm using symmetric polynomials. Its segmentation performance worked well in our development dataset. For simplicity, we consider a passage u in document d, and assume: (1) If ρ d,u =1, there are two segments, s l and s r ; s l ends at text passage u, and s r starts at text passage u+1. (2) If ρ d,u =0, there is one segment, s m , where u is is somewhere in the middle of s m . The split-merge choice we sample is one to many, for a given split pair (s l , s r ) we consider a set of merged states s m (represented by different possible table counts). Then, to compute the Gibbs probability for splitting/merging restaurant(s), we consider the probability of the single', 'words, using Bayes rule, we can derive the following two conditionals from Eq (3): = k, δ d,u,n = 0 | θ ) = γ w i,j,l + M k,w i,j,l w γ w + M k,w 1 b + N d,s S n d,s,k +1 t d,s,k ,a S n d,s,k t d,s,k ,a n d,s,k + 1 − t d,s,k n d,s,k + 1 (5) where θ = {z −z d,u,n , w, δ −δ d,u,n , ρ, α, a, b, γ}. From the two conditionals, we develop a blocked Gibbs sampling algorithm for (z d,u,n , δ d,u,n ). Sampling Segmentation Boundaries In our model, each segment corresponds to a Chinese restaurant in the CRP. Sampling topic boundaries corresponds to splitting/merging restaurant(s). This is different from the split-merge process proposed by Jian and Neal (2004) , where one actually splits/merges table(s). To our knowledge, there has been no method developed to split/merge restaurant(s). We tried different approximations, such as the minimum-path-assumption (Wallach, 2008) , which in our case assumes one table for each topic k, and all words in k are placed in the same table. Although this simplifies the split-merge', "together are assigned the same semantic role. Note that some adjunct-like modifier arguments are already explicitly represented in syntax and thus do not need to be clustered (modifiers AM-TMP, AM-MNR, AM-LOC, and AM-DIR are encoded as 'syntactic' relations TMP, MNR, LOC, and DIR, respectively (Surdeanu et al., 2008) ); instead we directly use the syntactic labels as semantic roles. Traditional and Distance-dependent CRPs The central components of our non-parametric Bayesian models are the Chinese Restaurant Processes (CRPs) and the closely related Dirichlet Processes (DPs) (Ferguson, 1973) . CRPs define probability distributions over partitions of a set of objects. An intuitive metaphor for describing CRPs is assignment of tables to restaurant customers. Assume a restaurant with a sequence of tables, and customers who walk into the restaurant one at a time and choose a table to join. The first customer to enter is assigned the first table. Suppose that when a client number i enters the restaurant, i − 1", "w increasing as the length of the common suffix increases. This is because w will be more likely under the context of the common suffix as well. The hierarchical Chinese restaurant process is equivalent to the hierarchical Pitman-Yor language model insofar as the distribution induced on words drawn from them are exactly equal. However, the probability vectors G u 's have been marginalized out in the procedure, replaced instead by the assignments of words x ul to draws y uk from the parent distribution, i.e. the seating arrangement of customers around tables in the Chinese restaurant process corresponding to G u . In the next section we derive tractable inference schemes for the hierarchical Pitman-Yor language model based on these seating arrangements. Inference Schemes In this section we give a high level description of a Markov chain Monte Carlo sampling based inference scheme for the hierarchical Pitman-Yor language model. Further details can be obtained at (Teh, 2006) . We also relate interpolated", "d,s d,u . B. Draw word w d,u,n ∼ DiscreteK (φ z d,u,n ). where s d,u indicates which segment text passage u belongs to. We assume the dimensionality of the Dirichlet distribution (i.e., the number of topics) is known and fixed, and word probabilities are parameterized with a K × W matrix Φ = (φ 1 , . . . , φ K ). In future work we plan to investigate replace the Dirichlet prior α on µ with a Pitman-Yor prior (Pitman and Yor, 1997) to make the model fully nonparametric, like SITS. Posterior Inference In this section we develop a collapsed Gibbs sampling algorithm to do an approximate inference by integrating out some latent variables (i.e., µ's, ν's and π d 's). The hierarchy in our model can be well explained with the Chinese restaurant franchise metaphor introduced in (Teh et al., 2006) . For easier understanding, terminologies of the Chinese Restaurant Process (CRP) will be used throughout this section, i.e., customers, dishes and restaurants, correspond to words, topics, and segments respectively.", 'one to many, for a given split pair (s l , s r ) we consider a set of merged states s m (represented by different possible table counts). Then, to compute the Gibbs probability for splitting/merging restaurant(s), we consider the probability of the single split, the probability of the corresponding set of merges, and then if a merge is selected, we have to sample from the set of merges. These are as follows: Splitting: split s m into s r and s l by placing a boundary after u. Since passages have a fixed order in each document, all the words are put into s r and s l based on which passages they belong to. Then, given all the topic assignments, we first sample all The Gibbs probability for splitting a segment is p(ρ d,u = 1 | θ ) ∝ λ 1 + c d,1 λ 0 + λ 1 + c d,0 + c d,1 (6) Beta K α + S d s=1 t d,s (b|a) T d,s (b) N d,s k S n d,s,k t d,s,k ,a , where θ = {z, w, δ, ρ −ρ d,u , α, a, b, λ 0 , λ 1 }. Merging: remove the boundary after u, and merge s r and s l to one segment s m . For this case, both s r', '∅. Finally we place a prior on G ∅ : G ∅ ∼ PY(d 0 , θ 0 , G 0 ) (4) where G 0 is the global mean vector, given a uniform value of G 0 (w) = 1/V for all w ∈ W . Finally, we place a uniform prior on the discount parameters and a Gamma(1, 1) prior on the strength parameters. The total number of parameters in the model is 2n. The structure of the prior is that of a suffix tree of depth n, where each node corresponds to a context consisting of up to n−1 words, and each child corresponds to adding a different word to the beginning of the context. This choice of the prior structure expresses our belief that words appearing earlier in a context have (a priori) the least importance in modelling the probability of the current word, which is why they are dropped first at successively higher levels of the model. Hierarchical Chinese Restaurant Processes We describe a generative procedure analogous to the Chinese restaurant process of Section 2 for drawing words from the hierarchical Pitman-Yor language model with all G', "and (2) the remaining configurations where the choice of e l , f l , e r , f r and a i specifies the string segmentation and the alignment (monotone or reordered). massive space of possible grammars, it induces dependencies between all the sentences in the training corpus. These dependencies make it difficult to scale our approach to larger corpora by distributing it across a number of processors. Recent work (Newman et al., 2007; Asuncion et al., 2008) suggests that good practical parallel performance can be achieved by having multiple processors independently sample disjoint subsets of the corpus. Each process maintains a set of rule counts for the entire corpus and communicates the changes it has made to its section of the corpus only after sampling every sentence in that section. In this way each process is sampling according to a slightly 'out-of-date' distribution. However, as we confirm in Section 5 the performance of this approximation closely follows the exact collapsed Gibbs sampler. Extracting a", 'merging two segments is p(ρ d,u = 0 | θ ) = T p(ρ d,u = 0, T | θ ) (9) ∝ T λ 0 + c d,0 λ 0 + λ 1 + c d,0 + c d,1 Beta K α + S d s=1 t d,s (b|a) T d,sm (b) N d,sm k S n d,sm,k t d,sm,k ,a , where θ = {z, w, t − T , ρ −ρ d,u , α, a, b, λ 0 , λ 1 }. This is converted to a sum on |T | booleans with independent terms and evaluated recursively in O(|T | 2 ) by symmetric polynomials. If a merge is chosen, one then samples according to the terms in the sum using a similar recursion. Experiments To demonstrate the effectiveness of our model (denoted by TSM) in topic segmentation tasks, we evaluate it on three different kinds of corpora 4 : a set of synthetic documents, two meeting transcripts and two sets of text books (see Tables 2 and 3 ); and compare TSM with the following methods: two baselines (the Random algorithm that places topic boundaries uniformly at random, and the Even algorithm that places a boundary after every m th text passage, where m is the average gold-standard segment length (Beeferman et al.,', "at successively higher levels of the model. Hierarchical Chinese Restaurant Processes We describe a generative procedure analogous to the Chinese restaurant process of Section 2 for drawing words from the hierarchical Pitman-Yor language model with all G u 's marginalized out. This gives us an alternative representation of the hierarchical Pitman-Yor language model that is amenable to efficient inference using Markov chain Monte Carlo sampling and easy computation of the predictive probabilities for test words. The correspondence between interpolated Kneser-Ney and the hierarchical Pitman-Yor language model is also apparent in this representation. Again we may treat each G u as a distribution over the current word. The basic observation is that since G u is Pitman-Yor process distributed, we can draw words from it using the Chinese restaurant process given in Section 2. Further, the only operation we need of its parent distribution G π(u) is to draw words from it too. Since G π(u) is itself distributed", 'Related Work Bilingual topic models for parallel texts with word-to-word alignments have been studied previously using the HM-bitam model (Zhao and Xing, 2007) . Tam, Lane and Schultz (Tam et al., 2007) also show improvements in machine translation using bilingual topic models. Both of these translation-focused topic models infer word-to-word alignments as part of their inference procedures, which would become exponentially more complex if additional languages were added. We take a simpler approach that is more suitable for topically similar document tuples (where documents are not direct translations of one another) in more than two languages. A recent extended abstract, developed concurrently by Ni et al. (Ni et al., 2009) , discusses a multilingual topic model similar to the one presented here. However, they evaluate their model on only two languages (English and Chinese), and do not use the model to detect differences between languages. They also provide little analysis of the differences between', 'Related Work Bilingual topic models for parallel texts with word-to-word alignments have been studied previously using the HM-bitam model (Zhao and Xing, 2007) . Tam, Lane and Schultz (Tam et al., 2007) also show improvements in machine translation using bilingual topic models. Both of these translation-focused topic models infer word-to-word alignments as part of their inference procedures, which would become exponentially more complex if additional languages were added. We take a simpler approach that is more suitable for topically similar document tuples (where documents are not direct translations of one another) in more than two languages. A recent extended abstract, developed concurrently by Ni et al. (Ni et al., 2009) , discusses a multilingual topic model similar to the one presented here. However, they evaluate their model on only two languages (English and Chinese), and do not use the model to detect differences between languages. They also provide little analysis of the differences between', 'elimination of the need for dynamic memory to store the populations/counts of each table in the CRP. In the CRP each word w d,u,n in topic k (i.e., where z d,u,n =k) contributes a count to n d,s,k for u ∈ s; and, if w d,u,n , as a customer, also opens a new table to the CRP, it leads to increasing t d,s,k by one. In this case, δ d,u,n =1 indicates w d,u,n is the first customer on the table, called table head. Thus, t d,s,k = u∈s N d,u n=1 δ d,u,n 1 z d,u,n =k . (1) Note the two constraints on these two counts, i.e., n d,s,k ≥t d,s,k ≥0 and t d,s,k =0 iff n d,s,k =0 (2) can be replaced be a simpler constraint in the table indicator representation. The sampler we develop is an MCMC sampler on the space θ = {z, δ, ρ} where z defines the topic assignments of words, δ maintains the needed CRP configuration (from which t is derived) and ρ defines the segmentation. Moreover, it is not a traditional Gibbs sampler changing one variable at a time, but is a block Gibbs sampler where two different kinds of blocks are', '3 and 6 in the coverage vectors). In phrase-based translation there is also a distortionlimit which prohibits long-distance reorderings. The above states are called −LM states since they do not involve language model costs. To add a bigram model, we split each −LM state into a series of +LM states; each +LM state has the form (v, a ) where a is the last word of the hypothesis. Thus a +LM version of the above derivation might be: where the score of applying each rule now also includes a combination cost due to the bigrams formed when applying the phrase-pair, e.g. ( 0 , <s> ) : (0, "<s>") (• 1 , Bush ) : (s 1 , "<s> Bush") r1 (• ••• 6 , talks ) : (s 2 , "<s> Bush held talks") r2 (••• 3 •••, s 3 = s 2 + s(r 3 ) + dc(|6 − 3|) − log P lm (with | talk) To make this exponential-time algorithm practical, beam search is the standard approximate search method (Koehn, 2004 ). Here we group +LM states into n bins, with each bin B i hosting at most b states that cover exactly i Chinese words (see Figure 1 ). Forced', '3 and 6 in the coverage vectors). In phrase-based translation there is also a distortionlimit which prohibits long-distance reorderings. The above states are called −LM states since they do not involve language model costs. To add a bigram model, we split each −LM state into a series of +LM states; each +LM state has the form (v, a ) where a is the last word of the hypothesis. Thus a +LM version of the above derivation might be: where the score of applying each rule now also includes a combination cost due to the bigrams formed when applying the phrase-pair, e.g. ( 0 , <s> ) : (0, "<s>") (• 1 , Bush ) : (s 1 , "<s> Bush") r1 (• ••• 6 , talks ) : (s 2 , "<s> Bush held talks") r2 (••• 3 •••, s 3 = s 2 + s(r 3 ) + dc(|6 − 3|) − log P lm (with | talk) To make this exponential-time algorithm practical, beam search is the standard approximate search method (Koehn, 2004 ). Here we group +LM states into n bins, with each bin B i hosting at most b states that cover exactly i Chinese words (see Figure 1 ). Forced', 'L. Ramshaw and M. Marcus, 1999. Natural Lan- guage Processing Using Very Large Corpora, chap- ter Text Chunking Using Transformation-based Learning. Kluwer.\n\nA. Ratnaparkhi. 1996. A maximum entropy model for part of speech tagging. In Proceedings of the First Conference on Empirical Methods in Natural Language Processing, Philadelphia.\n\nR. Sproat, C. Shih, W. Gale, and N. Chang. 1996. A stochastic finite-state word-segmentation al- gorithm for chinese. Computational Linguistics, 22(3).\n\n6 And not only for TBL - feature selection is an interest- ing problem for other tasks as well.\n\n\nPage 8:\n===\n\nE. Tjong Kim Sang and S. Buchholz. 2000. Intro- duction to the conll-2000 shared task: Chunk- ing. In Proceedings of CoNLL-2000 and LLL- 2000, pages 127-132, Lisbon, Portugal.\n\nE. Tjong Kim Sang. 2000. Noun phrase represen- tation by system combination. In Proceedings of ANLP-NAACL 2000, Seattle, Washington, USA. Morgan Kaufman Publishers.', "(Dagan et al., 1999) can only use the similar words of one of the words. This turns out to have significant impact on the performance (see Section 4). [ ] [ ] ( ) ( ) [ ][ ] ( ) ( ) ( ) Secondly, in (Dagan et al., 1999) , the distribution P(•|w' 1 ) may itself be sparsely observed. When ( ) 1 2 ' | w w P MLE is 0, it is often due to data sparseness. Their smoothing scheme therefore tends to under-estimate the probability values. This problem is avoided in our approach. If a context did not occur in the training data, we do not include it in the average. If it did occur, the Maximum Likelihood estimation is reasonably accurate even if the context only occurred a few times, since the entropy of the probability distribution is upper-bounded by log 2. Experimental Results We experimented with our parser on the Chinese Treebank (CTB) 3.0. We used the same data split as (Bikel, 2004) : Sections 1-270 and 400-931 as the training set, Sections 271-300 as testing and Sections 301-325 as the development set. The CTB", 'quality, but leads to large memory requirements. We feel that both parsing and word alignment qualities have important effects on the TATbased model. We will retrain the Chinese parser on Penn Chinese Treebank version 5.0 and try to improve word alignment quality using log-linear models as suggested in (Liu et al., 2005) . Acknowledgement This work is supported by National High Technology Research and Development Program contract "Generally Technical Research and Basic Database Establishment of Chinese Platform"(Subject No. 2004AA114010). We are grateful to Deyi Xiong for providing the parser and Haitao Mi for making the parser more efficient and robust. Thanks to Dr. Yajuan Lv for many helpful comments on an earlier draft of this paper.', 'when given 800 topics, while PLTM uses all 800 topics. Partly Comparable Corpora An important application for polylingual topic modeling is to use small numbers of comparable document tuples to link topics in larger collections of distinct, non-comparable documents in multiple languages. For example, a journal might publish papers in English, French, German and Italian. No paper is exactly comparable to any other paper, but they are all roughly topically similar. If we wish to perform topic-based bibliometric analysis, it is vital to be able to track the same topics across all languages. One simple way to achieve this topic alignment is to add a small set of comparable document tuples that provide sufficient "glue" to bind the topics together. Continuing with the example above, one might extract a set of connected Wikipedia articles related to the focus of the journal and then train PLTM on a joint corpus consisting of journal papers and Wikipedia articles. In order to simulate this scenario we create a set', 'when given 800 topics, while PLTM uses all 800 topics. Partly Comparable Corpora An important application for polylingual topic modeling is to use small numbers of comparable document tuples to link topics in larger collections of distinct, non-comparable documents in multiple languages. For example, a journal might publish papers in English, French, German and Italian. No paper is exactly comparable to any other paper, but they are all roughly topically similar. If we wish to perform topic-based bibliometric analysis, it is vital to be able to track the same topics across all languages. One simple way to achieve this topic alignment is to add a small set of comparable document tuples that provide sufficient "glue" to bind the topics together. Continuing with the example above, one might extract a set of connected Wikipedia articles related to the focus of the journal and then train PLTM on a joint corpus consisting of journal papers and Wikipedia articles. In order to simulate this scenario we create a set', 'and the amount of messages translated per day is limited. We aim to propose a method that acquires large amounts of parallel data for free. The drawback is that there is a margin of error in the parallel segment identification and alignment. However, our system can be tuned for precision or for recall. Parallel Segment Retrieval We will first abstract from the domain of Microblogs and focus on the task of retrieving parallel segments from single documents. Prior work on finding parallel data attempts to reason about the probability that pairs of documents (x, y) are parallel. In contrast, we only consider one document at a time, defined by x = x 1 , x 2 , . . . , x n , and consisting of n tokens, and need to determine whether there is parallel data in x, and if so, where are the parallel segments and their languages. For simplicity, we assume that there are at most 2 continuous segments that are parallel. As representation for the parallel segments within the document, we use the tuple ([p, q], l, [u, v], r,', "behaviour of the Pitman-Yor process and how this depends on d and θ. In the first two panels we show the average number of unique words among 10 sequences of T words drawn from G, as a function of T , for various values of θ and d. We see that θ controls the overall number of unique words, while d controls the asymptotic growth of the number of unique words. In the last two panels, we show the proportion of words appearing only once among the unique words; this gives an indication of the proportion of words that occur rarely. We see that the asymptotic behaviour depends on d but not on θ, with larger d's producing more rare words. This procedure for generating words drawn from G is often referred to as the Chinese restaurant process (Pitman, 2002) . The metaphor is as follows. Consider a sequence of customers (corresponding to the words draws from G) visiting a Chinese restaurant with an unbounded number of tables (corresponding to the draws from G 0 ), each of which can accommodate an unbounded number of", "Assume a restaurant with a sequence of tables, and customers who walk into the restaurant one at a time and choose a table to join. The first customer to enter is assigned the first table. Suppose that when a client number i enters the restaurant, i − 1 customers are sitting at each of the k ∈ (1, . . . , K) tables occupied so far. The new customer is then either seated at one of the K tables with probability N k i−1+α , where N k is the number customers already sitting at table k, or assigned to a new table with the probability α i−1+α . The concentration parameter α encodes the granularity of the drawn partitions: the larger α, the larger the expected number of occupied tables. Though it is convenient to describe CRP in a sequential manner, the probability of a seating arrangement is invariant of the order of customers' arrival, i.e. the process is exchangeable. In our factored model, we use CRPs as a prior for clustering argument keys, as we explain in Section 4. Often CRP is used as a part of the", 'and alternative ordering strategies are important if we want to pursue this approach further. Several improvements can take place with respect to the model. An obvious question is whether a trigram model performs better than the model presented here. The greedy algorithm implements a search procedure with a beam of width one. In the future we plan to experiment with larger widths (e.g., two or three) and also take into account features that express semantic similarities across documents either by relying on WordNet or on automatic clustering methods. Acknowledgments The author was supported by EPSRC grant number R40036. We are grateful to Regina Barzilay and Noemie Elhadad for making available their software and for providing valuable comments on this work. Thanks also to Stephen Clark, Nikiforos Karamanis, Frank Keller, Alex Lascarides, Katja Markert, and Miles Osborne for helpful comments and suggestions.', 'and alternative ordering strategies are important if we want to pursue this approach further. Several improvements can take place with respect to the model. An obvious question is whether a trigram model performs better than the model presented here. The greedy algorithm implements a search procedure with a beam of width one. In the future we plan to experiment with larger widths (e.g., two or three) and also take into account features that express semantic similarities across documents either by relying on WordNet or on automatic clustering methods. Acknowledgments The author was supported by EPSRC grant number R40036. We are grateful to Regina Barzilay and Noemie Elhadad for making available their software and for providing valuable comments on this work. Thanks also to Stephen Clark, Nikiforos Karamanis, Frank Keller, Alex Lascarides, Katja Markert, and Miles Osborne for helpful comments and suggestions.', 'and alternative ordering strategies are important if we want to pursue this approach further. Several improvements can take place with respect to the model. An obvious question is whether a trigram model performs better than the model presented here. The greedy algorithm implements a search procedure with a beam of width one. In the future we plan to experiment with larger widths (e.g., two or three) and also take into account features that express semantic similarities across documents either by relying on WordNet or on automatic clustering methods. Acknowledgments The author was supported by EPSRC grant number R40036. We are grateful to Regina Barzilay and Noemie Elhadad for making available their software and for providing valuable comments on this work. Thanks also to Stephen Clark, Nikiforos Karamanis, Frank Keller, Alex Lascarides, Katja Markert, and Miles Osborne for helpful comments and suggestions.', 'in an unsupervised fashion, rather than to require manual interaction. Since the topic space is language independent, our approach supports topic transfer in multiple language pairs in O(N) where N is the number of languages. Related work includes the Bilingual Topic Admixture Model (BiTAM) for word alignment proposed by (Zhao and Xing, 2006) . Basically, the BiTAM model consists of topic-dependent translation lexicons modeling P r(c|e, k) where c, e and k denotes the source Chinese word, target English word and the topic index respectively. On the other hand, the bLSA framework models P r(c|k) and P r(e|k) which is different from the BiTAM model. By their different modeling nature, the bLSA model usually supports more topics than the BiTAM model. Another work by (Kim and Khudanpur, 2004 ) employed crosslingual LSA using singular value decomposition which concatenates bilingual documents into a single input supervector before projection. We organize the paper as follows: In Section 2, we introduce the bLSA', 'Topic assignments for a test document tuple w = (w 1 , . . . , w L ) can be inferred using Gibbs sampling. Gibbs sampling involves sequentially resampling each z l n from its conditional posterior: P (z l n = t | w, z \\l,n , Φ 1 , . . . , Φ L , αm) ∝ φ l w l n |t (N t ) \\l,n + αm t t N t − 1 + α , (4) where z \\l,n is the current set of topic assignments for all other tokens in the tuple, while (N t ) \\l,n is the number of occurrences of topic t in the tuple, excluding z l n , the variable being resampled. Results on Parallel Text Our first set of experiments focuses on document tuples that are known to consist of direct translations. In this case, we can be confident that the topic distribution is genuinely shared across all languages. Although direct translations in multiple languages are relatively rare (in contrast with comparable documents), we use direct translations to explore the characteristics of the model. Data Set The EuroParl corpus consists of parallel texts in eleven western European languages:', 'Topic assignments for a test document tuple w = (w 1 , . . . , w L ) can be inferred using Gibbs sampling. Gibbs sampling involves sequentially resampling each z l n from its conditional posterior: P (z l n = t | w, z \\l,n , Φ 1 , . . . , Φ L , αm) ∝ φ l w l n |t (N t ) \\l,n + αm t t N t − 1 + α , (4) where z \\l,n is the current set of topic assignments for all other tokens in the tuple, while (N t ) \\l,n is the number of occurrences of topic t in the tuple, excluding z l n , the variable being resampled. Results on Parallel Text Our first set of experiments focuses on document tuples that are known to consist of direct translations. In this case, we can be confident that the topic distribution is genuinely shared across all languages. Although direct translations in multiple languages are relatively rare (in contrast with comparable documents), we use direct translations to explore the characteristics of the model. Data Set The EuroParl corpus consists of parallel texts in eleven western European languages:', 'words. The black-box approach, which is the simpler of the two, has received little attention in the SMT literature. An interesting aspect of this approach is that it allows one to implement phrasetable smoothing techniques that are analogous to LM smoothing techniques, by treating the problem of estimating p(s| t) as if it were the problem of estimating a bigram conditional probability. In this paper, we give experimental results for phrasetable smoothing techniques analogous to Good-Turing, Fixed-Discount, Kneser-Ney, and Modified Kneser-Ney LM smoothing. Glass-box methods for phrasetable smoothing have been described by other authors: see section 3.3. These authors decompose p(s| t) into a set of lexical distributions p(s| t) by making independence assumptions about the words s in s. The other possibility, which is similar in spirit to ngram LM lower-order estimates, is to combine estimates made by replacing words in t with wildcards, as proposed in section 3.4. Choice of Combination Technique Although we', 'articles in twelve languages, contains sets of documents that are not translations of one another, but are very likely to be about similar concepts. We use this corpus to explore the ability of the model both to infer similarities between vocabularies in different languages, and to detect differences in topic emphasis between languages. The internet makes it possible for people all over the world to access documents from different cultures, but readers will not be fluent in this wide variety of languages. By linking topics across languages, polylingual topic models can increase cross-cultural understanding by providing readers with the ability to characterize the contents of collections in unfamiliar languages and identify trends in topic prevalence. Related Work Bilingual topic models for parallel texts with word-to-word alignments have been studied previously using the HM-bitam model (Zhao and Xing, 2007) . Tam, Lane and Schultz (Tam et al., 2007) also show improvements in machine translation using', 'articles in twelve languages, contains sets of documents that are not translations of one another, but are very likely to be about similar concepts. We use this corpus to explore the ability of the model both to infer similarities between vocabularies in different languages, and to detect differences in topic emphasis between languages. The internet makes it possible for people all over the world to access documents from different cultures, but readers will not be fluent in this wide variety of languages. By linking topics across languages, polylingual topic models can increase cross-cultural understanding by providing readers with the ability to characterize the contents of collections in unfamiliar languages and identify trends in topic prevalence. Related Work Bilingual topic models for parallel texts with word-to-word alignments have been studied previously using the HM-bitam model (Zhao and Xing, 2007) . Tam, Lane and Schultz (Tam et al., 2007) also show improvements in machine translation using', 'a polylingual topic model (PLTM) that discovers topics aligned across multiple languages. We analyzed the characteristics of PLTM in comparison to monolingual LDA, and demonstrated that it is possible to discover aligned topics. We also demonstrated that relatively small numbers of topically comparable document tuples are sufficient to align topics between languages in non-comparable corpora. Additionally, PLTM can support the creation of bilingual lexica for low resource language pairs, providing candidate translations for more computationally intense alignment processes without the sentence-aligned translations typically used in such tasks. When applied to comparable document collections such as Wikipedia, PLTM supports data-driven analysis of differences and similarities across all languages for readers who understand any one language. Acknowledgments The authors thank Limin Yao, who was involved in early stages of this project. This work was supported in part by the Center for Intelligent Information', 'a polylingual topic model (PLTM) that discovers topics aligned across multiple languages. We analyzed the characteristics of PLTM in comparison to monolingual LDA, and demonstrated that it is possible to discover aligned topics. We also demonstrated that relatively small numbers of topically comparable document tuples are sufficient to align topics between languages in non-comparable corpora. Additionally, PLTM can support the creation of bilingual lexica for low resource language pairs, providing candidate translations for more computationally intense alignment processes without the sentence-aligned translations typically used in such tasks. When applied to comparable document collections such as Wikipedia, PLTM supports data-driven analysis of differences and similarities across all languages for readers who understand any one language. Acknowledgments The authors thank Limin Yao, who was involved in early stages of this project. This work was supported in part by the Center for Intelligent Information', 'for aligning topics in corpora that have only a small subset of comparable documents. One area for future work is to explore whether initialization techniques or better representations of topic co-occurrence might result in alignment of topics with a smaller proportion of comparable texts. Machine Translation Although the PLTM is clearly not a substitute for a machine translation system-it has no way to represent syntax or even multi-word phrases-it is clear from the examples in figure 2 that the sets of high probability words in different languages for a given topic are likely to include translations. We therefore evaluate the ability of the PLTM to generate bilingual lexica, similar to other work in unsupervised translation modeling (Haghighi et al., 2008) . In the early statistical translation model work at IBM, these representations were called "cepts," short for concepts (Brown et al., 1993) . We evaluate sets of high-probability words in each topic and multilingual "synsets" by comparing them to', 'for aligning topics in corpora that have only a small subset of comparable documents. One area for future work is to explore whether initialization techniques or better representations of topic co-occurrence might result in alignment of topics with a smaller proportion of comparable texts. Machine Translation Although the PLTM is clearly not a substitute for a machine translation system-it has no way to represent syntax or even multi-word phrases-it is clear from the examples in figure 2 that the sets of high probability words in different languages for a given topic are likely to include translations. We therefore evaluate the ability of the PLTM to generate bilingual lexica, similar to other work in unsupervised translation modeling (Haghighi et al., 2008) . In the early statistical translation model work at IBM, these representations were called "cepts," short for concepts (Brown et al., 1993) . We evaluate sets of high-probability words in each topic and multilingual "synsets" by comparing them to', 'are optimal. Secondly, our model is based on word unigrams, and in this sense takes very little linguistic knowledge into account. Recent developments in topic modeling could potentially rectify this, e.g., by assuming that each word is generated by a distribution that combines document-specific topics and parse-treespecific syntactic transitions (Boyd-Graber and Blei, 2009) .', 'are optimal. Secondly, our model is based on word unigrams, and in this sense takes very little linguistic knowledge into account. Recent developments in topic modeling could potentially rectify this, e.g., by assuming that each word is generated by a distribution that combines document-specific topics and parse-treespecific syntactic transitions (Boyd-Graber and Blei, 2009) .', 'expensive to produce. However, the growth of the web, and in particular Wikipedia, has made comparable text cor-  pora -documents that are topically similar but are not direct translations of one another -considerably more abundant than true parallel corpora. In this section, we explore two questions relating to comparable text corpora and polylingual topic modeling. First, we explore whether comparable document tuples support the alignment of fine-grained topics, as demonstrated earlier using parallel documents. This property is useful for building machine translation systems as well as for human readers who are either learning new languages or analyzing texts in languages they do not know. Second, because comparable texts may not use exactly the same topics, it becomes crucially important to be able to characterize differences in topic prevalence at the document level (do different languages have different perspectives on the same article?) and at the language-wide level (which topics do particular', 'expensive to produce. However, the growth of the web, and in particular Wikipedia, has made comparable text cor-  pora -documents that are topically similar but are not direct translations of one another -considerably more abundant than true parallel corpora. In this section, we explore two questions relating to comparable text corpora and polylingual topic modeling. First, we explore whether comparable document tuples support the alignment of fine-grained topics, as demonstrated earlier using parallel documents. This property is useful for building machine translation systems as well as for human readers who are either learning new languages or analyzing texts in languages they do not know. Second, because comparable texts may not use exactly the same topics, it becomes crucially important to be able to characterize differences in topic prevalence at the document level (do different languages have different perspectives on the same article?) and at the language-wide level (which topics do particular', 'translations of the same sentence. 2  The remainder of the paper is organized as follows. First, we quickly review the position of our approach in relation to the large body of work on parallel text analysis (Section 2). Then we describe the method for the multilingual alignment of words (Section 3). Since the number of languages and sentences that have to be analyzed require a lot of computationally expensive calculations of co-occurrence counts, the whole analysis is reformulated into manipulations of sparse matrices. The various steps are presented in detail to give a better overview of the calculations that are needed to infer the similarities. Subsequently, we give a short description of the material that we used in order to test our method (Section 4). In Section 5 we report on some of the experiments that we carried out, followed by a discussion of the results and their implications. Finally, we conclude with directions for future work in this area. Word Alignment Alignment of words using parallel', 'the document, or recovering from sudden shifts in topic (such as occur at paragraph boundaries). Some local models also have trouble deciding which of a pair of related sentences ought to come first. In contrast, the global HMM model of Barzilay and Lee (2004) tries to track the predictable changes in topic between sentences. This gives it a pronounced advantage in ordering sentences, since it can learn to represent beginnings, ends and boundaries as separate states. However, it has no local features; the particular words in each sentence are generated based only on the current state of the document. Since information can pass from sentence to sentence only in this restricted manner, the model sometimes fails to place sentences next to the correct neighbors. We attempt here to unify the two approaches by constructing a model with both sentence-to-sentence dependencies providing local cues, and a hidden topic variable for global structure. Our local features are based on the entity grid model of (Barzilay and', 'word-order variations would be accommodated by the parser, and related ideas for generation of free word-order languages in the TAG framework (Joshi, 1987) . Our work differs from the ID/LP work in several important respects. First, we are not merely parsing, but translating with a bigram language model. Also, of course, we are dealing with 5 Results The algorithm above was tested in the SILC translation system. The translation lexicon was largely constructed by training on the HKUST English-Chinese Parallel Bilingual Corpus, which consists of governmental transcripts. The corpus was sentence-aligned statistically (Wu, 1994) ; Chinese words and collocations were extracted (Fung and Wu, 1994; Wu and Fung, 1994) ; then translation pairs were learned via an EM procedure (Wu and Xia, 1995) . The resulting English vocabulary is approximately 6,500 words and the Chinese vocabulary is approximately 5,500 words, with a many-to-many translation mapping averaging 2.25 Chinese translations per English word. Due to the', 'E. Tjong Kim Sang. 2000. Noun phrase represen- tation by system combination. In Proceedings of ANLP-NAACL 2000, Seattle, Washington, USA. Morgan Kaufman Publishers.\n\nD. Wu and P. Fung. 1994. Improving chinese word segmentation with linguistic filters on statistical lexical acquisition. In Proceedings of Fourth ACL Conference on Applied Natural Language Process- ing, Stuttgart, Germany. Association of Compu- tational Linguistics.\n\nFei Xia, Martha Palmer, Nianwen Xue, Mary Ellen Okurowski, John Kovarik, Fu-Dong Chiou, Shizhe Huang, Tony Kroch, and Mitch Marcus. 2000. Developing guidelines and ensuring consistency for chinese text annotation. In Proceedings of the second International Conference on Language Resources and Evaluation (LREC-2000), Athens, Greece.\n\nE. Xun, C. Huang, and M. Zhou. 2000. A unified statistical model for the identification of english basenp. In Proceedings of the 38th Annual Meet- ing of the Association for Computational Linguis- tics, pages 109-116, Hong Kong, October.', 'latent topic space since the training corpora consist of bilingual parallel data. For instance, say topic 10 of the Chinese LSA model is about politics. Then topic 10 of the English LSA model is set to also correspond to politics and so forth. During LM adaptation, we first infer the topic mixture weights from the source text using the source LSA model. Then we transfer the inferred mixture weights to the target LSA model and thus obtain the target LSA marginals. The challenge is to enforce the one-to-one topic correspondence. Our proposal is to share common variational Dirichlet posteriors over the topic mixture weights of a document pair in the LDA-style model. The beauty of the bLSA framework is that the model searches for a common latent topic space in an unsupervised fashion, rather than to require manual interaction. Since the topic space is language independent, our approach supports topic transfer in multiple language pairs in O(N) where N is the number of languages. Related work includes the', "and column can be correct; the rest are noise. A noise filter can make it easier for SIMR to find TPC chains. Other bitext mapping algorithms mitigate this source of noise either by assigning lower weights to I.U ql ii • qD • • q, Q • qD ~ 'a French text correspondence points associated with frequent token types (Church, 1993) or by deleting frequent token types from the bitext altogether (Dagan et al., 1993) . However, a token type that is relatively frequent overall can be rare in some parts of the text. In those parts, the token type can provide valuable clues to correspondence. On the other hand, many tokens of a relatively rare type can be concentrated in a short segment of the text, resulting in many false correspondence points. The varying concentration of identical tokens suggests that more localized noise filters would be more effective. SIMR's localized search strategy provides a vehicle for a localized noise filter. The filter is based on the maximum point ambiguity level parameter. For each point", 'has been studied indirectly through the cross-language information retrieval work performed for the TREC 5 and TREC 6 competitions (Smeaton and Wilkinson, 1997; Wilkinson, 1998) . This report summarizes the results of this First International Chinese Word Segmentation Bakeoff, provides some analysis of the results, and makes specific recommendations for future bakeoffs. One thing we do not do here is get into the details of specific systems; each of the participants was required to provide a four page description of their system along with detailed discussion of their results, and these papers are published in this volume. Details of the contest Corpora The corpora are detailed in Table 1 . Links to descriptions of the corpora can be found at http://www.sighan.org/bakeoff2003/ bakeoff_instr.html; publications on specific corpora are (Huang et al., 1997 ) (Academia Sinica), (Xia, 1999 ) (Chinese Treebank); the Beijing University standard is very similar to that outlined in (GB/T 13715-92, 1993) . Table 1', 'of words w 1 , w 2 , . . . , w n i from a vocabulary V . There are T cross-language topics, each of which has a distribution φ t over words in V . In the case of models for two languages, we define the vocabulary V to contain word types from both languages. In this way, each topic is shared across languages. Each topic-specific distribution φ t , for t = 1 . . . T , is drawn from a symmetric Dirichlet prior with concentration parameter β. Given the topicspecific word distributions, the generative process for a corpus of paired documents [d 1 i , d 2 i ] in two languages L 1 and L 2 is described in the next paragraph. For each pair of documents, pick a distribution over topics θ i , from a symmetric Dirichlet prior with concentration parameter α. Then generate the documents d 1 i and d 2 i in turn. Each word token in each document is generated independently by first picking a topic z from a multinomial distribution with parameter θ i (MULTI(θ i )), and then generating the word token from the topic-specific', 'n is the length of the sentence. Parallelization Unlike (Taskar et al., 2004) , our algorithm has the advantage of being easily parallelized (see footnote 7 in their paper). Because the computation of both the log likelihood and the partial derivatives involves summing over each tree individually, the computation can be parallelized by having many clients which each do the computation for one tree, and one central server which aggregates the information to compute the relevant information for a set of trees. Because we use a stochastic optimization method, as discussed in Section 3, we compute the objective for only a small portion of the training data at a time, typically between 15 and 30 sentences. In this case the gains from adding additional clients decrease rapidly, because the computation time is dominated by the longest sentences in the batch. Chart Prefiltering Training is also sped up by prefiltering the chart. On the inside pass of the algorithm one will see many rules which cannot actually be', "et al., 2003) and Penn Treebank for English (Marcus et al., 1993) . Chinese Addressing Overfitting With large numbers of lexicalized combo features we will face the overfitting problem, where some combo features found in the training data are too rare to be seen in the test data. Thus we propose three ways to alleviate this problem. First, we introduce various levels of backoffs for each word w (see Table 1 ). We include w's Brown cluster and its prefixes of lengths 4 and 6 (Brown et al., 1992) , and w's part-of-speech tag. If w is Chinese we also include its word type (punctuations, digits, alpha, or otherwise) and (leftmost or rightmost) character. In such a way, we significantly increase the feature coverage on unseen data. However, if we allow arbitrary combinations, we can extract a hexalexical feature (4 Chinese + 2 English words) for a local window in Figure 5 , which is unlikely to be seen at test time. To control model complexity we introduce a feature budget for each level of backoffs, shown in the", "et al., 2003) and Penn Treebank for English (Marcus et al., 1993) . Chinese Addressing Overfitting With large numbers of lexicalized combo features we will face the overfitting problem, where some combo features found in the training data are too rare to be seen in the test data. Thus we propose three ways to alleviate this problem. First, we introduce various levels of backoffs for each word w (see Table 1 ). We include w's Brown cluster and its prefixes of lengths 4 and 6 (Brown et al., 1992) , and w's part-of-speech tag. If w is Chinese we also include its word type (punctuations, digits, alpha, or otherwise) and (leftmost or rightmost) character. In such a way, we significantly increase the feature coverage on unseen data. However, if we allow arbitrary combinations, we can extract a hexalexical feature (4 Chinese + 2 English words) for a local window in Figure 5 , which is unlikely to be seen at test time. To control model complexity we introduce a feature budget for each level of backoffs, shown in the", 'structure in the hypothesis space. The translation channel is characterized by two sets of parameters: translation and alignment probabilities3 The translation probabilities describe lexical substitution, while alignment probabilities describe word-order permutation. The key problem is that the formulation of alignment probabilities a(ilj, V, T) permits the Chinese word in position j of a length-T sentence to map to any position i of a length-V English sentence. So V T alignments are possible, yielding an exponential space with correspondingly slow search times. Note there are no explicit linguistic grammars in the IBM channel model. Useful methods do exist for incorporating constraints fed in from other preprocessing modules, and some of these modules do employ linguistic grammars. For instance, we previously reported a method for improving search times in channel translation models that exploits bracketing information (Wu and Ng, 1995) . If any brackets for the Chinese sentence can be supplied as', 'entity grid shows its improved performance even more strongly (table 2); its results are about 10% higher than the naive version under both metrics. Our combined model uses only entity-grid features and unigram language models,a strict subset of the feature set of (Soricut and Marcu, 2006) . Their mixture includes an entity grid model and a version of the HMM of (Barzilay and Lee, 2004) , which uses n-gram language modeling. It also uses a model of lexical generation based on the IBM-1 model for machine translation, which produces all words in the document conditioned on words from previous sentences. In contrast, we generate only entities conditioned on words from previous sentences; other words are conditionally independent given the topic variable. It seems likely therefore that using our model as a component of a mixture might improve on the state of the art result. Future Work Ordering in the AIRPLANE corpus and similar constrained sets of short documents is by no means a solved problem, but the results', "of a seating arrangement is invariant of the order of customers' arrival, i.e. the process is exchangeable. In our factored model, we use CRPs as a prior for clustering argument keys, as we explain in Section 4. Often CRP is used as a part of the Dirichlet Process mixture model where each subset in the partition (each table) selects a parameter (a meal) from some base distribution over parameters. This parameter is then used to generate all data points corresponding to customers assigned to the table. The Dirichlet processes (DP) are closely connected to CRPs: instead of choosing meals for customers through the described generative story, one can equivalently draw a distribution G over meals from DP and then draw a meal for every customer from G. We refer the reader to Teh (2010) for details on CRPs and DPs. In our method, we use DPs to model distributions of arguments for every role. In order to clarify how similarities between customers can be integrated in the generative process, we start by reformulating", 'the example above, one might extract a set of connected Wikipedia articles related to the focus of the journal and then train PLTM on a joint corpus consisting of journal papers and Wikipedia articles. In order to simulate this scenario we create a set of variations of the EuroParl corpus by treating some documents as if they have no parallel/comparable texts -i.e., we put each of these documents in a single-document tuple. To do this, we divide the corpus W into two sets of document tuples: a "glue" set G and a "separate" set S such that |G| / |W| = p. In other words, the proportion of tuples in the corpus that are treated as "glue" (i.e., placed in G) is p. For every tuple in S, we assign each document in that tuple to a new singledocument tuple. By doing this, every document in S has its own distribution over topics, independent of any other documents. Ideally, the "glue" doc-uments in G will be sufficient to align the topics across languages, and will cause comparable documents in S to have similar', 'the example above, one might extract a set of connected Wikipedia articles related to the focus of the journal and then train PLTM on a joint corpus consisting of journal papers and Wikipedia articles. In order to simulate this scenario we create a set of variations of the EuroParl corpus by treating some documents as if they have no parallel/comparable texts -i.e., we put each of these documents in a single-document tuple. To do this, we divide the corpus W into two sets of document tuples: a "glue" set G and a "separate" set S such that |G| / |W| = p. In other words, the proportion of tuples in the corpus that are treated as "glue" (i.e., placed in G) is p. For every tuple in S, we assign each document in that tuple to a new singledocument tuple. By doing this, every document in S has its own distribution over topics, independent of any other documents. Ideally, the "glue" doc-uments in G will be sufficient to align the topics across languages, and will cause comparable documents in S to have similar', 'C LM (e) is the language model cost, C T M (e) is the translation model cost, and C D (e) is the distortion cost. The extension cost depends on the hypothesis being extended, the phrase being used in the extension, and the source word positions being covered. The word reorderings that are explored by the search algorithm are controlled by two parameters s and w as described in (Tillmann and Ney, 2003) . The first parameter s denotes the number of source words that are temporarily skipped (i.e., temporarily left uncovered) during the search to cover a source word to the right of the skipped words. The second parameter is the window width w, which is defined as the distance (in number of source words) between the left-most uncovered source word and the right-most covered source word. To illustrate these restrictions, let us assume the input sentence consists of the following sequence (f 1 , f 2 , f 3 , f 4 ). For s=1 and w=2, the permissible permutations are (f 1 , f 2 , f 3 , f 4 ), (f 2 , f 1 , f 3 , f 4 ),', 'C LM (e) is the language model cost, C T M (e) is the translation model cost, and C D (e) is the distortion cost. The extension cost depends on the hypothesis being extended, the phrase being used in the extension, and the source word positions being covered. The word reorderings that are explored by the search algorithm are controlled by two parameters s and w as described in (Tillmann and Ney, 2003) . The first parameter s denotes the number of source words that are temporarily skipped (i.e., temporarily left uncovered) during the search to cover a source word to the right of the skipped words. The second parameter is the window width w, which is defined as the distance (in number of source words) between the left-most uncovered source word and the right-most covered source word. To illustrate these restrictions, let us assume the input sentence consists of the following sequence (f 1 , f 2 , f 3 , f 4 ). For s=1 and w=2, the permissible permutations are (f 1 , f 2 , f 3 , f 4 ), (f 2 , f 1 , f 3 , f 4 ),', 'or taking advantage of the geometric/positional or contextual properties of the text pair (Gale and Church, 1991; Shemtov, 1993; Melamed, 1999) . But these techniques operate on the assumptions that there are limited insertions and deletions between the texts and that the order of the information is roughly preserved from one text to another. Texts from comparable corpora, as opposed to parallel corpora, contain a great deal of "noise." In Figure 2 which plots the manually identified alignment for a text pair in our corpus, only a small fraction of the sentences got aligned (35 out of 31 × 270 sentence pairs), which illustrates that there is no complete information overlap. Consider two texts written by different press agencies: while both report on the same events, one may contain additional interviews and the other, background information. Another distinguishing characteristic of comparable corpora is that the order in which the information is presented can differ greatly from one text to another. Analysis', 'are to each other. From the results in figure 4, we know that leaving all document tuples intact should result in a mean JS divergence of less than 0.1. Table 3 shows mean JS divergences for each value of p. As expected, JS divergence is greater than that obtained when all tuples are left intact. Divergence drops significantly when the proportion of "glue" tuples increases from 0.01 to 0.25. Example topics for p = 0.01 and p = 0.25 are shown'
Done reranking query 628. Elapsed time since start: 9489.33 seconds.
Done reranking query 629. Elapsed time since start: 9503.80 seconds.
Done reranking query 630. Elapsed time since start: 9524.61 seconds.
Saved 630 reranked responses to Gemini_text-reranked-100-indices.json
Saved 630 reranked responses to Gemini_structured-reranked-100-indices.json
Done reranking query 631. Elapsed time since start: 9549.48 seconds.
Done reranking query 632. Elapsed time since start: 9564.46 seconds.
Done reranking query 633. Elapsed time since start: 9571.67 seconds.
Done reranking query 634. Elapsed time since start: 9584.36 seconds.
Error parsing or validating JSON: Expecting value: line 1 column 1 (char 0)
Failed to parse JSON. Raw response: '```python
[68, 69, 70, 20, 21, 22, 15, 16, 17, 30, 31, 23, 24, 25, 7, 8, 5, 6, 9, 10, 11, 12, 13, 14, 32, 33, 34, 35, 36, 37, 38, 39, 40, 41, 42, 43, 44, 45, 46, 47, 48, 49, 50, 51, 52, 53, 54, 55, 56, 57, 58, 59, 60, 61, 62, 63, 64, 65, 66, 67, 71, 72, 73, 74, 75, 76, 77, 78, 79, 80, 81, 82, 83, 84, 85, 86, 87, 88, 89, 90, 91, 92, 93, 94, 95, 96, 97, 98, 99, 3, 4, 26, 27, 28, 29, 18, 19, 0, 1, 2, 99, 99, 99, 99, 99, 99, 99, 99, 99, 99, 99, 99, 99, 99, 99, 99, 99, 99, 99, 99, 99, 99, 99, 99, 99, 99, 99, 99, 99, 99, 99, 99, 99, 99, 99, 99, 99, 99, 99, 99, 99, 99, 99, 99, 99, 99, 99, 99, 99, 99, 99, 99, 99, 99, 99, 99, 99, 99, 99, 99, 99, 99, 99, 99, 99, 99, 99, 99, 99, 99, 99, 99, 99, 99, 99, 99, 99, 99, 99, 99, 99, 99, 99, 99, 99, 99, 99, 99, 99, 99, 99, 99, 99, 99, 99, 99, 99, 99, 99, 99, 99, 99, 99, 99, 99, 99, 99, 99, 99, 99, 99, 99, 99, 99, 99, 99, 99, 99, 99, 99, 99, 99, 99, 99, 99, 99, 99, 99, 99, 99, 99, 99, 99, 99, 99, 99, 99, 99, 99, 99, 99, 99, 99, 99, 99, 99, 99, 99, 99, 99, 99, 99, 99, 99, 99, 99, 99, 99, 99, 99, 99, 99, 99, 99, 99, 99, 99, 99, 99, 99, 99, 99, 99, 99, 99, 99, 99, 99, 99, 99, 99, 99, 99, 99, 99, 99, 99, 99, 99, 99, 99, 99, 99, 99, 99, 99, 99, 99, 99, 99, 99, 99, 99, 99, 99, 99, 99, 99, 99, 99, 99, 99, 99, 99, 99, 99, 99, 99, 99, 99, 99, 99, 99, 99, 99, 99, 99, 99, 99, 99, 99, 99, 99, 99, 99, 99, 99, 99, 99, 99, 99, 99, 99, 99, 99, 99, 99, 99, 99, 99, 99, 99, 99, 99, 99, 99, 99, 99, 99, 99, 99, 99, 99, 99, 99, 99, 99, 99, 99, 99, 99, 99, 99, 99, 99, 99, 99, 99, 99, 99, 99, 99, 99, 99, 99, 99, 99, 99, 99, 99, 99, 99, 99, 99, 99, 99, 99, 99, 99, 99, 99, 99, 99, 99, 99, 99, 99, 99, 99, 99, 99, 99, 99, 99, 99, 99, 99, 99, 99, 99, 99, 99, 99, 99, 99, 99, 99, 99, 99, 99, 99, 99, 99, 99, 99, 99, 99, 99, 99, 99, 99, 99, 99, 99, 99, 99, 99, 99, 99, 99, 99, 99, 99, 99, 99, 99, 99, 99, 99, 99, 99, 99, 99, 99, 99, 99, 99, 99, 99, 99, 99, 99, 99, 99, 99, 99, 99, 99, 99, 99, 99, 99, 99, 99, 99, 99, 99, 99, 99, 99, 99, 99, 99, 99, 99, 99, 99, 99, 99, 99, 99, 99, 99, 99, 99, 99, 99, 99, 99, 99, 99, 99, 99, 99, 99, 99, 99, 99, 99, 99, 99, 99, 99, 99, 99, 99, 99, 99, 99, 99, 99, 99, 99, 99, 99, 99, 99, 99, 99, 99, 99, 99, 99, 99, 99, 99, 99, 99, 99, 99, 99, 99, 99, 99, 99, 99, 99, 99, 99, 99, 99, 99, 99, 99, 99, 99, 99, 99, 99, 99, 99, 99, 99, 99, 99, 99, 99, 99, 99, 99, 99, 99, 99, 99, 99, 99, 99, 99, 99, 99, 99, 99, 99, 99, 99, 99, 99, 99, 99, 99, 99, 99, 99, 99, 99, 99, 99, 99, 99, 99, 99, 99, 99, 99, 99, 99, 99, 99, 99, 99, 99, 99, 99, 99, 99, 99, 99, 99, 99, 99, 99, 99, 99, 99, 99, 99, 99, 99, 99, 99, 99, 99, 99, 99, 99, 99, 99, 99, 99, 99, 99, 99, 99, 99, 99, 99, 99, 99, 99, 99, 99, 99, 99, 99, 99, 99, 99, 99, 99, 99, 99, 99, 99, 99, 99, 99, 99, 99, 99, 99, 99, 99, 99, 99, 99, 99, 99, 99, 99, 99, 99, 99, 99, 99, 99, 99, 99, 99, 99, 99, 99, 99, 99, 99, 99, 99, 99, 99, 99, 99, 99, 99, 99, 99, 99, 99, 99, 99, 99, 99, 99, 99, 99, 99, 99, 99, 99, 99, 99, 99, 99, 99, 99, 99, 99, 99, 99, 99, 99, 99, 99, 99, 99, 99, 99, 99, 99, 99, 99, 99, 99, 99, 99, 99, 99, 99, 99, 99, 99, 99, 99, 99, 99, 99, 99, 99, 99, 99, 99, 99, 99, 99, 99, 99, 99, 99, 99, 99, 99, 99, 99, 99, 99, 99, 99, 99, 99, 99, 99, 99, 99, 99, 99, 99, 99, 99, 99, 99, 99, 99, 99, 99, 99, 99, 99, 99, 99, 99, 99, 99, 99, 99, 99, 99, 99, 99, 99, 99, 99, 99, 99, 99, 99, 99, 99, 99, 99, 99, 99, 99, 99, 99, 99, 99, 99, 99, 99, 99, 99, 99, 99, 99, 99, 99, 99, 99, 99, 99, 99, 99, 99, 99, 99, 99, 99, 99, 99, 99, 99, 99, 99, 99, 99, 99, 99, 99, 99, 99, 99, 99, 99, 99, 99, 99, 99, 99, 99, 99, 99, 99, 99, 99, 99, 99, 99, 99, 99, 99, 99, 99, 99, 99, 99, 99, 99, 99, 99, 99, 99, 99, 99, 99, 99, 99, 99, 99, 99, 99, 99, 99, 99, 99, 99, 99, 99, 99, 99, 99, 99, 99, 99, 99, 99, 99, 99, 99, 99, 99, 99, 99, 99, 99, 99, 99, 99, 99, 99, 99, 99, 99, 99, 99, 99, 99, 99, 99, 99, 99, 99, 99, 99, 99, 99, 99, 99, 99, 99, 99, 99, 99, 99, 99, 99, 99, 99, 99, 99, 99, 99, 99, 99, 99, 99, 99, 99, 99, 99, 99, 99, 99, 99, 99, 99, 99, 99, 99, 99, 99, 99, 99, 99, 99, 99, 99, 99, 99, 99, 99, 99, 99, 99, 99, 99, 99, 99, 99, 99, 99, 99, 99, 99, 99, 99, 99, 99, 99, 99, 99, 99, 99, 99, 99, 99, 99, 99, 99, 99, 99, 99, 99, 99, 99, 99, 99, 99, 99, 99, 99, 99, 99, 99, 99, 99, 99, 99, 99, 99, 99, 99, 99, 99, 99, 99, 99, 99, 99, 99, 99, 99, 99, 99, 99, 99, 99, 99, 99, 99, 99, 99, 99, 99, 99, 99, 99, 99, 99, 99, 99, 99, 99, 99, 99, 99, 99, 99, 99, 99, 99, 99, 99, 99, 99, 99, 99, 99, 99, 99, 99, 99, 99, 99, 99, 99, 99, 99, 99, 99, 99, 99, 99, 99, 99, 99, 99, 99, 99, 99, 99, 99, 99, 99, 99, 99, 99, 99, 99, 99, 99, 99, 99, 99, 99, 99, 99, 99, 99, 99, 99, 99, 99, 99, 99, 99, 99, 99, 99, 99, 99, 99, 99, 99, 99, 99, 99, 99, 99, 99, 99, 99, 99, 99, 99, 99, 99, 99, 99, 99, 99, 99, 99, 99, 99, 99, 99, 99, 99, 99, 99, 99, 99, 99, 99, 99, 99, 99, 99, 99, 99, 99, 99, 99, 99, 99, 99, 99, 99, 99, 99, 99, 99, 99, 99, 99, 99, 99, 99, 99, 99, 99, 99, 99, 99, 99, 99, 99, 99, 99, 99, 99, 99, 99, 99, 99, 99, 99, 99, 99, 99, 99, 99, 99, 99, 99, 99, 99, 99, 99, 99, 99, 99, 99, 99, 99, 99, 99, 99, 99, 99, 99, 99, 99, 99, 99, 99, 99, 99, 99, 99, 99, 99, 99, 99, 99, 99, 99, 99, 99, 99, 99, 99, 99, 99, 99, 99, 99, 99, 99, 99, 99, 99, 99, 99, 99, 99, 99, 99, 99, 99, 99, 99, 99, 99, 99, 99, 99, 99, 99, 99, 99, 99, 99, 99, 99, 99, 99, 99, 99, 99, 99, 99, 99, 99, 99, 99, 99, 99, 99, 99, 99, 99, 99, 99, 99, 99, 99, 99, 99, 99, 99, 99, 99, 99, 99, 99, 99, 99, 99, 99, 99, 99, 99, 99, 99, 99, 99, 99, 99, 99, 99, 99, 99, 99, 99, 99, 99, 99, 99, 99, 99, 99, 99, 99, 99, 99, 99, 99, 99, 99, 99, 99, 99, 99, 99, 99, 99, 99, 99, 99, 99, 99, 99, 99, 99, 99, 99, 99, 99, 99, 99, 99, 99, 99, 99, 99, 99, 99, 99, 99, 99, 99, 99, 99, 99, 99, 99, 99, 99, 99, 99, 99, 99, 99, 99, 99, 99, 99, 99, 99, 99, 99, 99, 99, 99, 99, 99, 99, 99, 99, 99, 99, 99, 99, 99, 99, 99, 99, 99, 99, 99, 99, 99, 99, 99, 99, 99, 99, 99, 99, 99, 99, 99, 99, 99, 99, 99, 99, 99, 99, 99, 99, 99, 99, 99, 99, 99, 99, 99, 99, 99, 99, 99, 99, 99, 99, 99, 99, 99, 99, 99, 99, 99, 99, 99, 99, 99, 99, 99, 99, 99, 99, 99, 99, 99, 99, 99, 99, 99, 99, 99, 99, 99, 99, 99, 99, 99, 99, 99, 99, 99, 99, 99, 99, 99, 99, 99, 99, 99, 99, 99, 99, 99, 99, 99, 99, 99, 99, 99, 99, 99, 99, 99, 99, 99, 99, 99, 99, 99, 99, 99, 99, 99, 99, 99, 99, 99, 99, 99, 99, 99, 99, 99, 99, 99, 99, 99, 99, 99, 99, 99, 99, 99, 99, 99, 99, 99, 99, 99, 99, 99, 99, 99, 99, 99, 99, 99, 99, 99, 99, 99, 99, 99, 99, 99, 99, 99, 99, 99, 99, 99, 99, 99, 99, 99, 99, 99, 99, 99, 99, 99, 99, 99, 99, 99, 99, 99, 99, 99, 99, 99, 99, 99, 99, 99, 99, 99, 99, 99, 99, 99, 99, 99, 99, 99, 99, 99, 99, 99, 99, 99, 99, 99, 99, 99, 99, 99, 99, 99, 99, 99, 99, 99, 99, 99, 99, 99, 99, 99, 99, 99, 99, 99, 99, 99, 99, 99, 99, 99, 99, 99, 99, 99, 99, 99, 99, 99, 99, 99, 99, 99, 99, 99, 99, 99, 99, 99, 99, 99, 99, 99, 99, 99, 99, 99, 99, 99, 99, 99, 99, 99, 99, 99, 99, 99, 99, 99, 99, 99, 99, 99, 99, 99, 99, 99, 99, 99, 99, 99, 99, 99, 99, 99, 99, 99, 99, 99, 99, 99, 99, 99, 99, 99, 99, 99, 99, 99, 99, 99, 99, 99, 99, 99, 99, 99, 99, 99, 99, 99, 99, 99, 99, 99, 99, 99, 99, 99, 99, 99, 99, 99, 99, 99, 99, 99, 99, 99, 99, 99, 99, 99, 99, 99, 99, 99, 99, 99, 99, 99, 99, 99, 99, 99, 99, 99, 99, 99, 99, 99, 99, 99, 99, 99, 99, 99, 99, 99, 99, 99, 99, 99, 99, 99, 99, 99, 99, 99, 99, 99, 99, 99, 99, 99, 99, 99, 99, 99, 99, 99, 99, 99, 99, 99, 99, 99, 99, 99, 99, 99, 99, 99, 99, 99, 99, 99, 99, 99, 99, 99, 99, 99, 99, 99, 99, 99, 99, 99, 99, 99, 99, 99, 99, 99, 99, 99, 99, 99, 99, 99, 99, 99, 99, 99, 99, 99, 99, 99, 99, 99, 99, 99, 99, 99, 99, 99, 99, 99, 99, 99, 99, 99, 99, 99, 99, 99, 99, 99, 99, 99, 99, 99, 99, 99, 99, 99, 99, 99, 99, 99, 99, 99, 99, 99, 99, 99, 99, 99, 99, 99, 99, 99, 99, 99, 99, 99, 99, 99, 99, 99, 99, 99, 99, 99, 99, 99, 99, 99, 99, 99, 99, 99, 99, 99, 99, 99, 99, 99, 99, 99, 99, 99, 99, 99, 99, 99, 99, 99, 99, 99, 99, 99, 99, 99, 99, 99, 99, 99, 99, 99, 99, 99, 99, 99, 99, 99, 99, 99, 99, 99, 99, 99, 99, 99, 99, 99, 99, 99, 99, 99, 99, 99, 99, 99, 99, 99, 99, 99, 99, 99, 99, 99, 99, 99, 99, 99, 99, 99, 99, 99, 99, 99, 99, 99, 99, 99, 99, 99, 99, 99, 99, 99, 99, 99, 99, 99, 99, 99, 99, 99, 99, 99, 99, 99, 99, 99, 99, 99, 99, 99, 99, 99, 99, 99, 99, 99, 99, 99, 99, 99, 99, 99, 99, 99, 99, 99, 99, 99, 99, 99, 99, 99, 99, 99, 99, 99, 99, 99, 99, 99, 99, 99, 99, 99, 99, 99, 99, 99, 99, 99, 99, 99, 99, 99, 99, 99, 99, 99, 99, 99, 99, 99, 99, 99, 99, 99, 99, 99, 99, 99, 99, 99, 99, 99, 99, 99, 99, 99, 99, 99, 99, 99, 99, 99, 99, 99, 99, 99, 99, 99, 99, 99, 99, 99, 99, 99, 99, 99, 99, 99, 99, 99, 99, 99, 99, 99, 99, 99, 99, 99, 99, 99, 99, 99, 99, 99, 99, 99, 99, 99, 99, 99, 99, 99, 99, 99, 99, 99, 99, 99, 99, 99, 99, 99, 99, 99, 99, 99, 99, 99, 99, 99, 99, 99, 99, 99, 99, 99, 99, 99, 99, 99, 99, 99, 99, 99, 99, 99, 99, 99, 99, 99, 99, 99, 99, 99, 99, 99, 99, 99, 99, 99, 99, 99, 99, 99, 99, 99, 99, 99, 99, 99, 99, 99, 99, 99, 99, 99, 99, 99, 99, 99, 99, 99, 99, 99, 99, 99, 99, 99, 99, 99, 99, 99, 99, 99, 99, 99, 99, 99, 99, 99, 99, 99, 99, 99, 99, 99, 99, 99, 99, 99, 99, 99, 99, 99, 99, 99, 99, 99, 99, 99, 99, 99, 99, 99, 99, 99, 99, 99, 99, 99, 99, 99, 99, 99, 99, 99, 99, 99, 99, 99, 99, 99, 99, 99, 99, 99, 99, 99, 99, 99, 99, 99, 99, 99, 99, 99, 99, 99, 99, 99, 99, 99, 99, 99, 99, 99, 99, 99, 99, 99, 99, 99, 99, 99, 99, 99, 99, 99, 99, 99, 99, 99, 99, 99, 99, 99, 99, 99, 99, 99, 99, 99, 99, 99, 99, 99, 99, 99, 99, 99, 99, 99, 99, 99, 99, 99, 99, 99, 99, 99, 99, 99, 99, 99, 99, 99, 99, 99, 99, 99, 99, 99, 99, 99, 99, 99, 99, 99, 99, 99, 99, 99, 99, 99, 99, 99, 99, 99, 99, 99, 99, 99, 99, 99, 99, 99, 99, 99, 99, 99, 99, 99, 99, 99, 99, 99, 99, 99, 99, 99, 99, 99, 99, 99, 99, 99, 99, 99, 99, 99, 99, 99, 99, 99, 99, 99, 99, 99, 99, 99, 99, 99, 99, 99, 99, 99, 99, 99, 99, 99, 99, 99, 99, 99, 99, 99, 99, 99, 99, 99, 99, 99, 99, 99, 99, 99, 99, 99, 99, 99, 99, 99, 99, 99, 99, 99, 99, 99, 99, 99, 99, 99, 99, 99, 99, 99, 99, 99, 99, 99, 99, 99, 99, 99, 99, 99, 99, 99, 99, 99, 99, 99, 99, 99, 99, 99, 99, 99, 99, 99, 99, 99, 99, 99, 99, 99, 99, 99, 99, 99, 99, 99, 99, 99, 99, 99, 99, 99, 99, 99, 99, 99, 99, 99, 99, 99, 99, 99, 99, 99, 99, 99, 99, 99, 99, 99, 99, 99, 99, 99, 99, 99, 99, 99, 99, 99, 99, 99, 99, 99, 99, 99, 99, 99, 99, 99, 99, 99, 99, 99, 99, 99, 99, 99, 99, 99, 99, 99, 99, 99, 99, 99, 99, 99, 99, 99, 99, 99, 99, 99, 99, 99, 99, 99, 99, 99, 99, 99, 99, 99, 99, 99, 99, 99, 99, 99, 99, 99, 99, 99, 99, 99, 99, 99, 99, 99, 99, 99, 99, 99, 99, 99, 99, 99, 99, 99, 99, 99, 99, 99, 99, 99, 99, 99, 99, 99, 99, 99, 99, 99, 99, 99, 99, 99, 99, 99, 99, 99, 99, 99, 99, 99, 99, 99, 99, 99, 99, 99, 99, 99, 99, 99, 99, 99, 99, 99, 99, 99, 99, 99, 99, 99, 99, 99, 99, 99, 99, 99, 99, 99, 99, 99, 99, 99, 99, 99, 99, 99, 99, 99, 99, 99, 99, 99, 99, 99, 99, 99, 99, 99, 99, 99, 99, 99, 99, 99, 99, 99, 99, 99, 99, 99, 99, 99, 99, 99, 99, 99, 99, 99, 99, 99, 99, 99, 99, 99, 99, 99, 99, 99, 99, 99, 99, 99, 99, 99, 99, 99, 99, 99, 99, 99, 99, 99, 99, 99, 99, 99, 99, 99, 99, 99, 99, 99, 99, 99, 99, 99, 99, 99, 99, 99, 99, 99, 99, 99, 99, 99, 99, 99, 99, 99, 99, 99, 99, 99, 99, 99, 99, 99, 99, 99, 99, 99, 99, 99, 99, 99, 99, 99, 99, 99, 99, 99, 99, 99, 99, 99, 99, 99, 99, 99, 99, 99, 99, 99, 99, 99, 99, 99, 99, 99, 99, 99, 99, 99, 99, 99, 99, 99, 99, 99, 99, 99, 99, 99, 99, 99, 99, 99, 99, 99, 99, 99, 99, 99, 99, 99, 99, 99, 99, 99, 99, 99, 99, 99, 99, 99, 99, 99, 99, 99, 99, 99, 99, 99, 99, 99, 99, 99, 99, 99, 99, 99, 99, 99, 99, 99, 99, 99, 99, 99, 99, 99, 99, 99, 99, 99, 99, 99, 99, 99, 99, 99, 99, 99, 99, 99, 99, 99, 99, 99, 99, 99, 99, 99, 99, 99, 99, 99, 99, 99, 99, 99, 99, 99, 99, 99, 99, 99, 99, 99, 99, 99, 99, 99, 99, 99, 99, 99, 99, 99, 99, 99, 99, 99, 99, 99, 99, 99, 99, 99, 99, 99, 99, 99, 99, 99, 99, 99, 99, 99, 99, 99, 99, 99, 99, 99, 99, 99, 99, 99, 99, 99, 99, 99, 99, 99, 99, 99, 99, 99, 99, 99, 99, 99, 99, 99, 99, 99, 99, 99, 99, 99, 99, 99, 99, 99, 99, 99, 99, 99, 99, 99, 99, 99, 99, 99, 99, 99, 99, 99, 99, 99, 99, 99, 99, 99, 99, 99, 99, 99, 99, 99, 99, 99, 99, 99, 99, 99, 99, 99, 99, 99, 99, 99, 99, 99, 99, 99, 99, 99, 99, 99, 99, 99, 99, 99, 99, 99, 99, 99, 99, 99, 99, 99, 99, 99, 99, 99, 99, 99, 99, 99, 99, 99, 99, 99, 99, 99, 99, 99, 99, 99, 99, 99, 99, 99, 99, 99, 99, 99, 99, 99, 99, 99, 99, 99, 99, 99, 99, 99, 99, 99, 99, 99, 99, 99, 99, 99, 99, 99, 99, 99, 99, 99, 99, 99, 99, 99, 99, 99, 99, 99, 99, 99, 99, 99, 99, 99, 99, 99, 99, 99, 99, 99, 99, 99, 99, 99, 99, 99, 99, 99, 99, 99, 99, 99, 99, 99, 99, 99, 99, 99, 99, 99, 99, 99, 99, 99, 99, 99, 99, 99, 99, 99, 99, 99, 99, 99, 99, 99, 99, 99, 99, 99, 99, 99, 99, 99, 99, 99, 99, 99, 99, 99, 99, 99, 99, 99, 99, 99, 99, 99, 99, 99, 99, 99, 99, 99, 99, 99, 99, 99, 99, 99, 99, 99, 99, 99, 99, 99, 99, 99, 99, 99, 99, 99, 99, 99, 99, 99, 99, 99, 99, 99, 99, 99, 99, 99, 99, 99, 99, 99, 99, 99, 99, 99, 99, 99, 99, 99, 99, 99, 99, 99, 99, 99, 99, 99, 99, 99, 99, 99, 99, 99, 99, 99, 99, 99, 99, 99, 99, 99, 99, 99, 99, 99, 99, 99, 99, 99, 99, 99, 99, 99, 99, 99, 99, 99, 99, 99, 99, 99, 99, 99, 99, 99, 99, 99, 99, 99, 99, 99, 99, 99, 99, 99, 99, 99, 99, 99, 99, 99, 99, 99, 99, 99, 99, 99, 99, 99, 99, 99, 99, 99, 99, 99, 99, 99, 99, 99, 99, 99, 99, 99, 99, 99, 99, 99, 99, 99, 99, 99, 99, 99, 99, 99, 99, 99, 99, 99, 99, 99, 99, 99, 99, 99, 99, 99, 99, 99, 99, 99, 99, 99, 99, 99, 99, 99, 99, 99, 99, 99, 99, 99, 99, 99, 99, 99, 99, 99, 99, 99, 99, 99,  99, 99, 99, 99, 99, 99, 99, 99, 99, 99, 99, 99, 99, 99, 99, 99, 99, 99, 99, 99, 99, 99, 99, 99, 99, 99, 99, 99, 99, 99, 99, 99, 99, 99, 99, 99, 99, 99, 99, 99, 99, 99, 99, 99, 99, 99, 99, 99, 99, 99, 99, 99, 99, 99, 99, 99, 99, 99, 99, 99, 99, 99, 99, 99, 99, 99, 99, 99, 99, 99, 99, 99, 99, 99, 99, 99, 99, 99, 99, 99, 99, 99, 99, 99, 99, 99, 99, 99, 99, 99, 99, 99, 99, 99, 99, 99, 99, 99, 99, 99, 99, 99, 99, 99, 99, 99, 99, 99, 99, 99, 99, 99, 99, 99, 99, 99, 99, 99, 99, 99, 99, 99, 99, 99, 99, 99, 99, 99, 99, 99, 99, 99, 99, 99, 99, 99, 99, 99, 99, 99, 99, 99, 99, 99, 99, 99, 99, 99, 99, 99, 99, 99, 99, 99, 99, 99, 99, 99, 99, 99, 99, 99, 99, 99, 99, 99, 99, 99, 9'
Done reranking query 635. Elapsed time since start: 9636.12 seconds.
Done reranking query 636. Elapsed time since start: 9649.59 seconds.
Done reranking query 637. Elapsed time since start: 9663.43 seconds.
Done reranking query 638. Elapsed time since start: 9713.59 seconds.
Done reranking query 639. Elapsed time since start: 9740.08 seconds.
Done reranking query 640. Elapsed time since start: 9759.50 seconds.
Done reranking query 641. Elapsed time since start: 9772.74 seconds.
Done reranking query 642. Elapsed time since start: 9784.89 seconds.
Done reranking query 643. Elapsed time since start: 9799.64 seconds.
Done reranking query 644. Elapsed time since start: 9822.51 seconds.
Done reranking query 645. Elapsed time since start: 9832.10 seconds.
Saved 645 reranked responses to Gemini_text-reranked-100-indices.json
Saved 645 reranked responses to Gemini_structured-reranked-100-indices.json
Done reranking query 646. Elapsed time since start: 9841.16 seconds.
Done reranking query 647. Elapsed time since start: 9851.45 seconds.
Done reranking query 648. Elapsed time since start: 9857.85 seconds.
Done reranking query 649. Elapsed time since start: 9870.68 seconds.
Done reranking query 650. Elapsed time since start: 9877.56 seconds.
Done reranking query 651. Elapsed time since start: 9891.98 seconds.
Done reranking query 652. Elapsed time since start: 9902.25 seconds.
Done reranking query 653. Elapsed time since start: 9912.17 seconds.
Done reranking query 654. Elapsed time since start: 9925.94 seconds.
Done reranking query 655. Elapsed time since start: 9933.11 seconds.
Done reranking query 656. Elapsed time since start: 9956.53 seconds.
Done reranking query 657. Elapsed time since start: 9969.68 seconds.
Done reranking query 658. Elapsed time since start: 9976.40 seconds.
Done reranking query 659. Elapsed time since start: 9983.37 seconds.
Done reranking query 660. Elapsed time since start: 9992.05 seconds.
Saved 660 reranked responses to Gemini_text-reranked-100-indices.json
Saved 660 reranked responses to Gemini_structured-reranked-100-indices.json
Done reranking query 661. Elapsed time since start: 10001.08 seconds.
Done reranking query 662. Elapsed time since start: 10010.02 seconds.
Done reranking query 663. Elapsed time since start: 10016.64 seconds.
Done reranking query 664. Elapsed time since start: 10028.21 seconds.
Done reranking query 665. Elapsed time since start: 10044.06 seconds.
Done reranking query 666. Elapsed time since start: 10050.82 seconds.
Done reranking query 667. Elapsed time since start: 10063.23 seconds.
Done reranking query 668. Elapsed time since start: 10072.17 seconds.
Done reranking query 669. Elapsed time since start: 10079.58 seconds.
Done reranking query 670. Elapsed time since start: 10087.16 seconds.
Done reranking query 671. Elapsed time since start: 10100.87 seconds.
Done reranking query 672. Elapsed time since start: 10116.54 seconds.
Done reranking query 673. Elapsed time since start: 10129.21 seconds.
Done reranking query 674. Elapsed time since start: 10166.80 seconds.
Done reranking query 675. Elapsed time since start: 10177.83 seconds.
Saved 675 reranked responses to Gemini_text-reranked-100-indices.json
Saved 675 reranked responses to Gemini_structured-reranked-100-indices.json
Done reranking query 676. Elapsed time since start: 10198.54 seconds.
Done reranking query 677. Elapsed time since start: 10241.93 seconds.
Done reranking query 678. Elapsed time since start: 10299.77 seconds.
Done reranking query 679. Elapsed time since start: 10340.31 seconds.
Done reranking query 680. Elapsed time since start: 10397.64 seconds.
Done reranking query 681. Elapsed time since start: 10414.79 seconds.
Done reranking query 682. Elapsed time since start: 10471.16 seconds.
Done reranking query 683. Elapsed time since start: 10478.40 seconds.
Done reranking query 684. Elapsed time since start: 10494.89 seconds.
Done reranking query 685. Elapsed time since start: 10504.91 seconds.
Done reranking query 686. Elapsed time since start: 10513.97 seconds.
Done reranking query 687. Elapsed time since start: 10520.98 seconds.
Done reranking query 688. Elapsed time since start: 10530.50 seconds.
Done reranking query 689. Elapsed time since start: 10562.49 seconds.
Done reranking query 690. Elapsed time since start: 10570.00 seconds.
Saved 690 reranked responses to Gemini_text-reranked-100-indices.json
Saved 690 reranked responses to Gemini_structured-reranked-100-indices.json
Done reranking query 691. Elapsed time since start: 10578.96 seconds.
Done reranking query 692. Elapsed time since start: 10601.86 seconds.
Done reranking query 693. Elapsed time since start: 10618.42 seconds.
Done reranking query 694. Elapsed time since start: 10626.05 seconds.
Done reranking query 695. Elapsed time since start: 10640.38 seconds.
Done reranking query 696. Elapsed time since start: 10668.46 seconds.
Done reranking query 697. Elapsed time since start: 10675.82 seconds.
Done reranking query 698. Elapsed time since start: 10695.51 seconds.
Done reranking query 699. Elapsed time since start: 10709.02 seconds.
Done reranking query 700. Elapsed time since start: 10726.14 seconds.
Done reranking query 701. Elapsed time since start: 10734.99 seconds.
Done reranking query 702. Elapsed time since start: 10751.79 seconds.
Done reranking query 703. Elapsed time since start: 10802.20 seconds.
Done reranking query 704. Elapsed time since start: 10825.40 seconds.
Done reranking query 705. Elapsed time since start: 10834.43 seconds.
Saved 705 reranked responses to Gemini_text-reranked-100-indices.json
Saved 705 reranked responses to Gemini_structured-reranked-100-indices.json
Done reranking query 706. Elapsed time since start: 10849.72 seconds.
Done reranking query 707. Elapsed time since start: 10857.47 seconds.
Done reranking query 708. Elapsed time since start: 10865.14 seconds.
Done reranking query 709. Elapsed time since start: 10889.30 seconds.
Done reranking query 710. Elapsed time since start: 10899.78 seconds.
Done reranking query 711. Elapsed time since start: 10907.64 seconds.
Done reranking query 712. Elapsed time since start: 10935.94 seconds.
Done reranking query 713. Elapsed time since start: 10943.77 seconds.
Done reranking query 714. Elapsed time since start: 10964.70 seconds.
Done reranking query 715. Elapsed time since start: 10972.27 seconds.
Done reranking query 716. Elapsed time since start: 10993.66 seconds.
Done reranking query 717. Elapsed time since start: 11001.50 seconds.
Done reranking query 718. Elapsed time since start: 11009.92 seconds.
Done reranking query 719. Elapsed time since start: 11027.49 seconds.
Done reranking query 720. Elapsed time since start: 11034.69 seconds.
Saved 720 reranked responses to Gemini_text-reranked-100-indices.json
Saved 720 reranked responses to Gemini_structured-reranked-100-indices.json
Done reranking query 721. Elapsed time since start: 11049.78 seconds.
Done reranking query 722. Elapsed time since start: 11068.28 seconds.
Done reranking query 723. Elapsed time since start: 11077.47 seconds.
Done reranking query 724. Elapsed time since start: 11122.54 seconds.
Done reranking query 725. Elapsed time since start: 11128.49 seconds.
Done reranking query 726. Elapsed time since start: 11138.27 seconds.
Done reranking query 727. Elapsed time since start: 11153.68 seconds.
Done reranking query 728. Elapsed time since start: 11173.40 seconds.
Done reranking query 729. Elapsed time since start: 11192.75 seconds.
Done reranking query 730. Elapsed time since start: 11218.37 seconds.
Done reranking query 731. Elapsed time since start: 11227.84 seconds.
Done reranking query 732. Elapsed time since start: 11241.66 seconds.
Done reranking query 733. Elapsed time since start: 11250.28 seconds.
Done reranking query 734. Elapsed time since start: 11276.17 seconds.
Done reranking query 735. Elapsed time since start: 11296.47 seconds.
Saved 735 reranked responses to Gemini_text-reranked-100-indices.json
Saved 735 reranked responses to Gemini_structured-reranked-100-indices.json
Done reranking query 736. Elapsed time since start: 11305.54 seconds.
Done reranking query 737. Elapsed time since start: 11318.43 seconds.
Done reranking query 738. Elapsed time since start: 11346.55 seconds.
Done reranking query 739. Elapsed time since start: 11359.52 seconds.
Done reranking query 740. Elapsed time since start: 11365.78 seconds.
Done reranking query 741. Elapsed time since start: 11375.25 seconds.
Done reranking query 742. Elapsed time since start: 11387.99 seconds.
Done reranking query 743. Elapsed time since start: 11406.24 seconds.
Done reranking query 744. Elapsed time since start: 11412.96 seconds.
Done reranking query 745. Elapsed time since start: 11432.76 seconds.
Done reranking query 746. Elapsed time since start: 11439.51 seconds.
Done reranking query 747. Elapsed time since start: 11446.82 seconds.
Done reranking query 748. Elapsed time since start: 11465.51 seconds.
Done reranking query 749. Elapsed time since start: 11472.85 seconds.
Done reranking query 750. Elapsed time since start: 11525.70 seconds.
Saved 750 reranked responses to Gemini_text-reranked-100-indices.json
Saved 750 reranked responses to Gemini_structured-reranked-100-indices.json
Done reranking query 751. Elapsed time since start: 11535.70 seconds.
Done reranking query 752. Elapsed time since start: 11557.57 seconds.
Done reranking query 753. Elapsed time since start: 11570.68 seconds.
Done reranking query 754. Elapsed time since start: 11579.20 seconds.
Done reranking query 755. Elapsed time since start: 11587.03 seconds.
Done reranking query 756. Elapsed time since start: 11595.37 seconds.
Done reranking query 757. Elapsed time since start: 11615.05 seconds.
Done reranking query 758. Elapsed time since start: 11626.79 seconds.
Done reranking query 759. Elapsed time since start: 11658.86 seconds.
Done reranking query 760. Elapsed time since start: 11677.30 seconds.
Done reranking query 761. Elapsed time since start: 11696.36 seconds.
Done reranking query 762. Elapsed time since start: 11727.80 seconds.
Done reranking query 763. Elapsed time since start: 11735.53 seconds.
Done reranking query 764. Elapsed time since start: 11744.99 seconds.
Done reranking query 765. Elapsed time since start: 11755.39 seconds.
Saved 765 reranked responses to Gemini_text-reranked-100-indices.json
Saved 765 reranked responses to Gemini_structured-reranked-100-indices.json
Done reranking query 766. Elapsed time since start: 11792.95 seconds.
Done reranking query 767. Elapsed time since start: 11814.69 seconds.
Done reranking query 768. Elapsed time since start: 11870.42 seconds.
Done reranking query 769. Elapsed time since start: 11880.67 seconds.
Done reranking query 770. Elapsed time since start: 11905.20 seconds.
Done reranking query 771. Elapsed time since start: 11912.98 seconds.
Done reranking query 772. Elapsed time since start: 11921.76 seconds.
Error parsing or validating JSON: Expecting value: line 1 column 1 (char 0)
Failed to parse JSON. Raw response: '<output truncated>'
Done reranking query 773. Elapsed time since start: 11936.73 seconds.
Done reranking query 774. Elapsed time since start: 11944.56 seconds.
Done reranking query 775. Elapsed time since start: 11960.76 seconds.
Done reranking query 776. Elapsed time since start: 11970.65 seconds.
Done reranking query 777. Elapsed time since start: 11979.79 seconds.
Done reranking query 778. Elapsed time since start: 11998.49 seconds.
Done reranking query 779. Elapsed time since start: 12005.59 seconds.
Done reranking query 780. Elapsed time since start: 12015.16 seconds.
Saved 780 reranked responses to Gemini_text-reranked-100-indices.json
Saved 780 reranked responses to Gemini_structured-reranked-100-indices.json
Done reranking query 781. Elapsed time since start: 12026.80 seconds.
Done reranking query 782. Elapsed time since start: 12039.85 seconds.
Done reranking query 783. Elapsed time since start: 12055.87 seconds.
Done reranking query 784. Elapsed time since start: 12068.72 seconds.
Done reranking query 785. Elapsed time since start: 12087.23 seconds.
Done reranking query 786. Elapsed time since start: 12094.59 seconds.
Done reranking query 787. Elapsed time since start: 12105.44 seconds.
Done reranking query 788. Elapsed time since start: 12135.50 seconds.
Done reranking query 789. Elapsed time since start: 12156.63 seconds.
Done reranking query 790. Elapsed time since start: 12189.44 seconds.
Done reranking query 791. Elapsed time since start: 12197.85 seconds.
Done reranking query 792. Elapsed time since start: 12212.35 seconds.
Done reranking query 793. Elapsed time since start: 12222.49 seconds.
Done reranking query 794. Elapsed time since start: 12234.45 seconds.
Done reranking query 795. Elapsed time since start: 12244.24 seconds.
Saved 795 reranked responses to Gemini_text-reranked-100-indices.json
Saved 795 reranked responses to Gemini_structured-reranked-100-indices.json
Done reranking query 796. Elapsed time since start: 12261.30 seconds.
Done reranking query 797. Elapsed time since start: 12268.26 seconds.
Done reranking query 798. Elapsed time since start: 12283.95 seconds.
Done reranking query 799. Elapsed time since start: 12292.68 seconds.
Done reranking query 800. Elapsed time since start: 12301.70 seconds.
Done reranking query 801. Elapsed time since start: 12309.33 seconds.
Done reranking query 802. Elapsed time since start: 12319.78 seconds.
Done reranking query 803. Elapsed time since start: 12370.33 seconds.
Done reranking query 804. Elapsed time since start: 12384.90 seconds.
Done reranking query 805. Elapsed time since start: 12393.47 seconds.
Done reranking query 806. Elapsed time since start: 12401.24 seconds.
Done reranking query 807. Elapsed time since start: 12414.22 seconds.
Done reranking query 808. Elapsed time since start: 12422.79 seconds.
Done reranking query 809. Elapsed time since start: 12450.91 seconds.
Done reranking query 810. Elapsed time since start: 12459.18 seconds.
Saved 810 reranked responses to Gemini_text-reranked-100-indices.json
Saved 810 reranked responses to Gemini_structured-reranked-100-indices.json
Done reranking query 811. Elapsed time since start: 12471.64 seconds.
Done reranking query 812. Elapsed time since start: 12479.27 seconds.
Done reranking query 813. Elapsed time since start: 12486.18 seconds.
Done reranking query 814. Elapsed time since start: 12511.93 seconds.
Done reranking query 815. Elapsed time since start: 12531.39 seconds.
Done reranking query 816. Elapsed time since start: 12548.00 seconds.
Done reranking query 817. Elapsed time since start: 12554.99 seconds.
Done reranking query 818. Elapsed time since start: 12562.61 seconds.
Done reranking query 819. Elapsed time since start: 12581.60 seconds.
Done reranking query 820. Elapsed time since start: 12590.24 seconds.
Done reranking query 821. Elapsed time since start: 12610.05 seconds.
Done reranking query 822. Elapsed time since start: 12617.16 seconds.
Done reranking query 823. Elapsed time since start: 12633.26 seconds.
Done reranking query 824. Elapsed time since start: 12647.86 seconds.
Done reranking query 825. Elapsed time since start: 12656.89 seconds.
Saved 825 reranked responses to Gemini_text-reranked-100-indices.json
Saved 825 reranked responses to Gemini_structured-reranked-100-indices.json
Done reranking query 826. Elapsed time since start: 12664.44 seconds.
Done reranking query 827. Elapsed time since start: 12672.16 seconds.
Done reranking query 828. Elapsed time since start: 12688.40 seconds.
Done reranking query 829. Elapsed time since start: 12696.34 seconds.
Done reranking query 830. Elapsed time since start: 12715.01 seconds.
Done reranking query 831. Elapsed time since start: 12757.78 seconds.
Done reranking query 832. Elapsed time since start: 12766.40 seconds.
Done reranking query 833. Elapsed time since start: 12807.90 seconds.
Done reranking query 834. Elapsed time since start: 12826.32 seconds.
Done reranking query 835. Elapsed time since start: 12837.07 seconds.
Done reranking query 836. Elapsed time since start: 12845.71 seconds.
Done reranking query 837. Elapsed time since start: 12865.86 seconds.
Done reranking query 838. Elapsed time since start: 12875.20 seconds.
Done reranking query 839. Elapsed time since start: 12894.93 seconds.
Done reranking query 840. Elapsed time since start: 12903.27 seconds.
Saved 840 reranked responses to Gemini_text-reranked-100-indices.json
Saved 840 reranked responses to Gemini_structured-reranked-100-indices.json
Done reranking query 841. Elapsed time since start: 12911.00 seconds.
Done reranking query 842. Elapsed time since start: 12918.19 seconds.
Done reranking query 843. Elapsed time since start: 12927.90 seconds.
Done reranking query 844. Elapsed time since start: 12941.60 seconds.
Done reranking query 845. Elapsed time since start: 12993.63 seconds.
Done reranking query 846. Elapsed time since start: 13011.64 seconds.
Done reranking query 847. Elapsed time since start: 13036.18 seconds.
Done reranking query 848. Elapsed time since start: 13064.30 seconds.
Done reranking query 849. Elapsed time since start: 13074.39 seconds.
Done reranking query 850. Elapsed time since start: 13083.06 seconds.
Done reranking query 851. Elapsed time since start: 13095.21 seconds.
Done reranking query 852. Elapsed time since start: 13102.28 seconds.
Done reranking query 853. Elapsed time since start: 13149.61 seconds.
Done reranking query 854. Elapsed time since start: 13156.75 seconds.
Done reranking query 855. Elapsed time since start: 13164.20 seconds.
Saved 855 reranked responses to Gemini_text-reranked-100-indices.json
Saved 855 reranked responses to Gemini_structured-reranked-100-indices.json
Done reranking query 856. Elapsed time since start: 13171.96 seconds.
Done reranking query 857. Elapsed time since start: 13183.66 seconds.
Done reranking query 858. Elapsed time since start: 13190.10 seconds.
Done reranking query 859. Elapsed time since start: 13200.85 seconds.
Done reranking query 860. Elapsed time since start: 13214.04 seconds.
Done reranking query 861. Elapsed time since start: 13231.01 seconds.
Done reranking query 862. Elapsed time since start: 13250.55 seconds.
Done reranking query 863. Elapsed time since start: 13299.79 seconds.
Done reranking query 864. Elapsed time since start: 13310.65 seconds.
Done reranking query 865. Elapsed time since start: 13323.31 seconds.
Done reranking query 866. Elapsed time since start: 13330.55 seconds.
Done reranking query 867. Elapsed time since start: 13351.13 seconds.
Done reranking query 868. Elapsed time since start: 13359.83 seconds.
Done reranking query 869. Elapsed time since start: 13367.90 seconds.
Done reranking query 870. Elapsed time since start: 13383.41 seconds.
Saved 870 reranked responses to Gemini_text-reranked-100-indices.json
Saved 870 reranked responses to Gemini_structured-reranked-100-indices.json
Done reranking query 871. Elapsed time since start: 13415.71 seconds.
Done reranking query 872. Elapsed time since start: 13426.69 seconds.
Error parsing or validating JSON: Expecting value: line 1 column 1 (char 0)
Failed to parse JSON. Raw response: '<output>
[0, 2, 6, 7, 11, 19, 21, 23, 25, 26, 29, 31, 32, 34, 36, 44, 46, 47, 48, 49, 50, 52, 61, 62, 64, 69, 74, 78, 79, 80, 81, 82, 85, 88, 89, 90, 91, 93, 95, 96, 97, 98, 99, 1, 3, 4, 5, 8, 9, 10, 12, 13, 14, 15, 16, 17, 18, 20, 22, 24, 27, 28, 30, 33, 37, 38, 39, 40, 41, 42, 43, 45, 51, 53, 54, 55, 56, 57, 58, 59, 60, 63, 65, 66, 67, 68, 70, 71, 72, 73, 75, 76, 77, 83, 84, 86, 87, 92, 94]
</output>'
Done reranking query 873. Elapsed time since start: 13448.73 seconds.
Done reranking query 874. Elapsed time since start: 13456.77 seconds.
Done reranking query 875. Elapsed time since start: 13470.49 seconds.
Error parsing or validating JSON: Expecting ',' delimiter: line 1 column 11832 (char 11831)
Failed to parse JSON. Raw response: '[0, 1, 2, 31, 47, 64, 83, 84, 12, 3, 19, 52, 40, 41, 36, 92, 93, 94, 24, 71, 68, 86, 95, 96, 73, 74, 76, 85, 67, 34, 35, 27, 29, 22, 9, 16, 20, 75, 62, 63, 38, 26, 88, 51, 80, 50, 53, 17, 25, 37, 79, 87, 61, 78, 77, 66, 72, 70, 7, 13, 18, 30, 46, 48, 49, 5, 6, 59, 60, 59, 60, 69, 33, 42, 91, 11, 15, 70, 70, 70, 70, 70, 70, 70, 70, 70, 70, 70, 70, 70, 70, 70, 70, 70, 70, 70, 70, 70, 70, 70, 70, 70, 70, 70, 70, 70, 70, 70, 70, 70, 70, 70, 70, 70, 70, 70, 70, 70, 70, 70, 70, 70, 70, 70, 70, 70, 70, 70, 70, 70, 70, 70, 70, 70, 70, 70, 70, 70, 70, 70, 70, 70, 70, 70, 70, 70, 70, 70, 70, 70, 70, 70, 70, 70, 70, 70, 70, 70, 70, 70, 70, 70, 70, 70, 70, 70, 70, 70, 70, 70, 70, 70, 70, 70, 70, 70, 70, 70, 70, 70, 70, 70, 70, 70, 70, 70, 70, 70, 70, 70, 70, 70, 70, 70, 70, 70, 70, 70, 70, 70, 70, 70, 70, 70, 70, 70, 70, 70, 70, 70, 70, 70, 70, 70, 70, 70, 70, 70, 70, 70, 70, 70, 70, 70, 70, 70, 70, 70, 70, 70, 70, 70, 70, 70, 70, 70, 70, 70, 70, 70, 70, 70, 70, 70, 70, 70, 70, 70, 70, 70, 70, 70, 70, 70, 70, 70, 70, 70, 70, 70, 70, 70, 70, 70, 70, 70, 70, 70, 70, 70, 70, 70, 70, 70, 70, 70, 70, 70, 70, 70, 70, 70, 70, 70, 70, 70, 70, 70, 70, 70, 70, 70, 70, 70, 70, 70, 70, 70, 70, 70, 70, 70, 70, 70, 70, 70, 70, 70, 70, 70, 70, 70, 70, 70, 70, 70, 70, 70, 70, 70, 70, 70, 70, 70, 70, 70, 70, 70, 70, 70, 70, 70, 70, 70, 70, 70, 70, 70, 70, 70, 70, 70, 70, 70, 70, 70, 70, 70, 70, 70, 70, 70, 70, 70, 70, 70, 70, 70, 70, 70, 70, 70, 70, 70, 70, 70, 70, 70, 70, 70, 70, 70, 70, 70, 70, 70, 70, 70, 70, 70, 70, 70, 70, 70, 70, 70, 70, 70, 70, 70, 70, 70, 70, 70, 70, 70, 70, 70, 70, 70, 70, 70, 70, 70, 70, 70, 70, 70, 70, 70, 70, 70, 70, 70, 70, 70, 70, 70, 70, 70, 70, 70, 70, 70, 70, 70, 70, 70, 70, 70, 70, 70, 70, 70, 70, 70, 70, 70, 70, 70, 70, 70, 70, 70, 70, 70, 70, 70, 70, 70, 70, 70, 70, 70, 70, 70, 70, 70, 70, 70, 70, 70, 70, 70, 70, 70, 70, 70, 70, 70, 70, 70, 70, 70, 70, 70, 70, 70, 70, 70, 70, 70, 70, 70, 70, 70, 70, 70, 70, 70, 70, 70, 70, 70, 70, 70, 70, 70, 70, 70, 70, 70, 70, 70, 70, 70, 70, 70, 70, 70, 70, 70, 70, 70, 70, 70, 70, 70, 70, 70, 70, 70, 70, 70, 70, 70, 70, 70, 70, 70, 70, 70, 70, 70, 70, 70, 70, 70, 70, 70, 70, 70, 70, 70, 70, 70, 70, 70, 70, 70, 70, 70, 70, 70, 70, 70, 70, 70, 70, 70, 70, 70, 70, 70, 70, 70, 70, 70, 70, 70, 70, 70, 70, 70, 70, 70, 70, 70, 70, 70, 70, 70, 70, 70, 70, 70, 70, 70, 70, 70, 70, 70, 70, 70, 70, 70, 70, 70, 70, 70, 70, 70, 70, 70, 70, 70, 70, 70, 70, 70, 70, 70, 70, 70, 70, 70, 70, 70, 70, 70, 70, 70, 70, 70, 70, 70, 70, 70, 70, 70, 70, 70, 70, 70, 70, 70, 70, 70, 70, 70, 70, 70, 70, 70, 70, 70, 70, 70, 70, 70, 70, 70, 70, 70, 70, 70, 70, 70, 70, 70, 70, 70, 70, 70, 70, 70, 70, 70, 70, 70, 70, 70, 70, 70, 70, 70, 70, 70, 70, 70, 70, 70, 70, 70, 70, 70, 70, 70, 70, 70, 70, 70, 70, 70, 70, 70, 70, 70, 70, 70, 70, 70, 70, 70, 70, 70, 70, 70, 70, 70, 70, 70, 70, 70, 70, 70, 70, 70, 70, 70, 70, 70, 70, 70, 70, 70, 70, 70, 70, 70, 70, 70, 70, 70, 70, 70, 70, 70, 70, 70, 70, 70, 70, 70, 70, 70, 70, 70, 70, 70, 70, 70, 70, 70, 70, 70, 70, 70, 70, 70, 70, 70, 70, 70, 70, 70, 70, 70, 70, 70, 70, 70, 70, 70, 70, 70, 70, 70, 70, 70, 70, 70, 70, 70, 70, 70, 70, 70, 70, 70, 70, 70, 70, 70, 70, 70, 70, 70, 70, 70, 70, 70, 70, 70, 70, 70, 70, 70, 70, 70, 70, 70, 70, 70, 70, 70, 70, 70, 70, 70, 70, 70, 70, 70, 70, 70, 70, 70, 70, 70, 70, 70, 70, 70, 70, 70, 70, 70, 70, 70, 70, 70, 70, 70, 70, 70, 70, 70, 70, 70, 70, 70, 70, 70, 70, 70, 70, 70, 70, 70, 70, 70, 70, 70, 70, 70, 70, 70, 70, 70, 70, 70, 70, 70, 70, 70, 70, 70, 70, 70, 70, 70, 70, 70, 70, 70, 70, 70, 70, 70, 70, 70, 70, 70, 70, 70, 70, 70, 70, 70, 70, 70, 70, 70, 70, 70, 70, 70, 70, 70, 70, 70, 70, 70, 70, 70, 70, 70, 70, 70, 70, 70, 70, 70, 70, 70, 70, 70, 70, 70, 70, 70, 70, 70, 70, 70, 70, 70, 70, 70, 70, 70, 70, 70, 70, 70, 70, 70, 70, 70, 70, 70, 70, 70, 70, 70, 70, 70, 70, 70, 70, 70, 70, 70, 70, 70, 70, 70, 70, 70, 70, 70, 70, 70, 70, 70, 70, 70, 70, 70, 70, 70, 70, 70, 70, 70, 70, 70, 70, 70, 70, 70, 70, 70, 70, 70, 70, 70, 70, 70, 70, 70, 70, 70, 70, 70, 70, 70, 70, 70, 70, 70, 70, 70, 70, 70, 70, 70, 70, 70, 70, 70, 70, 70, 70, 70, 70, 70, 70, 70, 70, 70, 70, 70, 70, 70, 70, 70, 70, 70, 70, 70, 70, 70, 70, 70, 70, 70, 70, 70, 70, 70, 70, 70, 70, 70, 70, 70, 70, 70, 70, 70, 70, 70, 70, 70, 70, 70, 70, 70, 70, 70, 70, 70, 70, 70, 70, 70, 70, 70, 70, 70, 70, 70, 70, 70, 70, 70, 70, 70, 70, 70, 70, 70, 70, 70, 70, 70, 70, 70, 70, 70, 70, 70, 70, 70, 70, 70, 70, 70, 70, 70, 70, 70, 70, 70, 70, 70, 70, 70, 70, 70, 70, 70, 70, 70, 70, 70, 70, 70, 70, 70, 70, 70, 70, 70, 70, 70, 70, 70, 70, 70, 70, 70, 70, 70, 70, 70, 70, 70, 70, 70, 70, 70, 70, 70, 70, 70, 70, 70, 70, 70, 70, 70, 70, 70, 70, 70, 70, 70, 70, 70, 70, 70, 70, 70, 70, 70, 70, 70, 70, 70, 70, 70, 70, 70, 70, 70, 70, 70, 70, 70, 70, 70, 70, 70, 70, 70, 70, 70, 70, 70, 70, 70, 70, 70, 70, 70, 70, 70, 70, 70, 70, 70, 70, 70, 70, 70, 70, 70, 70, 70, 70, 70, 70, 70, 70, 70, 70, 70, 70, 70, 70, 70, 70, 70, 70, 70, 70, 70, 70, 70, 70, 70, 70, 70, 70, 70, 70, 70, 70, 70, 70, 70, 70, 70, 70, 70, 70, 70, 70, 70, 70, 70, 70, 70, 70, 70, 70, 70, 70, 70, 70, 70, 70, 70, 70, 70, 70, 70, 70, 70, 70, 70, 70, 70, 70, 70, 70, 70, 70, 70, 70, 70, 70, 70, 70, 70, 70, 70, 70, 70, 70, 70, 70, 70, 70, 70, 70, 70, 70, 70, 70, 70, 70, 70, 70, 70, 70, 70, 70, 70, 70, 70, 70, 70, 70, 70, 70, 70, 70, 70, 70, 70, 70, 70, 70, 70, 70, 70, 70, 70, 70, 70, 70, 70, 70, 70, 70, 70, 70, 70, 70, 70, 70, 70, 70, 70, 70, 70, 70, 70, 70, 70, 70, 70, 70, 70, 70, 70, 70, 70, 70, 70, 70, 70, 70, 70, 70, 70, 70, 70, 70, 70, 70, 70, 70, 70, 70, 70, 70, 70, 70, 70, 70, 70, 70, 70, 70, 70, 70, 70, 70, 70, 70, 70, 70, 70, 70, 70, 70, 70, 70, 70, 70, 70, 70, 70, 70, 70, 70, 70, 70, 70, 70, 70, 70, 70, 70, 70, 70, 70, 70, 70, 70, 70, 70, 70, 70, 70, 70, 70, 70, 70, 70, 70, 70, 70, 70, 70, 70, 70, 70, 70, 70, 70, 70, 70, 70, 70, 70, 70, 70, 70, 70, 70, 70, 70, 70, 70, 70, 70, 70, 70, 70, 70, 70, 70, 70, 70, 70, 70, 70, 70, 70, 70, 70, 70, 70, 70, 70, 70, 70, 70, 70, 70, 70, 70, 70, 70, 70, 70, 70, 70, 70, 70, 70, 70, 70, 70, 70, 70, 70, 70, 70, 70, 70, 70, 70, 70, 70, 70, 70, 70, 70, 70, 70, 70, 70, 70, 70, 70, 70, 70, 70, 70, 70, 70, 70, 70, 70, 70, 70, 70, 70, 70, 70, 70, 70, 70, 70, 70, 70, 70, 70, 70, 70, 70, 70, 70, 70, 70, 70, 70, 70, 70, 70, 70, 70, 70, 70, 70, 70, 70, 70, 70, 70, 70, 70, 70, 70, 70, 70, 70, 70, 70, 70, 70, 70, 70, 70, 70, 70, 70, 70, 70, 70, 70, 70, 70, 70, 70, 70, 70, 70, 70, 70, 70, 70, 70, 70, 70, 70, 70, 70, 70, 70, 70, 70, 70, 70, 70, 70, 70, 70, 70, 70, 70, 70, 70, 70, 70, 70, 70, 70, 70, 70, 70, 70, 70, 70, 70, 70, 70, 70, 70, 70, 70, 70, 70, 70, 70, 70, 70, 70, 70, 70, 70, 70, 70, 70, 70, 70, 70, 70, 70, 70, 70, 70, 70, 70, 70, 70, 70, 70, 70, 70, 70, 70, 70, 70, 70, 70, 70, 70, 70, 70, 70, 70, 70, 70, 70, 70, 70, 70, 70, 70, 70, 70, 70, 70, 70, 70, 70, 70, 70, 70, 70, 70, 70, 70, 70, 70, 70, 70, 70, 70, 70, 70, 70, 70, 70, 70, 70, 70, 70, 70, 70, 70, 70, 70, 70, 70, 70, 70, 70, 70, 70, 70, 70, 70, 70, 70, 70, 70, 70, 70, 70, 70, 70, 70, 70, 70, 70, 70, 70, 70, 70, 70, 70, 70, 70, 70, 70, 70, 70, 70, 70, 70, 70, 70, 70, 70, 70, 70, 70, 70, 70, 70, 70, 70, 70, 70, 70, 70, 70, 70, 70, 70, 70, 70, 70, 70, 70, 70, 70, 70, 70, 70, 70, 70, 70, 70, 70, 70, 70, 70, 70, 70, 70, 70, 70, 70, 70, 70, 70, 70, 70, 70, 70, 70, 70, 70, 70, 70, 70, 70, 70, 70, 70, 70, 70, 70, 70, 70, 70, 70, 70, 70, 70, 70, 70, 70, 70, 70, 70, 70, 70, 70, 70, 70, 70, 70, 70, 70, 70, 70, 70, 70, 70, 70, 70, 70, 70, 70, 70, 70, 70, 70, 70, 70, 70, 70, 70, 70, 70, 70, 70, 70, 70, 70, 70, 70, 70, 70, 70, 70, 70, 70, 70, 70, 70, 70, 70, 70, 70, 70, 70, 70, 70, 70, 70, 70, 70, 70, 70, 70, 70, 70, 70, 70, 70, 70, 70, 70, 70, 70, 70, 70, 70, 70, 70, 70, 70, 70, 70, 70, 70, 70, 70, 70, 70, 70, 70, 70, 70, 70, 70, 70, 70, 70, 70, 70, 70, 70, 70, 70, 70, 70, 70, 70, 70, 70, 70, 70, 70, 70, 70, 70, 70, 70, 70, 70, 70, 70, 70, 70, 70, 70, 70, 70, 70, 70, 70, 70, 70, 70, 70, 70, 70, 70, 70, 70, 70, 70, 70, 70, 70, 70, 70, 70, 70, 70, 70, 70, 70, 70, 70, 70, 70, 70, 70, 70, 70, 70, 70, 70, 70, 70, 70, 70, 70, 70, 70, 70, 70, 70, 70, 70, 70, 70, 70, 70, 70, 70, 70, 70, 70, 70, 70, 70, 70, 70, 70, 70, 70, 70, 70, 70, 70, 70, 70, 70, 70, 70, 70, 70, 70, 70, 70, 70, 70, 70, 70, 70, 70, 70, 70, 70, 70, 70, 70, 70, 70, 70, 70, 70, 70, 70, 70, 70, 70, 70, 70, 70, 70, 70, 70, 70, 70, 70, 70, 70, 70, 70, 70, 70, 70, 70, 70, 70, 70, 70, 70, 70, 70, 70, 70, 70, 70, 70, 70, 70, 70, 70, 70, 70, 70, 70, 70, 70, 70, 70, 70, 70, 70, 70, 70, 70, 70, 70, 70, 70, 70, 70, 70, 70, 70, 70, 70, 70, 70, 70, 70, 70, 70, 70, 70, 70, 70, 70, 70, 70, 70, 70, 70, 70, 70, 70, 70, 70, 70, 70, 70, 70, 70, 70, 70, 70, 70, 70, 70, 70, 70, 70, 70, 70, 70, 70, 70, 70, 70, 70, 70, 70, 70, 70, 70, 70, 70, 70, 70, 70, 70, 70, 70, 70, 70, 70, 70, 70, 70, 70, 70, 70, 70, 70, 70, 70, 70, 70, 70, 70, 70, 70, 70, 70, 70, 70, 70, 70, 70, 70, 70, 70, 70, 70, 70, 70, 70, 70, 70, 70, 70, 70, 70, 70, 70, 70, 70, 70, 70, 70, 70, 70, 70, 70, 70, 70, 70, 70, 70, 70, 70, 70, 70, 70, 70, 70, 70, 70, 70, 70, 70, 70, 70, 70, 70, 70, 70, 70, 70, 70, 70, 70, 70, 70, 70, 70, 70, 70, 70, 70, 70, 70, 70, 70, 70, 70, 70, 70, 70, 70, 70, 70, 70, 70, 70, 70, 70, 70, 70, 70, 70, 70, 70, 70, 70, 70, 70, 70, 70, 70, 70, 70, 70, 70, 70, 70, 70, 70, 70, 70, 70, 70, 70, 70, 70, 70, 70, 70, 70, 70, 70, 70, 70, 70, 70, 70, 70, 70, 70, 70, 70, 70, 70, 70, 70, 70, 70, 70, 70, 70, 70, 70, 70, 70, 70, 70, 70, 70, 70, 70, 70, 70, 70, 70, 70, 70, 70, 70, 70, 70, 70, 70, 70, 70, 70, 70, 70, 70, 70, 70, 70, 70, 70, 70, 70, 70, 70, 70, 70, 70, 70, 70, 70, 70, 70, 70, 70, 70, 70, 70, 70, 70, 70, 70, 70, 70, 70, 70, 70, 70, 70, 70, 70, 70, 70, 70, 70, 70, 70, 70, 70, 70, 70, 70, 70, 70, 70, 70, 70, 70, 70, 70, 70, 70, 70, 70, 70, 70, 70, 70, 70, 70, 70, 70, 70, 70, 70, 70, 70, 70, 70, 70, 70, 70, 70, 70, 70, 70, 70, 70, 70, 70, 70, 70, 70, 70, 70, 70, 70, 70, 70, 70, 70, 70, 70, 70, 70, 70, 70, 70, 70, 70, 70, 70, 70, 70, 70, 70, 70, 70, 70, 70, 70, 70, 70, 70, 70, 70, 70, 70, 70, 70, 70, 70, 70, 70, 70, 70, 70, 70, 70, 70, 70, 70, 70, 70, 70, 70, 70, 70, 70, 70, 70, 70, 70, 70, 70, 70, 70, 70, 70, 70, 70, 70, 70, 70, 70, 70, 70, 70, 70, 70, 70, 70, 70, 70, 70, 70, 70, 70, 70, 70, 70, 70, 70, 70, 70, 70, 70, 70, 70, 70, 70, 70, 70, 70, 70, 70, 70, 70, 70, 70, 70, 70, 70, 70, 70, 70, 70, 70, 70, 70, 70, 70, 70, 70, 70, 70, 70, 70, 70, 70, 70, 70, 70, 70, 70, 70, 70, 70, 70, 70, 70, 70, 70, 70, 70, 70, 70, 70, 70, 70, 70, 70, 70, 70, 70, 70, 70, 70, 70, 70, 70, 70, 70, 70, 70, 70, 70, 70, 70, 70, 70, 70, 70, 70, 70, 70, 70, 70, 70, 70, 70, 70, 70, 70, 70, 70, 70, 70, 70, 70, 70, 70, 70, 70, 70, 70, 70, 70, 70, 70, 70, 70, 70, 70, 70, 70, 70, 70, 70, 70, 70, 70, 70, 70, 70, 70, 70, 70, 70, 70, 70, 70, 70, 70, 70, 70, 70, 70, 70, 70, 70, 70, 70, 70, 70, 70, 70, 70, 70, 70, 70, 70, 70, 70, 70, 70, 70, 70, 70, 70, 70, 70, 70, 70, 70, 70, 70, 70, 70, 70, 70, 70, 70, 70, 70, 70, 70, 70, 70, 70, 70, 70, 70, 70, 70, 70, 70, 70, 70, 70, 70, 70, 70, 70, 70, 70, 70, 70, 70, 70, 70, 70, 70, 70, 70, 70, 70, 70, 70, 70, 70, 70, 70, 70, 70, 70, 70, 70, 70, 70, 70, 70, 70, 70, 70, 70, 70, 70, 70, 70, 70, 70, 70, 70, 70, 70, 70, 70, 70, 70, 70, 70, 70, 70, 70, 70, 70, 70, 70, 70, 70, 70, 70, 70, 70, 70, 70, 70, 70, 70, 70, 70, 70, 70, 70, 70, 70, 70, 70, 70, 70, 70, 70, 70, 70, 70, 70, 70, 70, 70, 70, 70, 70, 70, 70, 70, 70, 70, 70, 70, 70, 70, 70, 70, 70, 70, 70, 70, 70, 70, 70, 70, 70, 70, 70, 70, 70, 70, 70, 70, 70, 70, 70, 70, 70, 70, 70, 70, 70, 70, 70, 70, 70, 70, 70, 70, 70, 70, 70, 70, 70, 70, 70, 70, 70, 70, 70, 70, 70, 70, 70, 70, 70, 70, 70, 70, 70, 70, 70, 70, 70, 70, 70, 70, 70, 70, 70, 70, 70, 70, 70, 70, 70, 70, 70, 70, 70, 70, 70, 70, 70, 70, 70, 70, 70, 70, 70, 70, 70, 70, 70, 70, 70, 70, 70, 70, 70, 70, 70, 70, 70, 70, 70, 70, 70, 70, 70, 70, 70, 70, 70, 70, 70, 70, 70, 70, 70, 70, 70, 70, 70, 70, 70, 70, 70'
Done reranking query 876. Elapsed time since start: 13525.87 seconds.
Done reranking query 877. Elapsed time since start: 13542.70 seconds.
Done reranking query 878. Elapsed time since start: 13555.37 seconds.
Error parsing or validating JSON: Expecting value: line 1 column 1 (char 0)
Failed to parse JSON. Raw response: '```python
def rerank_chunks(query, chunks):
    query_keywords = ["POS tagging", "part-of-speech tagging", "POS tag", "part-of-speech tag", "POS-tagging", "part-of-speech-tagging",
                      "shallow parsing", "NP chunking", "noun phrase chunking", "chunking",
                      "semi-supervised learning", "semi-supervised", "semi supervised learning", "semi supervised",
                      "unlabeled data", "unlabelled data", "unlabeled corpus", "unlabelled corpus", "unlabeled", "unlabelled",
                      "NER", "named entity recognition", "named entity recognizer", "named entity tagging", "NER system",
                      "CRF", "conditional random fields", "CRFs"]

    chunk_scores = []
    for index, chunk in enumerate(chunks):
        score = 0
        chunk_lower = chunk.lower()
        for keyword in query_keywords:
            keyword_lower = keyword.lower()
            if keyword_lower in chunk_lower:
                if keyword_lower in ["pos tagging", "part-of-speech tagging", "pos tag", "part-of-speech tag", "pos-tagging", "part-of-speech-tagging"]:
                    score += 5 * chunk_lower.count(keyword_lower)
                elif keyword_lower in ["shallow parsing", "np chunking", "noun phrase chunking", "chunking"]:
                    score += 4 * chunk_lower.count(keyword_lower)
                elif keyword_lower in ["semi-supervised learning", "semi-supervised", "semi supervised learning", "semi supervised"]:
                    score += 4 * chunk_lower.count(keyword_lower)
                elif keyword_lower in ["unlabeled data", "unlabelled data", "unlabeled corpus", "unlabelled corpus", "unlabeled", "unlabelled"]:
                    score += 3 * chunk_lower.count(keyword_lower)
                elif keyword_lower in ["ner", "named entity recognition", "named entity recognizer", "named entity tagging", "ner system"]:
                    score += 3 * chunk_lower.count(keyword_lower)
                elif keyword_lower in ["crf", "conditional random fields", "crfs"]:
                    score += 2 * chunk_lower.count(keyword_lower)
        chunk_scores.append((score, index))

    ranked_chunks_indices = [index for score, index in sorted(chunk_scores, key=lambda item: item[0], reverse=True)]
    return ranked_chunks_indices

chunks = ['used in our experiment is the version available from the NLTK toolkit, with BFGS optimizer. For CRF, we use the linear-chain CRF model available from the Mallet package 1 . Bootstrapping for Dictionary Expansion The supervised learning approach assumes the existence of an annotated set of training data. Often times, training data must be painstakingly marked up and collecting large-scale labeled training examples can be very costly. In recent years, more and more research effort has been focused on how to leverage a vast amount of unlabeled data in a semisupervised or entirely unsupervised fashion for NER as well as for other similar NLP tasks, e.g. POS tagging, sentence boundary detection, and word sense disambiguation (Riloff 1999; Ghani and Jones 2002; Probst et al. 2006; Brody and Elhadad 2010; Haghighi 2010) . One way to incorporate a vast amount of unlabeled data is to learn a clustering of words that assigns syntactically similar words to the same clusters. Popular clustering algorithms used', 'literal word tests, patterns of orthography, parts of speech, semantic categories, or membership in special-purpose gazetteers. While supervised training greatly facilitates the development of a robust NER system, the requirement of a substantial training corpus remains an impediment to the rapid deployment of NER in new domains or new languages. A number bush peters reagan noriega ... john robert james david ... president chairman head owner ... japan california london chicago ... of researchers have therefore sought to exploit the availability of unlabeled documents, typically by bootstrapping a classifier using automatic labellings (Collins and Singer, 1999; Cucerzan and Yarowsky, 1999; Thelen and Riloff, 2002) . Here, we investigate a different approach. Using a distributional clustering technique called coclustering, we produce clusters which, intuitively, should be useful for NER. Table 1 shows example terms from several sample clusters induced using a collection of documents from the Wall Street', 'language processing (NLP) problems such as part-of-speech (POS) tagging, named entity (NE) recognition, relation extraction, and semantic role labeling, are currently solved by supervised learning from manually labeled data. A bottleneck problem with this supervised learning approach is the lack of annotated data. As a special case, we often face the situation where we have a sufficient amount of labeled data in one domain, but have little or no labeled data in another related domain which we are interested in. We thus face the domain adaptation problem. Following (Blitzer et al., 2006) , we call the first the source domain, and the second the target domain. The domain adaptation problem is commonly encountered in NLP. For example, in POS tagging, the source domain may be tagged WSJ articles, and the target domain may be scientific literature that contains scientific terminology. In NE recognition, the source domain may be annotated news articles, and the target domain may be personal blogs. Another example', 'language processing (NLP) problems such as part-of-speech (POS) tagging, named entity (NE) recognition, relation extraction, and semantic role labeling, are currently solved by supervised learning from manually labeled data. A bottleneck problem with this supervised learning approach is the lack of annotated data. As a special case, we often face the situation where we have a sufficient amount of labeled data in one domain, but have little or no labeled data in another related domain which we are interested in. We thus face the domain adaptation problem. Following (Blitzer et al., 2006) , we call the first the source domain, and the second the target domain. The domain adaptation problem is commonly encountered in NLP. For example, in POS tagging, the source domain may be tagged WSJ articles, and the target domain may be scientific literature that contains scientific terminology. In NE recognition, the source domain may be annotated news articles, and the target domain may be personal blogs. Another example', 'in the labeled training data, even if the data set is a relatively large one (e.g., the Penn Treebank). While the labeled data is generally very costly to obtain, there is a vast amount of unlabeled textual data freely available on the web. One way to alleviate the sparsity problem is to adopt a two-stage strategy: first create word clusters with unlabeled data and then use the clusters as features in supervised training. Under this approach, even if a word is not found in the training data, it may still fire cluster-based features as long as it shares cluster assignments with some words in the labeled data. Since the clusters are obtained without any labeled data, they may not correspond directly to concepts that are useful for decision making in the problem domain. However, the supervised learning algorithms can typically identify useful clusters and assign proper weights to them, effectively adapting the clusters to the domain. This method has been shown to be quite successful in named entity recognition', 'templates. In comparison, there are 79 templates in (Suzuki and Isozaki, 2008) . Part-of-speech tags were used in the topranked systems in CoNLL 2003, as well as in many follow up studies that used the data set (Ando and Zhang 2005; Suzuki and Isozaki 2008) . Our system does not need this information to achieve its peak performance. An important advantage of not needing a POS tagger as a preprocessor is that the system is much easier to adapt to other languages, since training a tagger often requires a larger amount of more extensively annotated data than the training data for NER. Phrase cluster features We used hard clustering with 1-word context windows for NER. For each input token sequence, we identify all sequences of tokens that are found in the phrase clusters. The phrases are allowed to overlap with or be nested in one another. If a phrase belonging to cluster c is found at positions b to e (inclusive), we add the following features to the CRF classifier: >U Õ?5 á$ Ö ?á >U Ø>5 á# Ö ?á >U Õ?6ãÕ?5 á$', '2002; Probst et al. 2006; Brody and Elhadad 2010; Haghighi 2010) . One way to incorporate a vast amount of unlabeled data is to learn a clustering of words that assigns syntactically similar words to the same clusters. Popular clustering algorithms used prevalently in many NER systems are, for example, the combination of distributional and morphological similarity work of (Clark 2003) or the classic N -gram language model based clustering algorithm of (Brown et al. 1992 ). In such a system, when training an NER classifier, we introduce a word cluster id as an additional feature in the input, with the hope that the model will pick out clusters that are highly indicative of each class. When encountering words that are out-of-vocabulary (OOV) in the test set, if those words are assigned the same cluster membership as some other words in the training set, the cluster feature will fire, allowing for correct classification results to be obtained (Lin and Wu 2009; Faruqui and Pado 2010) . Growing Seed Dictionary In', 'They have become the workhorse in almost all sub-areas and components of NLP, including part-ofspeech tagging, chunking, named entity recognition and parsing. To apply supervised learning to an NLP problem, one first represents the problem as a vector of features. The learning algorithm then optimizes a regularized, convex objective function that is expressed in terms of these features. The performance of such learning-based solutions thus crucially depends on the informativeness of the features. The majority of the features in these supervised classifiers are predicated on lexical information, such as word identities. The long-tailed distribution of natural language words implies that most of the word types will be either unseen or seen very few times in the labeled training data, even if the data set is a relatively large one (e.g., the Penn Treebank). While the labeled data is generally very costly to obtain, there is a vast amount of unlabeled textual data freely available on the web. One way to', 'tagger from the Wall Street Journal to a corpus of MEDLINE abstracts. SCL consistently outperformed both supervised and semi-supervised learning with no labeled target domain training data. We also showed how to combine an SCL tagger with target domain labeled data using the classifier combination techniques from Florian et al. (2004) . Finally, we improved parsing performance in the target domain when using the SCL PoS tagger. One of our next goals is to apply SCL directly to parsing. We are also focusing on other potential applications, including chunking (Sha and Pereira, 2003) , named entity recognition (Florian et al., 2004; Ando and Zhang, 2005b; Daumé III and Marcu, 2006) , and speaker adaptation (Kuhn et al., 1998) . Finally, we are investigating more direct ways of applying structural correspondence learning when we have labeled data from both source and target domains. In particular, the labeled data of both domains, not just the unlabeled data, should influence the learned representations.', 'postprocessing step for the PERSON and ORGANI-ZATION fields. This increased recall of PERSON from 0.95 to 0.98 and of ORGANIZATION from 0.74 to 0.79 with minimal changes to precision and a slight improvement in summary F1. Analysis and Related Work The promise of this general method-supervised learning on small training set using features derived from a larger unlabeled set-lies in the support it provides for rapid deployment in novel domains and languages. Without relying on any linguistic resources more advanced than a tokenizer and some orthographic features, we can produce a NER module using only a few annotated documents. How few depends ultimately on the difficulty of the domain. We might also expect the benefit of distributional features to decrease with increasing training set size. Figure 1 displays the F1 learningcurve performance of BWI, both with and without cluster features, on the two fields that benefit the greatest from these features, PERSON and ORGA-NIZATION. As expected, the difference', 'learning, and consequently the structural part of structural correspondence learning is borrowed from it. 1  SCL is a general technique, which one can apply to feature based classifiers for any task. Here,  we investigate its use in part of speech (PoS) tagging (Ratnaparkhi, 1996; Toutanova et al., 2003) . While PoS tagging has been heavily studied, many domains lack appropriate training corpora for PoS tagging. Nevertheless, PoS tagging is an important stage in pipelined language processing systems, from information extractors to speech synthesizers. We show how to use SCL to transfer a PoS tagger from the Wall Street Journal (financial news) to MEDLINE (biomedical abstracts), which use very different vocabularies, and we demonstrate not only improved PoS accuracy but also improved end-to-end parsing accuracy while using the improved tagger. An important but rarely-explored setting in domain adaptation is when we have no labeled training data for the target domain. We first demonstrate that in this', 'of generic semantic categories in text-such as mentions of people, organizations, locations, and temporal and numeric expressions-is a necessary first step in many applications of information extraction, information retrieval, and question answering. To a large extent, knowledge-poor methods suffice to yield good recognition performance. In particular, supervised learning can be used to produce a system with performance at or near the state of the art (Bikel et al., 1997) . In the supervised learning framework, a corpus of (typically) a few hundred documents is annotated by hand to identify the entities of interest. Features of local context are then used to train a system to distinguish instances from non-instances in novel texts. Such features may include literal word tests, patterns of orthography, parts of speech, semantic categories, or membership in special-purpose gazetteers. While supervised training greatly facilitates the development of a robust NER system, the requirement of a substantial training', 'do not require labeled training data in the new domain to demonstrate an improvement over our baseline models. We believe this is essential, since many domains of application in natural language processing have no labeled training data. Lease and Charniak (2005) adapt a WSJ parser to biomedical text without any biomedical treebanked data. However, they assume other labeled resources in the target domain. In Section 7.3 we give similar parsing results, but we adapt a source domain tagger to obtain the PoS resources. To the best of our knowledge, SCL is the first method to use unlabeled data from both domains for domain adaptation. By using just the unlabeled data from the target domain, however, we can view domain adaptation as a standard semisupervised learning problem. There are many possible approaches for semisupservised learning in natural language processing, and it is beyond the scope of this paper to address them all. We chose to compare with ASO because it consistently outperforms cotraining (Blum', 'problem. There are many possible approaches for semisupservised learning in natural language processing, and it is beyond the scope of this paper to address them all. We chose to compare with ASO because it consistently outperforms cotraining (Blum and Mitchell, 1998) and clustering methods (Miller et al., 2004) . We did run experiments with the top-k version of ASO (Ando and Zhang, 2005a) , which is inspired by cotraining but consistently outperforms it. This did not outperform the supervised method for domain adaptation. We speculate that this is because biomedical and financial data are quite different. In such a situation, bootstrapping techniques are likely to introduce too much noise from the source domain to be useful. Structural correspondence learning is most similar to that of Ando (2004) , who analyzed a situation with no target domain labeled data. Her model estimated co-occurrence counts from source unlabeled data and then used the SVD of this matrix to generate features for a named entity', 'PoS accuracy but also improved end-to-end parsing accuracy while using the improved tagger. An important but rarely-explored setting in domain adaptation is when we have no labeled training data for the target domain. We first demonstrate that in this situation SCL significantly improves performance over both supervised and semi-supervised taggers. In the case when some in-domain labeled training data is available, we show how to use SCL together with the classifier combination techniques of Florian et al. (2004) to achieve even greater performance. In the next section, we describe a motivating example involving financial news and biomedical data. Section 3 describes the structural correspondence learning algorithm. Sections 6 and 7 report results on adapting from the Wall Street Journal to MEDLINE. We discuss related work on domain adaptation in section 8 and conclude in section 9. A Motivating Example Figure 1 shows two PoS-tagged sentences, one each from the Wall Street Journal (hereafter WSJ) and', 'domain. However, the supervised learning algorithms can typically identify useful clusters and assign proper weights to them, effectively adapting the clusters to the domain. This method has been shown to be quite successful in named entity recognition (Miller et al. 2004 ) and dependency parsing (Koo et al., 2008) . In this paper, we present a semi-supervised learning algorithm that goes a step further. In addition to word-clusters, we also use phraseclusters as features. Out of context, natural language words are often ambiguous. Phrases are much less so because the words in a phrase provide contexts for one another. Consider the phrase "Land of Odds". One would never have guessed that it is a company name based on the clusters containing Odds and Land. With phrase-based clustering, "Land of Odds" is grouped with many names that are labeled as company names, which is a strong indication that it is a company name as well. The disambiguation power of phrases is also evidenced by the improvements of', 'representations (each pattern has 4 x 25 features) one would need to consider up to 2 l°° smoothing terms. The MBL framework is a convenient way to further experiment with even more complex conditioning events, e.g. with semantic labels added as features. POS-tagging Another NLP problem where combination of different sources of statistical information is an important issue, is POS-tagging, especially for the guessing of the POS-tag of words not present in the lexicon. Relevant information for guessing the tag of an unknown word includes contextual information (the words and tags in the context of the word), and word form information (prefixes and suffixes, first and last letters of the word as an approximation of affix information, presence or absence of capitalization, numbers, special characters etc.). There is a large number of potentially informative features that could play a role in correctly predicting the tag of an unknown word (Ratnaparkhi, 1996; Weischedel et al., 1993; Daelemans et al., 1996) . A', 'in the observation sequences. Like HMM, CRF makes prediction on the label sequence by incorporating the temporal smoothness. Indeed CRF has been established by many as the state-of-theart supervised named entity recognition system for traditional NER tasks (Feng and McCallum 2004; McCallum 2003) , for NER in biomedical texts (Settles 2004), and in various languages besides English, such as Bengali (Ekbal et al. 2008) and Chinese (Mao et al 2008) . Various modifications to CRF have recently been introduced to take into account of non-local dependencies (Krishnan and Manning 2006) or broader context beyond training data (Du et al. 2010) . Experimental Results In this section, we compare the generative model based and discriminative model classifiers for supervised NER tasks. Given 1, 000 manually tagged listings from the clothing and shoes category in eBay, we adopt a 90-10 split and use 90% of the data for training and 10% for testing. Each listing title is tokenized into a sequence of word tokens, each manu-', 'been applied to many NLP tasks in the last few decades. These techniques have demonstrated their superiority over both hand-crafted rules and unsupervised learning approaches. However, they require large amounts of labeled training data for every level of linguistic processing (e.g., POS tags, parse trees, or named entities). When, when domains and text genres change (e.g., moving from commonsense newspapers to scientific biology journal articles), extensive retraining on newly supplied training material is often required, since different domains may use different syntactic structures as well as different semantic classes (entities and relations). * Both authors contributed equally to this work. Consequently, with an increasing coverage of a wide variety of domains in human language technology (HLT) systems, we can expect a growing need for manual annotations to support many kinds of application-specific training data. Creating annotated data is extremely laborintensive. The Active Learning (AL) paradigm', 'on graph alignment between labeled and unlabeled data (Fürstenau and Lapata, 2009) , using unlabeled data to improve lexical generalization (Deschacht and Moens, 2009) , and projection of annotation across languages (Pado and Lapata, 2009; van der Plas et al., 2011) . Semi-supervised and weakly-supervised techniques have also been explored for other types of semantic representations but these studies have mostly focused on restricted domains (Kate and Mooney, 2007; Liang et al., 2009; Titov and Kozhevnikov, 2010; Goldwasser et al., 2011; Liang et al., 2011) . Unsupervised learning has been one of the central paradigms for the closely-related area of relation extraction, where several techniques have been proposed to cluster semantically similar ver-balizations of relations (Lin and Pantel, 2001; Banko et al., 2007) . Early unsupervised approaches to the SRL problem include the work by Swier and Stevenson (2004) , where the Verb-Net verb lexicon was used to guide unsupervised learning, and a generative model', 'is an underlying object of the verb mean. The parser recovers this information despite the distance between the two words. This capability is crucial for question parsing, and also useful in the biomedical field for extraction of relationships between biological entities. Additionally, the speed of the parser (tens of sentences per second) is useful for the large volumes of biomedical data that require processing for biomedical text mining. Approach Our approach to domain adaptation is to target the coarser-grained, less syntactically complex, levels of representation used by the parser, and to train new models with manually annotated data at these levels. The motivation for this approach is twofold. First, accuracy at each stage of the pipeline depends on accuracy at the earlier stages. If the POS tagger assigns incorrect tags, it is unlikely that the supertagger will be able to recover and produce the correct lexical categories, since it relies heavily on POS tags as features. Without the correct', 'POS features than word features, we expect that we do not need many Methods P@5 P@10 P@20 BL-2 0.725 0.650 0. labeled sentences to learn the POS-based patterns. We now examine the sensitivity of the performance with respect to the amount of labeled data. We generated four smaller training data sets with 10, 20, 30 and 40 sentences each from the whole training data set we have, which consists of 46 labeled sentences. The results are shown in Table 11 and Table 12 . We can see that generally the performance stays above BL when the number of training sentences is 20 or more. This indicates that our model needs only a relatively small number of high-quality training sentences to achieve good results. Domain Adaption Since we find that the MaxEnt supervision relies more on POS features than lexical features, we also hypothesize that if the training sentences come from a different domain the performance can still remain relatively high. To test this hypothesis, we tried two Method P@5 P@10 P@20 BL-2 0.725 0.650', ', appear better suited to the NER problem than local symbolic learners, the two approaches search different hypothesis spaces. Based on the surmise that, by combining them, we can realize improvements over either in isolation, we are exploring mechanisms for integration. The distributional clusters we find are independent of the problem to which we want to apply them and may sometimes be inappropriate or have the wrong granularity. We are exploring ways to produce groupings that are sensitive to the task at hand. Our results clearly establish that an unsupervised distributional analysis of a text corpus can produce features that lead to enhanced precision and, especially, recall in information extraction. We have successfully used these features in lieu of domainspecific, labor-intensive resources, such as syntactic analysis and special-purpose gazetteers. Distributional analysis, combined with light supervision, is an effective, stable alternative to bootstrapping methods. Acknowledgments This material is', 'approaches of natural la nguage processing (NLP), models are generally trained on large annotated corpus. However, annotating such corpus is expensive and timeconsuming, which makes it difficult to adapt an existing model to a new domain. In order to overcome this difficulty, active learning (sample sele ction) has been studied in more and m ore NLP applications such as POS tagging (Engelson and Dagan 1999) , information extraction (Thompson et al. 1999 ), text classif ication ( Lewis and Catlett 1994; McCallum and Nigam 1998; Schohn and Cohn 2000; Tong and Koller 2000; Brinker 2003 ), statistical parsing (Thompson et al. 1999; Tang et al. 2002; Steedman et al. 2003) , noun phrase chunking (Ngai and Yarowsky 2000) , etc. Active learning is based on the assumption that a small number of annotated examples and a large number of unannotated examples are available. This assumption is valid in most NLP tasks. Different from supervised learning in which the entire corpus are labeled manually, active learning is to', 'in the pipeline as well. The second motivation for our approach is to reduce annotation overhead. Full syntactic derivations are costly to produce by hand. POS tags, however, are relatively easy to annotate; even an outof-domain tagger will provide a good starting point, and manual correction is quick, especially in a domain without much unfamiliar vocabulary. CCG lexical categories require more expertise, but our experience shows that an out-of-domain supertagger can again provide a starting point for correction, and since the annotation is flat rather than hierarchical, we hypothesize that it is not as difficult or timeconsuming as annotation of full derivations. Our adaptation approach has been partially explored in previous work which targets one or another of the different levels of representation. Lease and Charniak (2005) obtained an improvement in the accuracy of the Charniak (2000) parser, as well as POS tagging accuracy, when applied to the biomedical domain, by training a new POS tagger model with', 'among the associated classes of biomedical words, even when it has never observed the words explicitly in the WSJ source training set. Empirical Results All the results we present in this section use the MIRA tagger from Section 5.3. The ASO and structural correspondence results also use projection features learned using ASO and SCL. Section 7.1 presents results comparing structural correspondence learning with the supervised baseline and ASO in the case where we have no labeled data in the target domain. Section 7.2 gives results for the case where we have some limited data in the target domain. In this case, we use classifiers as features as described in Florian et al. (2004) . Finally, we show in Section 7.3 that our SCL PoS No Target Labeled Training Data For the results in this section, we trained a structural correspondence learner with 100,000 sentences of unlabeled data from the WSJ and 100,000 sentences of unlabeled biomedical data. We use as pivot features words that occur more than 50 times in', "We investigate prototype-driven learning for primarily unsupervised sequence modeling. Prior knowledge is specified declaratively, by providing a few canonical examples of each target annotation label. This sparse prototype information is then propagated across a corpus using distributional similarity features in a log-linear generative model. On part-of-speech induction in English and Chinese, as well as an information extraction task, prototype features provide substantial error rate reductions over competitive baselines and outperform previous work. For example, we can achieve an English part-of-speech tagging accuracy of 80.5% using only three examples of each tag and no dictionary constraints. We also compare to semi-supervised learning and discuss the system's error trends. Introduction Learning, broadly taken, involves choosing a good model from a large space of possible models. In supervised learning, model behavior is primarily determined by labeled examples, whose production requires a certain kind", "We investigate prototype-driven learning for primarily unsupervised sequence modeling. Prior knowledge is specified declaratively, by providing a few canonical examples of each target annotation label. This sparse prototype information is then propagated across a corpus using distributional similarity features in a log-linear generative model. On part-of-speech induction in English and Chinese, as well as an information extraction task, prototype features provide substantial error rate reductions over competitive baselines and outperform previous work. For example, we can achieve an English part-of-speech tagging accuracy of 80.5% using only three examples of each tag and no dictionary constraints. We also compare to semi-supervised learning and discuss the system's error trends. Introduction Learning, broadly taken, involves choosing a good model from a large space of possible models. In supervised learning, model behavior is primarily determined by labeled examples, whose production requires a certain kind", 'This paper presents a statistical model which trains from a corpus annotated with Part-Of-Speech tags and assigns them to previously unseen text with state-of-the-art accuracy(96.6%). The model can be classified as a Maximum Entropy model and simultaneously uses many contextual "features" to predict the POS tag. Furthermore, this paper demonstrates the use of specialized features to model difficult tagging decisions, discusses the corpus consistency problems discovered during the implementation of these features, and proposes a training strategy that mitigates these problems. Introduction Many natural language tasks require the accurate assignment of Part-Of-Speech (POS) tags to previously unseen text. Due to the availability of large corpora which have been manually annotated with POS information, many taggers use annotated text to "learn" either probability distributions or rules and use them to automatically assign POS tags to unseen text. The experiments in this paper were conducted on the Wall Street', 'This paper presents a statistical model which trains from a corpus annotated with Part-Of-Speech tags and assigns them to previously unseen text with state-of-the-art accuracy(96.6%). The model can be classified as a Maximum Entropy model and simultaneously uses many contextual "features" to predict the POS tag. Furthermore, this paper demonstrates the use of specialized features to model difficult tagging decisions, discusses the corpus consistency problems discovered during the implementation of these features, and proposes a training strategy that mitigates these problems. Introduction Many natural language tasks require the accurate assignment of Part-Of-Speech (POS) tags to previously unseen text. Due to the availability of large corpora which have been manually annotated with POS information, many taggers use annotated text to "learn" either probability distributions or rules and use them to automatically assign POS tags to unseen text. The experiments in this paper were conducted on the Wall Street', 'This paper presents a statistical model which trains from a corpus annotated with Part-Of-Speech tags and assigns them to previously unseen text with state-of-the-art accuracy(96.6%). The model can be classified as a Maximum Entropy model and simultaneously uses many contextual "features" to predict the POS tag. Furthermore, this paper demonstrates the use of specialized features to model difficult tagging decisions, discusses the corpus consistency problems discovered during the implementation of these features, and proposes a training strategy that mitigates these problems. Introduction Many natural language tasks require the accurate assignment of Part-Of-Speech (POS) tags to previously unseen text. Due to the availability of large corpora which have been manually annotated with POS information, many taggers use annotated text to "learn" either probability distributions or rules and use them to automatically assign POS tags to unseen text. The experiments in this paper were conducted on the Wall Street', 'This paper presents a statistical model which trains from a corpus annotated with Part-Of-Speech tags and assigns them to previously unseen text with state-of-the-art accuracy(96.6%). The model can be classified as a Maximum Entropy model and simultaneously uses many contextual "features" to predict the POS tag. Furthermore, this paper demonstrates the use of specialized features to model difficult tagging decisions, discusses the corpus consistency problems discovered during the implementation of these features, and proposes a training strategy that mitigates these problems. Introduction Many natural language tasks require the accurate assignment of Part-Of-Speech (POS) tags to previously unseen text. Due to the availability of large corpora which have been manually annotated with POS information, many taggers use annotated text to "learn" either probability distributions or rules and use them to automatically assign POS tags to unseen text. The experiments in this paper were conducted on the Wall Street', 'wish to leverage unlabeled data to improve the performance of a supervised model. Second, given a fixed target performance level, we might wish to use unlabeled data to reduce the amount of annotated data necessary to reach this target. We show that our approach yields improvements for fixed data sets, even when large-scale labeled data is available. The new features result in relative error reductions of 13.8% and 15.4% in terms of the balanced F-score and the recall of out-of-vocabulary (OOV) words respectively. By conducting experiments on data sets of varying sizes, we demonstrate that for fixed levels of performance, the new features derived from unlabeled data can significantly reduce the need of labeled data. The remaining part of the paper is organized as follows. Section 2 describes the details of our system, especially the design of the derived features. B Current character is the start of a word consisting of more than one character. E Current character is the end of a word consisting of more than', 'wish to leverage unlabeled data to improve the performance of a supervised model. Second, given a fixed target performance level, we might wish to use unlabeled data to reduce the amount of annotated data necessary to reach this target. We show that our approach yields improvements for fixed data sets, even when large-scale labeled data is available. The new features result in relative error reductions of 13.8% and 15.4% in terms of the balanced F-score and the recall of out-of-vocabulary (OOV) words respectively. By conducting experiments on data sets of varying sizes, we demonstrate that for fixed levels of performance, the new features derived from unlabeled data can significantly reduce the need of labeled data. The remaining part of the paper is organized as follows. Section 2 describes the details of our system, especially the design of the derived features. B Current character is the start of a word consisting of more than one character. E Current character is the end of a word consisting of more than', '("tags"), the observations they generate represent the words themselves, and the tree structure represents syntactic dependencies between pairs of tags. To validate the model, we test unsupervised learning of tags conditioned on a given dependency tree structure. This is useful, because coarse-grained syntactic categories, such as those used in the Penn Treebank (PTB), make insufficient distinctions to be the basis of accurate syntactic parsing (Charniak, 1996) . Hence, state-of-the-art parsers either supplement the part-of-speech (POS) tags with the lexical forms themselves (Collins, 2003; Charniak, 2000) , manually split the tagset into a finer-grained one (Klein and Manning, 2003a) , or learn finer grained tag distinctions using a heuristic learning procedure (Petrov et al., 2006) . We demonstrate that the tags learned with our model are correlated with the PTB POS tags, and furthermore that they improve the accuracy of an automatic parser when used in training. C ρ π k H φ k z 1 z 2 z 3 x 1 x 2 x 3', 'constrain the lexical or the structural context, or both. Introduction How can we learn syntactic structure from unlabeled data in an unsupervised way? The importance of unsupervised parsing is nowadays widely acknowledged. While supervised parsers suffer from shortage of hand-annotated data, unsupervised parsers operate with unlabeled raw data, of which unlimited quantities are available. During the last few years there has been considerable progress in unsupervised parsing. To give a brief overview: van Zaanen (2000) achieved 39.2% unlabeled f-score on ATIS word strings by a sentence-aligning technique called ABL. Clark (2001) reports 42.0% unlabeled f-score on the same data using distributional clustering, and Klein and Manning (2002) obtain 51.2% unlabeled f-score on ATIS part-of-speech strings using a constituent-context model called CCM. Moreover, on Penn Wall Street Journal p-os-strings ≤ 10 (WSJ10), Klein and Manning (2002) report 71.1% unlabeled f-score. And the hybrid approach of Klein and Manning', 'representation that generalizes well across domains. This feature representation can then be used in all the techniques described above. Conclusion Structural correspondence learning is a marriage of ideas from single domain semi-supervised learning and domain adaptation. It uses unlabeled data and frequently-occurring pivot features from both source and target domains to find correspondences among features from these domains. Finding correspondences involves estimating the correlations between pivot and non-pivot feautres, and we adapt structural learning (ASO) (Ando and Zhang, 2005a; Ando and Zhang, 2005b) for this task. SCL is a general technique that can be applied to any feature-based discriminative learner. We showed results using SCL to transfer a PoS tagger from the Wall Street Journal to a corpus of MEDLINE abstracts. SCL consistently outperformed both supervised and semi-supervised learning with no labeled target domain training data. We also showed how to combine an SCL tagger with target domain', 'least, the decoding by dynamic programming technique might be intractable since a large search space is faced by the decoder. The choice of features, therefore, is a critical success factor for these systems. Most of the state-ofthe-art systems address their tasks by applying linear statistical models to the features carefully optimized for the tasks. This approach is effective because researchers can incorporate a large body of linguistic knowledge into the models. However, the approach does not scale well when it is used to perform more complex joint tasks, for example, the task of joint word segmentation, POS tagging, parsing, and semantic role labeling. A challenge for such a joint model is the large combined search space, which makes engineering effective task-specific features and structured learning of parameters very hard. Instead, we use multilayer neural networks to discover the useful features from the input sentences. There are two main contributions in this paper. (1) We describe a', 'trees extracted from the Penn Treebank (Marcus et al., 1993) using the head rules and dependency extractor from Yamada and Matsumoto (2003) . As is standard, we used WSJ sections 2-21 for training, section 22 for development, and section 23 for testing. Unsupervised POS Learning In the first experiment, we do unsupervised part-ofspeech learning conditioned on dependency trees. To be clear, the input to our algorithm is the dependency structure skeleton of the corpus, but not the POS tags, and the output is a labeling of each of the words in the tree for word class. Since the model knows nothing about the POS annotation, the new classes have arbitrary integer names, and are not guaranteed to correlate with the POS tag definitions. We found that the choice of α 0 and β (the concentration parameters) did not affect the output much, while the value of ρ (the parameter for the base Dirichlet distribution) made a much larger difference. For all reported experiments, we set α 0 = β = 10 and varied ρ. We use several', 'were not uniform across the two domains. The new POS tagger model was responsible for most of the improvement in parsing for the biomedical domain, while the new supertagger model was necessary to see a large improvement in the question domain. We attribute this to the fact that question syntax is significantly different from newspaper syntax. We expect these considerations to apply to any lexicalized-grammar parser. Of course, it would be useful to have a way of predicting which level of annotation would be most effective for adapting to a new domain before the annotation begins. The utility of measures such as unknown word rate (which can be performed with unlabelled data) and unknown POS n-gram rate (which can be performed with only POS tags) is not yet sufficiently clear to rely on them as predictive measures, but it seems a fruitful avenue for future work to investigate the importance of such measures for parser domain adaptation. Acknowledgments We would like to thank Marie-Catherine de Marneffe for', 'downstream NLP tasks with less supervision (Clarke et al., 2010; Liang et al., 2013) . Being able to efficiently exploit features defined over individual words, our model also opens up the possibility for us to exploit alternative representations of words for learning (Turian et al., 2010) , or to perform joint learning of both distributional and logical semantics (Lewis and Steedman, 2013) . Furthermore, as a general string-to-tree structured prediction model, this work may find applications in other areas within NLP. The system and code can be downloaded from http://statnlp.org/research/sp/. Acknoledgments The author would like to thank the anonymous reviewers for their helpful comments. This work was supported by SUTD grant SRG ISTD 2013 064.', 'to use unlabeled data to improve the accuracy. One possible reason is the cumulative noise from the many cascading steps involved in automatic SRL of unlabeled data: syntactic parse, predicate identification (where we identify nouns with at least one argument), argument identification, and finally argument classification, which reduces the effectiveness of adding unlabeled data using ASO. (Caruana, 1997) discusses configurations where both used inputs and unused inputs (due to excessive noise) are utilized as additional outputs. In contrast, our work concerns linear predictors using empirical risk minimization. A variety of auxiliary problems are tested in (Ando and Zhang, 2005a; Ando and Zhang, 2005b) in the semi-supervised settings, i.e., their auxiliary problems are generated from unlabeled data. This differs significantly from the supervised setting in our work, where only labeled data is used. While (Ando and Zhang, 2005b) uses "predicting used features" (previous/current/next word) as auxiliary', 'with increasing training set size. Figure 1 displays the F1 learningcurve performance of BWI, both with and without cluster features, on the two fields that benefit the greatest from these features, PERSON and ORGA-NIZATION. As expected, the difference appears to be greatest on the low end of the horizontal axis (al- though overfitting complicates the comparison). At the same time, the improvement is fairly consistent at all training set sizes. Either the baseline feature set is ultimately too impoverished for this task, or, more likely, the complete MUC 6 training set (318 documents) is small for this class of learner. Techniques to lessen the need for annotation for NER have received a fair amount of attention recently. The prevailing approach to this problem is a bootstrapping technique, in which, starting with a few hand-labeled examples, the system iteratively adds automatic labels to a corpus, training itself, as it were. Examples of this are Cucerzan and Yarowsky (1999) , Thelen and Riloff (2002) ,', 'and the lack of a larger segmented corpus from which to build distributional models. Nonetheless, the addition of distributional similarity features does reduce the error rate by 35% from BASE. Information Field Segmentation We tested our framework on the CLASSIFIEDS data described in Grenager et al. (2005) under conditions similar to POS tagging. An important characteristic of this domain (see figure 1(a) ) is that the hidden labels tend to be "sticky," in that fields tend to consist of runs of the same label, as in figure 1(c ), in contrast with part-of-speech tagging, where we rarely see adjacent tokens given the same label. Grenager et al. (2005) report that in order to learn this "sticky" structure, they had to alter the structure of their HMM so that a fixed mass is placed on each diagonal transition. In this work, we learned this structure automatically though prototype similarity features without manually constraining the model (see On the test set of (Grenager et al., 2005) , BASE scored an accuracy', 'and the lack of a larger segmented corpus from which to build distributional models. Nonetheless, the addition of distributional similarity features does reduce the error rate by 35% from BASE. Information Field Segmentation We tested our framework on the CLASSIFIEDS data described in Grenager et al. (2005) under conditions similar to POS tagging. An important characteristic of this domain (see figure 1(a) ) is that the hidden labels tend to be "sticky," in that fields tend to consist of runs of the same label, as in figure 1(c ), in contrast with part-of-speech tagging, where we rarely see adjacent tokens given the same label. Grenager et al. (2005) report that in order to learn this "sticky" structure, they had to alter the structure of their HMM so that a fixed mass is placed on each diagonal transition. In this work, we learned this structure automatically though prototype similarity features without manually constraining the model (see On the test set of (Grenager et al., 2005) , BASE scored an accuracy', "to unsupervised learning of partof-speech models is to induce HMMs from unlabeled data in a maximum-likelihood framework. For example, Merialdo (1991) presents experiments learning HMMs using EM. Merialdo's results most famously show that re-estimation degrades accuracy unless almost no examples are labeled. Less famously, his results also demonstrate that reestimation can improve tagging accuracies to some degree in the fully unsupervised case. One recent and much more successful approach to part-of-speech learning is contrastive estimation, presented in Smith and Eisner (2005) . They utilize task-specific comparison neighborhoods for part-ofspeech tagging to alter their objective function. Both of these works require specification of the legal tags for each word. Such dictionaries are large and embody a great deal of lexical knowledge. A prototype list, in contrast, is extremely compact. 3 Tasks and Related Work: Extraction Grenager et al. (2005) presents an unsupervised approach to an information", "to unsupervised learning of partof-speech models is to induce HMMs from unlabeled data in a maximum-likelihood framework. For example, Merialdo (1991) presents experiments learning HMMs using EM. Merialdo's results most famously show that re-estimation degrades accuracy unless almost no examples are labeled. Less famously, his results also demonstrate that reestimation can improve tagging accuracies to some degree in the fully unsupervised case. One recent and much more successful approach to part-of-speech learning is contrastive estimation, presented in Smith and Eisner (2005) . They utilize task-specific comparison neighborhoods for part-ofspeech tagging to alter their objective function. Both of these works require specification of the legal tags for each word. Such dictionaries are large and embody a great deal of lexical knowledge. A prototype list, in contrast, is extremely compact. 3 Tasks and Related Work: Extraction Grenager et al. (2005) presents an unsupervised approach to an information", 'contrastive experimental results varying the amount of contextual information. Unsupervised and Semi-supervised Learning The bottleneck of time and monetary cost associated with manual annotation has generated significant interest in the development of techniques for machine learning and classification that reduce the amount of annotated data required for training. Likewise, learning from unlabeled data aligns with the perspective of language acquisition, as child learners must identify these linguistic categories without explicit instruction by observation of natural language interaction. Of particular interest are techniques in unsupervised and semi-supervised learning where the structure of unlabeled examples may be exploited. Here we consider both unsupervised techniques with no labeled training data and semi-supervised approaches where unlabeled training data is used in conjunction with small amounts of labeled data. A wide variety of unsupervised clustering techniques have been proposed. In addition to', 'classifiers with the goal of improving classification performance. The classifiers within the ensemble may differ in several ways, such as the learning algorithm or knowledge representation used, or data they were trained on. Ensemble learning has been successfully applied to numerous NLP tasks, including POS tagging (Brill and Wu, 1998; van Halteren et al., 1998) , chunking (Tjong Kim Sang, 2000) , word sense disambiguation (Pederson, 2000) and statistical parsing (Henderson and Brill, 1999) . Dietterich (2000) presents a good introduction to ensemble methods. Ensemble methods ameliorate learner bias by amortising individual classifier bias of over different systems. For an ensemble to be more effective than its constituents, the individual classifiers must have better than 50% accuracy and must produce diverse erroneous classifications (Dietterich, 2000) . Brill and Wu (1998) call this complementary disagreement complementarity. Although ensembles are often effective on problems with small training sets,', 'Discriminative learning methods are widely used in natural language processing. These methods work best when their training and test data are drawn from the same distribution. For many NLP tasks, however, we are confronted with new domains in which labeled data is scarce or non-existent. In such cases, we seek to adapt existing models from a resourcerich source domain to a resource-poor target domain. We introduce structural correspondence learning to automatically induce correspondences among features from different domains. We test our technique on part of speech tagging and show performance gains for varying amounts of source and target training data, as well as improvements in target domain parsing accuracy using our improved tagger. Introduction Discriminative learning methods are ubiquitous in natural language processing. Discriminative taggers and chunkers have been the state-of-the-art for more than a decade (Ratnaparkhi, 1996; Sha and Pereira, 2003) . Furthermore, end-to-end systems like speech', 'retrieval, question answering and other applications of NLP. Conditional Random Fields (CRF) (Lafferty et. al. 2001 ) is one of the most competitive NER algorithms. We employed a linear chain CRF with L 2 regularization as the baseline algorithm to which we added phrase cluster features. The To make the clusters more relevant to this domain, we adopted the following strategy: 1. Construct the feature vectors for 20 million phrases using the web data. 2. Run K-Means clustering on the phrases that appeared in the CoNLL training data to obtain K centroids. 3. Assign each of the 20 million phrases to the nearest centroid in the previous step. Baseline features The features in our baseline CRF classifier are a subset of the conventional features. They are defined with the following templates: >U ae ?, >U ae?5ãae ?, <>U ae áS è ?= è@ae?5 ae>5 á <>U ae?5ãae áS è ?= è@ae?5 ae>5 , <>U ae áOBTu è ?= è@ae?5 ae>5 , <>U ae?5ãae áOBTu è ?= è@ae?5 ae>5 , <<>U ae áSPL è ç ?= è@ae?5 ae>5 = ç@6 8 , <<>U ae?5ãae áSPL è ç ?=', "part-of-speech tags and replaced them with a flat distributional similarity clustering. In contrast to simpler models, which suffer multi-point drops in accuracy from switching to unsupervised tags (e.g., 2.6%), our new system's performance degrades only slightly, by 0.2% (see Tables 4 and 5 ). This result improves over substantial performance degradations previously observed for unsupervised dependency parsing with induced word categories (Klein and Manning, 2004; Headden et al., 2008, inter alia) . 7  One risk that arises from using gold tags is that newer systems could be finding cleverer ways to exploit manual labels (i.e., developing an over-reliance on gold tags) instead of actually learning to acquire language. Part-of-speech tags are known to contain significant amounts of information for unlabeled dependency parsing (McDonald et al., 2011, §3.1) , so we find it reassuring that our latest grammar inducer is less dependent on gold tags than its predecessors. Experiment #6: A Polysemous Clustering", 'manually annotated with POS information, many taggers use annotated text to "learn" either probability distributions or rules and use them to automatically assign POS tags to unseen text. The experiments in this paper were conducted on the Wall Street Journal corpus from the Penn Treebank project (Marcus et al., 1994) , although the model can trai~n from any large corpus annotated with POS tags. Since most realistic natural language applications must process words that were never seen before in training data, all experiments in this paper are conducted on test data that include unknown words. Several recent papers (Brill, 1994 , Magerman, 1995) have reported 96.5% tagging accuracy on the Wall St. Journal corpus. The experiments in this paper test the hypothesis that better use of context will improve the accuracy. A Maximum Entropy model is well-suited for such experiments since it corn-bines diverse forms of contextual information in a principled manner, and does not impose any distributional assumptions on', 'manually annotated with POS information, many taggers use annotated text to "learn" either probability distributions or rules and use them to automatically assign POS tags to unseen text. The experiments in this paper were conducted on the Wall Street Journal corpus from the Penn Treebank project (Marcus et al., 1994) , although the model can trai~n from any large corpus annotated with POS tags. Since most realistic natural language applications must process words that were never seen before in training data, all experiments in this paper are conducted on test data that include unknown words. Several recent papers (Brill, 1994 , Magerman, 1995) have reported 96.5% tagging accuracy on the Wall St. Journal corpus. The experiments in this paper test the hypothesis that better use of context will improve the accuracy. A Maximum Entropy model is well-suited for such experiments since it corn-bines diverse forms of contextual information in a principled manner, and does not impose any distributional assumptions on', 'manually annotated with POS information, many taggers use annotated text to "learn" either probability distributions or rules and use them to automatically assign POS tags to unseen text. The experiments in this paper were conducted on the Wall Street Journal corpus from the Penn Treebank project (Marcus et al., 1994) , although the model can trai~n from any large corpus annotated with POS tags. Since most realistic natural language applications must process words that were never seen before in training data, all experiments in this paper are conducted on test data that include unknown words. Several recent papers (Brill, 1994 , Magerman, 1995) have reported 96.5% tagging accuracy on the Wall St. Journal corpus. The experiments in this paper test the hypothesis that better use of context will improve the accuracy. A Maximum Entropy model is well-suited for such experiments since it corn-bines diverse forms of contextual information in a principled manner, and does not impose any distributional assumptions on', 'manually annotated with POS information, many taggers use annotated text to "learn" either probability distributions or rules and use them to automatically assign POS tags to unseen text. The experiments in this paper were conducted on the Wall Street Journal corpus from the Penn Treebank project (Marcus et al., 1994) , although the model can trai~n from any large corpus annotated with POS tags. Since most realistic natural language applications must process words that were never seen before in training data, all experiments in this paper are conducted on test data that include unknown words. Several recent papers (Brill, 1994 , Magerman, 1995) have reported 96.5% tagging accuracy on the Wall St. Journal corpus. The experiments in this paper test the hypothesis that better use of context will improve the accuracy. A Maximum Entropy model is well-suited for such experiments since it corn-bines diverse forms of contextual information in a principled manner, and does not impose any distributional assumptions on', 'In this paper, we propose guided learning, a new learning framework for bidirectional sequence classification. The tasks of learning the order of inference and training the local classifier are dynamically incorporated into a single Perceptron like learning algorithm. We apply this novel learning algorithm to POS tagging. It obtains an error rate of 2.67% on the standard PTB test set, which represents 3.3% relative error reduction over the previous best result on the same data set, while using fewer features. Introduction Many NLP tasks can be modeled as a sequence classification problem, such as POS tagging, chunking, and incremental parsing. A traditional method to solve this problem is to decompose the whole task into a set of individual tasks for each token in the input sequence, and solve these small tasks in a fixed order, usually from left to right. In this way, the output of the previous small tasks can be used as the input of the later tasks. HMM and MaxEnt Markov Model are examples of this method.', 'lexicons and employing a "curriculum learning" strategy (Bengio et al., 2009; Kumar et al., 2010) for our learning problem. Acknowledgments This work was supported in part by National Science Foundation Grants BCS-0904822, BCS-0624277, IIS-0968450; and by a gift from Google. We thank the anonymous reviewers, and David Bindel, Nikos Karampatziakis, Lillian Lee and Cornell NLP group for useful suggestions and insightful discussions.', 'which was presented as a simple "preprocessing step," is actually equivalent, except our representation explicitly separates hyperparameters which were tied in his work. We demonstrate that allowing different values for these hyperparameters significantly improves performance over both a strong baseline and (Daumé III, 2007) within both a conditional random field sequence model for named entity recognition and a discriminatively trained dependency parser. Introduction The goal of multi-task learning is to improve performance on a set of related tasks, when provided with (potentially varying quantities of) annotated data for each of the tasks. It is very closely related to domain adaptation, a far more common task in the natural language processing community, but with two primary differences. Firstly, in domain adaptation the different tasks are actually just different domains. Secondly, in multi-task learning the focus is on improving performance across all tasks, while in domain adaptation there is a', 'which was presented as a simple "preprocessing step," is actually equivalent, except our representation explicitly separates hyperparameters which were tied in his work. We demonstrate that allowing different values for these hyperparameters significantly improves performance over both a strong baseline and (Daumé III, 2007) within both a conditional random field sequence model for named entity recognition and a discriminatively trained dependency parser. Introduction The goal of multi-task learning is to improve performance on a set of related tasks, when provided with (potentially varying quantities of) annotated data for each of the tasks. It is very closely related to domain adaptation, a far more common task in the natural language processing community, but with two primary differences. Firstly, in domain adaptation the different tasks are actually just different domains. Secondly, in multi-task learning the focus is on improving performance across all tasks, while in domain adaptation there is a', 'which was presented as a simple "preprocessing step," is actually equivalent, except our representation explicitly separates hyperparameters which were tied in his work. We demonstrate that allowing different values for these hyperparameters significantly improves performance over both a strong baseline and (Daumé III, 2007) within both a conditional random field sequence model for named entity recognition and a discriminatively trained dependency parser. Introduction The goal of multi-task learning is to improve performance on a set of related tasks, when provided with (potentially varying quantities of) annotated data for each of the tasks. It is very closely related to domain adaptation, a far more common task in the natural language processing community, but with two primary differences. Firstly, in domain adaptation the different tasks are actually just different domains. Secondly, in multi-task learning the focus is on improving performance across all tasks, while in domain adaptation there is a', 'as well as supervised domain adaptation, i.e., where our models are induced from hand-annotated newswire and Twitter data. Note that in all our experiments, we use predicted POS tags as input to the system, in order to produce a realistic estimate of SST performance. Data Our experiments rely on combinations of available resources and newly annotated Twitter data sets made publicly available with this paper. Available resources Princeton WordNet (Fellbaum, 1998) is the main resource for SST. The lexicographer file names provide the label alphabet of the task, and the taxonomy defined therein is used not only in the baselines, but also as a feature in the discriminative models. We use the WordNet 3.0 distribution. SEMCOR (Miller et al., 1994 ) is a senseannotated corpus composed of 80% newswire and 20% literary text, using the sense inventory from WordNet. SEMCOR comprises 23k distinct lemmas in 234k instances. We use the texts which have full annotations, leaving aside the verb-only texts (see Section 6). We', "of words. Collobert and Weston (2008) showed that neural networks can perform well on sequence labeling language processing tasks while also learning appropriate features. However, their model is lacking in that it cannot represent the recursive structure inherent in natural language. They partially circumvent this problem by using either independent window-based classifiers or a convolutional layer. RNN-specific training was introduced by Goller and Küchler (1996) to learn distributed representations of given, structured objects such as logical terms. In contrast, our model both predicts the structure and its representation. Henderson (2003) was the first to show that neural networks can be successfully used for large scale parsing. He introduced a left-corner parser to estimate the probabilities of parsing decisions conditioned on the parsing history. The input to Henderson's model consists of pairs of frequent words and their part-of-speech (POS) tags. Both the original parsing system and its", "of words. Collobert and Weston (2008) showed that neural networks can perform well on sequence labeling language processing tasks while also learning appropriate features. However, their model is lacking in that it cannot represent the recursive structure inherent in natural language. They partially circumvent this problem by using either independent window-based classifiers or a convolutional layer. RNN-specific training was introduced by Goller and Küchler (1996) to learn distributed representations of given, structured objects such as logical terms. In contrast, our model both predicts the structure and its representation. Henderson (2003) was the first to show that neural networks can be successfully used for large scale parsing. He introduced a left-corner parser to estimate the probabilities of parsing decisions conditioned on the parsing history. The input to Henderson's model consists of pairs of frequent words and their part-of-speech (POS) tags. Both the original parsing system and its", "of words. Collobert and Weston (2008) showed that neural networks can perform well on sequence labeling language processing tasks while also learning appropriate features. However, their model is lacking in that it cannot represent the recursive structure inherent in natural language. They partially circumvent this problem by using either independent window-based classifiers or a convolutional layer. RNN-specific training was introduced by Goller and Küchler (1996) to learn distributed representations of given, structured objects such as logical terms. In contrast, our model both predicts the structure and its representation. Henderson (2003) was the first to show that neural networks can be successfully used for large scale parsing. He introduced a left-corner parser to estimate the probabilities of parsing decisions conditioned on the parsing history. The input to Henderson's model consists of pairs of frequent words and their part-of-speech (POS) tags. Both the original parsing system and its", 'since segmentation is mostly sufficient for the focus language of that study (Hebrew). The idea of solving two related tasks jointly to improve performance on both has been successful for other pairs of tasks (e.g., (Andrew et al., 2004) ). Doing joint inference instead of taking a pipeline approach has also been shown useful for other problems (e.g., (Finkel et al., 2006; Cohen and Smith, 2007) ). Component models We use two component models as the basis of addressing the task: one is a partially-supervised POS tagger which is trained using L and the unlabeled text T; the other is a lemmatizing transducer which is trained from L and can use T. The transducer can optionally be given input POS tags in training and testing, which can inform the lemmatization. The tagger is described in Section 4.2 and the transducer is described in Section 4.1. In a pipeline approach to combining the tagging and lemmatization components, we first predict a set of tags for each word using the tagger, and then ask the lemmatizer', 'meaningless for any real-life application. In this paper, we instead use predicted POS tags and investigate experimental settings in which one or more of the following'
Done reranking query 879. Elapsed time since start: 13605.07 seconds.
Done reranking query 880. Elapsed time since start: 13619.61 seconds.
Done reranking query 881. Elapsed time since start: 13627.53 seconds.
Done reranking query 882. Elapsed time since start: 13637.21 seconds.
Done reranking query 883. Elapsed time since start: 13651.99 seconds.
Done reranking query 884. Elapsed time since start: 13700.11 seconds.
Done reranking query 885. Elapsed time since start: 13717.44 seconds.
Saved 885 reranked responses to Gemini_text-reranked-100-indices.json
Saved 885 reranked responses to Gemini_structured-reranked-100-indices.json
Done reranking query 886. Elapsed time since start: 13744.52 seconds.
Done reranking query 887. Elapsed time since start: 13757.39 seconds.
Done reranking query 888. Elapsed time since start: 13772.12 seconds.
Done reranking query 889. Elapsed time since start: 13785.26 seconds.
Done reranking query 890. Elapsed time since start: 13799.84 seconds.
Done reranking query 891. Elapsed time since start: 13809.08 seconds.
Done reranking query 892. Elapsed time since start: 13821.82 seconds.
Done reranking query 893. Elapsed time since start: 13843.65 seconds.
Done reranking query 894. Elapsed time since start: 13857.96 seconds.
Done reranking query 895. Elapsed time since start: 13871.61 seconds.
Done reranking query 896. Elapsed time since start: 13878.75 seconds.
Done reranking query 897. Elapsed time since start: 13888.90 seconds.
Done reranking query 898. Elapsed time since start: 13940.09 seconds.
Done reranking query 899. Elapsed time since start: 13967.93 seconds.
Done reranking query 900. Elapsed time since start: 13981.09 seconds.
Saved 900 reranked responses to Gemini_text-reranked-100-indices.json
Saved 900 reranked responses to Gemini_structured-reranked-100-indices.json
Done reranking query 901. Elapsed time since start: 14011.22 seconds.
Done reranking query 902. Elapsed time since start: 14034.03 seconds.
Done reranking query 903. Elapsed time since start: 14059.64 seconds.
Done reranking query 904. Elapsed time since start: 14068.12 seconds.
Done reranking query 905. Elapsed time since start: 14087.28 seconds.
Done reranking query 906. Elapsed time since start: 14100.55 seconds.
Done reranking query 907. Elapsed time since start: 14110.35 seconds.
Done reranking query 908. Elapsed time since start: 14128.59 seconds.
Done reranking query 909. Elapsed time since start: 14141.06 seconds.
Done reranking query 910. Elapsed time since start: 14149.55 seconds.
Done reranking query 911. Elapsed time since start: 14159.21 seconds.
Done reranking query 912. Elapsed time since start: 14167.87 seconds.
Done reranking query 913. Elapsed time since start: 14216.94 seconds.
Done reranking query 914. Elapsed time since start: 14225.82 seconds.
Done reranking query 915. Elapsed time since start: 14247.98 seconds.
Saved 915 reranked responses to Gemini_text-reranked-100-indices.json
Saved 915 reranked responses to Gemini_structured-reranked-100-indices.json
Done reranking query 916. Elapsed time since start: 14275.14 seconds.
Done reranking query 917. Elapsed time since start: 14293.20 seconds.
Done reranking query 918. Elapsed time since start: 14316.43 seconds.
Done reranking query 919. Elapsed time since start: 14324.37 seconds.
Done reranking query 920. Elapsed time since start: 14335.77 seconds.
Done reranking query 921. Elapsed time since start: 14368.86 seconds.
Done reranking query 922. Elapsed time since start: 14392.77 seconds.
Done reranking query 923. Elapsed time since start: 14402.09 seconds.
Done reranking query 924. Elapsed time since start: 14415.75 seconds.
Done reranking query 925. Elapsed time since start: 14425.54 seconds.
Done reranking query 926. Elapsed time since start: 14435.27 seconds.
Done reranking query 927. Elapsed time since start: 14460.49 seconds.
Done reranking query 928. Elapsed time since start: 14470.68 seconds.
Done reranking query 929. Elapsed time since start: 14492.69 seconds.
Done reranking query 930. Elapsed time since start: 14511.10 seconds.
Saved 930 reranked responses to Gemini_text-reranked-100-indices.json
Saved 930 reranked responses to Gemini_structured-reranked-100-indices.json
Done reranking query 931. Elapsed time since start: 14519.31 seconds.
Done reranking query 932. Elapsed time since start: 14529.46 seconds.
Done reranking query 933. Elapsed time since start: 14580.68 seconds.
Done reranking query 934. Elapsed time since start: 14588.20 seconds.
Done reranking query 935. Elapsed time since start: 14611.35 seconds.
Done reranking query 936. Elapsed time since start: 14625.56 seconds.
Done reranking query 937. Elapsed time since start: 14634.38 seconds.
Error parsing or validating JSON: Expecting value: line 1 column 1 (char 0)
Failed to parse JSON. Raw response: '<output truncated>'
Done reranking query 938. Elapsed time since start: 14648.28 seconds.
Done reranking query 939. Elapsed time since start: 14655.69 seconds.
Model overloaded (attempt 1/6). Retrying in 5 seconds...
Model overloaded (attempt 2/6). Retrying in 10 seconds...
Done reranking query 940. Elapsed time since start: 14711.90 seconds.
Done reranking query 941. Elapsed time since start: 14731.45 seconds.
Done reranking query 942. Elapsed time since start: 14766.41 seconds.
Done reranking query 943. Elapsed time since start: 14779.25 seconds.
Done reranking query 944. Elapsed time since start: 14794.71 seconds.
Done reranking query 945. Elapsed time since start: 14804.37 seconds.
Saved 945 reranked responses to Gemini_text-reranked-100-indices.json
Saved 945 reranked responses to Gemini_structured-reranked-100-indices.json
Done reranking query 946. Elapsed time since start: 14863.04 seconds.
Done reranking query 947. Elapsed time since start: 14878.53 seconds.
Done reranking query 948. Elapsed time since start: 14930.71 seconds.
Done reranking query 949. Elapsed time since start: 14963.37 seconds.
Done reranking query 950. Elapsed time since start: 14979.79 seconds.
Done reranking query 951. Elapsed time since start: 14995.45 seconds.
Done reranking query 952. Elapsed time since start: 15012.54 seconds.
Done reranking query 953. Elapsed time since start: 15029.92 seconds.
Error parsing or validating JSON: Expecting value: line 1 column 1 (char 0)
Failed to parse JSON. Raw response: '<output truncated>'
Done reranking query 954. Elapsed time since start: 15042.08 seconds.
Done reranking query 955. Elapsed time since start: 15063.05 seconds.
Done reranking query 956. Elapsed time since start: 15085.72 seconds.
Done reranking query 957. Elapsed time since start: 15098.61 seconds.
Done reranking query 958. Elapsed time since start: 15106.38 seconds.
Done reranking query 959. Elapsed time since start: 15121.88 seconds.
Model overloaded (attempt 1/6). Retrying in 5 seconds...
Done reranking query 960. Elapsed time since start: 15160.67 seconds.
Saved 960 reranked responses to Gemini_text-reranked-100-indices.json
Saved 960 reranked responses to Gemini_structured-reranked-100-indices.json
Done reranking query 961. Elapsed time since start: 15168.43 seconds.
Done reranking query 962. Elapsed time since start: 15185.32 seconds.
Done reranking query 963. Elapsed time since start: 15197.73 seconds.
Done reranking query 964. Elapsed time since start: 15221.16 seconds.
Done reranking query 965. Elapsed time since start: 15275.59 seconds.
Done reranking query 966. Elapsed time since start: 15285.67 seconds.
Done reranking query 967. Elapsed time since start: 15301.01 seconds.
Done reranking query 968. Elapsed time since start: 15310.36 seconds.
Done reranking query 969. Elapsed time since start: 15330.45 seconds.
Done reranking query 970. Elapsed time since start: 15340.05 seconds.
Done reranking query 971. Elapsed time since start: 15353.25 seconds.
Done reranking query 972. Elapsed time since start: 15362.70 seconds.
Done reranking query 973. Elapsed time since start: 15370.67 seconds.
Done reranking query 974. Elapsed time since start: 15380.60 seconds.
Done reranking query 975. Elapsed time since start: 15389.44 seconds.
Saved 975 reranked responses to Gemini_text-reranked-100-indices.json
Saved 975 reranked responses to Gemini_structured-reranked-100-indices.json
Done reranking query 976. Elapsed time since start: 15412.61 seconds.
Done reranking query 977. Elapsed time since start: 15420.82 seconds.
Done reranking query 978. Elapsed time since start: 15428.88 seconds.
Done reranking query 979. Elapsed time since start: 15436.45 seconds.
Done reranking query 980. Elapsed time since start: 15445.00 seconds.
Done reranking query 981. Elapsed time since start: 15462.39 seconds.
Done reranking query 982. Elapsed time since start: 15469.83 seconds.
Done reranking query 983. Elapsed time since start: 15480.79 seconds.
Done reranking query 984. Elapsed time since start: 15500.17 seconds.
Done reranking query 985. Elapsed time since start: 15508.00 seconds.
Done reranking query 986. Elapsed time since start: 15553.68 seconds.
Done reranking query 987. Elapsed time since start: 15561.30 seconds.
Done reranking query 988. Elapsed time since start: 15571.17 seconds.
Done reranking query 989. Elapsed time since start: 15580.97 seconds.
Done reranking query 990. Elapsed time since start: 15602.67 seconds.
Saved 990 reranked responses to Gemini_text-reranked-100-indices.json
Saved 990 reranked responses to Gemini_structured-reranked-100-indices.json
Done reranking query 991. Elapsed time since start: 15611.02 seconds.
Done reranking query 992. Elapsed time since start: 15630.40 seconds.
Done reranking query 993. Elapsed time since start: 15685.09 seconds.
Done reranking query 994. Elapsed time since start: 15692.87 seconds.
Done reranking query 995. Elapsed time since start: 15704.67 seconds.
Done reranking query 996. Elapsed time since start: 15716.07 seconds.
Done reranking query 997. Elapsed time since start: 15722.88 seconds.
Done reranking query 998. Elapsed time since start: 15732.88 seconds.
Done reranking query 999. Elapsed time since start: 15783.09 seconds.
Done reranking query 1000. Elapsed time since start: 15796.49 seconds.
Done reranking query 1001. Elapsed time since start: 15809.98 seconds.
Done reranking query 1002. Elapsed time since start: 15818.86 seconds.
Done reranking query 1003. Elapsed time since start: 15831.18 seconds.
Done reranking query 1004. Elapsed time since start: 15845.91 seconds.
Done reranking query 1005. Elapsed time since start: 15856.55 seconds.
Saved 1005 reranked responses to Gemini_text-reranked-100-indices.json
Saved 1005 reranked responses to Gemini_structured-reranked-100-indices.json
Done reranking query 1006. Elapsed time since start: 15864.67 seconds.
Done reranking query 1007. Elapsed time since start: 15877.01 seconds.
Done reranking query 1008. Elapsed time since start: 15884.76 seconds.
Done reranking query 1009. Elapsed time since start: 15895.00 seconds.
Done reranking query 1010. Elapsed time since start: 15911.06 seconds.
Done reranking query 1011. Elapsed time since start: 15923.35 seconds.
Done reranking query 1012. Elapsed time since start: 15931.84 seconds.
Done reranking query 1013. Elapsed time since start: 15950.22 seconds.
Done reranking query 1014. Elapsed time since start: 15963.03 seconds.
Done reranking query 1015. Elapsed time since start: 15980.91 seconds.
Done reranking query 1016. Elapsed time since start: 16010.20 seconds.
Done reranking query 1017. Elapsed time since start: 16026.16 seconds.
Done reranking query 1018. Elapsed time since start: 16035.49 seconds.
Done reranking query 1019. Elapsed time since start: 16047.20 seconds.
Done reranking query 1020. Elapsed time since start: 16056.47 seconds.
Saved 1020 reranked responses to Gemini_text-reranked-100-indices.json
Saved 1020 reranked responses to Gemini_structured-reranked-100-indices.json
Done reranking query 1021. Elapsed time since start: 16074.07 seconds.
Done reranking query 1022. Elapsed time since start: 16083.38 seconds.
Done reranking query 1023. Elapsed time since start: 16106.25 seconds.
Done reranking query 1024. Elapsed time since start: 16114.05 seconds.
Done reranking query 1025. Elapsed time since start: 16123.22 seconds.
Done reranking query 1026. Elapsed time since start: 16132.80 seconds.
Done reranking query 1027. Elapsed time since start: 16152.34 seconds.
Done reranking query 1028. Elapsed time since start: 16204.24 seconds.
Done reranking query 1029. Elapsed time since start: 16211.75 seconds.
Done reranking query 1030. Elapsed time since start: 16224.90 seconds.
Done reranking query 1031. Elapsed time since start: 16232.72 seconds.
Done reranking query 1032. Elapsed time since start: 16282.46 seconds.
Done reranking query 1033. Elapsed time since start: 16290.06 seconds.
Done reranking query 1034. Elapsed time since start: 16304.93 seconds.
Done reranking query 1035. Elapsed time since start: 16313.04 seconds.
Saved 1035 reranked responses to Gemini_text-reranked-100-indices.json
Saved 1035 reranked responses to Gemini_structured-reranked-100-indices.json
Done reranking query 1036. Elapsed time since start: 16333.41 seconds.
Done reranking query 1037. Elapsed time since start: 16351.12 seconds.
Done reranking query 1038. Elapsed time since start: 16370.52 seconds.
Done reranking query 1039. Elapsed time since start: 16377.98 seconds.
Done reranking query 1040. Elapsed time since start: 16386.53 seconds.
Done reranking query 1041. Elapsed time since start: 16411.81 seconds.
Done reranking query 1042. Elapsed time since start: 16427.50 seconds.
Done reranking query 1043. Elapsed time since start: 16435.20 seconds.
Done reranking query 1044. Elapsed time since start: 16482.44 seconds.
Done reranking query 1045. Elapsed time since start: 16489.55 seconds.
Done reranking query 1046. Elapsed time since start: 16497.66 seconds.
Done reranking query 1047. Elapsed time since start: 16510.92 seconds.
Done reranking query 1048. Elapsed time since start: 16518.30 seconds.
Done reranking query 1049. Elapsed time since start: 16528.17 seconds.
Done reranking query 1050. Elapsed time since start: 16554.49 seconds.
Saved 1050 reranked responses to Gemini_text-reranked-100-indices.json
Saved 1050 reranked responses to Gemini_structured-reranked-100-indices.json
Done reranking query 1051. Elapsed time since start: 16576.75 seconds.
Done reranking query 1052. Elapsed time since start: 16592.37 seconds.
Done reranking query 1053. Elapsed time since start: 16601.21 seconds.
Done reranking query 1054. Elapsed time since start: 16610.74 seconds.
Done reranking query 1055. Elapsed time since start: 16618.71 seconds.
Done reranking query 1056. Elapsed time since start: 16638.08 seconds.
Done reranking query 1057. Elapsed time since start: 16654.85 seconds.
Done reranking query 1058. Elapsed time since start: 16661.64 seconds.
Done reranking query 1059. Elapsed time since start: 16680.39 seconds.
Done reranking query 1060. Elapsed time since start: 16709.19 seconds.
Done reranking query 1061. Elapsed time since start: 16715.91 seconds.
Done reranking query 1062. Elapsed time since start: 16722.87 seconds.
Done reranking query 1063. Elapsed time since start: 16729.79 seconds.
Done reranking query 1064. Elapsed time since start: 16736.31 seconds.
Done reranking query 1065. Elapsed time since start: 16743.34 seconds.
Saved 1065 reranked responses to Gemini_text-reranked-100-indices.json
Saved 1065 reranked responses to Gemini_structured-reranked-100-indices.json
Done reranking query 1066. Elapsed time since start: 16751.28 seconds.
Done reranking query 1067. Elapsed time since start: 16773.85 seconds.
Done reranking query 1068. Elapsed time since start: 16804.25 seconds.
Done reranking query 1069. Elapsed time since start: 16811.88 seconds.
Done reranking query 1070. Elapsed time since start: 16827.94 seconds.
Done reranking query 1071. Elapsed time since start: 16836.13 seconds.
Done reranking query 1072. Elapsed time since start: 16844.92 seconds.
Done reranking query 1073. Elapsed time since start: 16855.30 seconds.
Done reranking query 1074. Elapsed time since start: 16874.08 seconds.
Done reranking query 1075. Elapsed time since start: 16886.71 seconds.
Done reranking query 1076. Elapsed time since start: 16895.49 seconds.
Done reranking query 1077. Elapsed time since start: 16912.76 seconds.
Done reranking query 1078. Elapsed time since start: 16932.75 seconds.
Done reranking query 1079. Elapsed time since start: 16945.41 seconds.
Done reranking query 1080. Elapsed time since start: 16963.64 seconds.
Saved 1080 reranked responses to Gemini_text-reranked-100-indices.json
Saved 1080 reranked responses to Gemini_structured-reranked-100-indices.json
Done reranking query 1081. Elapsed time since start: 16992.61 seconds.
Done reranking query 1082. Elapsed time since start: 17000.77 seconds.
Done reranking query 1083. Elapsed time since start: 17013.81 seconds.
Done reranking query 1084. Elapsed time since start: 17026.34 seconds.
Done reranking query 1085. Elapsed time since start: 17035.09 seconds.
Done reranking query 1086. Elapsed time since start: 17041.81 seconds.
Done reranking query 1087. Elapsed time since start: 17049.46 seconds.
Done reranking query 1088. Elapsed time since start: 17060.75 seconds.
Done reranking query 1089. Elapsed time since start: 17067.47 seconds.
Done reranking query 1090. Elapsed time since start: 17118.07 seconds.
Done reranking query 1091. Elapsed time since start: 17126.49 seconds.
Done reranking query 1092. Elapsed time since start: 17153.92 seconds.
Done reranking query 1093. Elapsed time since start: 17161.84 seconds.
Done reranking query 1094. Elapsed time since start: 17179.19 seconds.
Done reranking query 1095. Elapsed time since start: 17197.53 seconds.
Saved 1095 reranked responses to Gemini_text-reranked-100-indices.json
Saved 1095 reranked responses to Gemini_structured-reranked-100-indices.json
Done reranking query 1096. Elapsed time since start: 17205.52 seconds.
Done reranking query 1097. Elapsed time since start: 17226.62 seconds.
Done reranking query 1098. Elapsed time since start: 17249.15 seconds.
Done reranking query 1099. Elapsed time since start: 17270.36 seconds.
Done reranking query 1100. Elapsed time since start: 17279.87 seconds.
Done reranking query 1101. Elapsed time since start: 17288.45 seconds.
Done reranking query 1102. Elapsed time since start: 17299.90 seconds.
Done reranking query 1103. Elapsed time since start: 17330.30 seconds.
Done reranking query 1104. Elapsed time since start: 17340.38 seconds.
Done reranking query 1105. Elapsed time since start: 17350.71 seconds.
Done reranking query 1106. Elapsed time since start: 17363.63 seconds.
Done reranking query 1107. Elapsed time since start: 17390.90 seconds.
Done reranking query 1108. Elapsed time since start: 17399.24 seconds.
Done reranking query 1109. Elapsed time since start: 17406.24 seconds.
Done reranking query 1110. Elapsed time since start: 17419.12 seconds.
Saved 1110 reranked responses to Gemini_text-reranked-100-indices.json
Saved 1110 reranked responses to Gemini_structured-reranked-100-indices.json
Done reranking query 1111. Elapsed time since start: 17427.28 seconds.
Done reranking query 1112. Elapsed time since start: 17435.02 seconds.
Done reranking query 1113. Elapsed time since start: 17442.30 seconds.
Done reranking query 1114. Elapsed time since start: 17458.98 seconds.
Done reranking query 1115. Elapsed time since start: 17468.37 seconds.
Done reranking query 1116. Elapsed time since start: 17476.94 seconds.
Done reranking query 1117. Elapsed time since start: 17488.16 seconds.
Done reranking query 1118. Elapsed time since start: 17498.00 seconds.
Done reranking query 1119. Elapsed time since start: 17508.68 seconds.
Done reranking query 1120. Elapsed time since start: 17527.18 seconds.
Done reranking query 1121. Elapsed time since start: 17536.99 seconds.
Done reranking query 1122. Elapsed time since start: 17556.11 seconds.
Done reranking query 1123. Elapsed time since start: 17566.37 seconds.
Done reranking query 1124. Elapsed time since start: 17575.06 seconds.
Done reranking query 1125. Elapsed time since start: 17590.60 seconds.
Saved 1125 reranked responses to Gemini_text-reranked-100-indices.json
Saved 1125 reranked responses to Gemini_structured-reranked-100-indices.json
Done reranking query 1126. Elapsed time since start: 17604.43 seconds.
Done reranking query 1127. Elapsed time since start: 17611.29 seconds.
Done reranking query 1128. Elapsed time since start: 17619.49 seconds.
Done reranking query 1129. Elapsed time since start: 17628.75 seconds.
Done reranking query 1130. Elapsed time since start: 17636.81 seconds.
Done reranking query 1131. Elapsed time since start: 17659.15 seconds.
Done reranking query 1132. Elapsed time since start: 17668.38 seconds.
Done reranking query 1133. Elapsed time since start: 17683.25 seconds.
Done reranking query 1134. Elapsed time since start: 17720.65 seconds.
Done reranking query 1135. Elapsed time since start: 17747.11 seconds.
Done reranking query 1136. Elapsed time since start: 17757.22 seconds.
Done reranking query 1137. Elapsed time since start: 17776.41 seconds.
Done reranking query 1138. Elapsed time since start: 17788.98 seconds.
Done reranking query 1139. Elapsed time since start: 17827.83 seconds.
Done reranking query 1140. Elapsed time since start: 17842.68 seconds.
Saved 1140 reranked responses to Gemini_text-reranked-100-indices.json
Saved 1140 reranked responses to Gemini_structured-reranked-100-indices.json
Done reranking query 1141. Elapsed time since start: 17851.47 seconds.
Done reranking query 1142. Elapsed time since start: 17859.74 seconds.
Done reranking query 1143. Elapsed time since start: 17866.81 seconds.
Done reranking query 1144. Elapsed time since start: 17875.04 seconds.
Done reranking query 1145. Elapsed time since start: 17881.46 seconds.
Done reranking query 1146. Elapsed time since start: 17888.87 seconds.
Done reranking query 1147. Elapsed time since start: 17918.69 seconds.
Done reranking query 1148. Elapsed time since start: 17926.06 seconds.
Done reranking query 1149. Elapsed time since start: 17942.57 seconds.
Done reranking query 1150. Elapsed time since start: 17956.94 seconds.
Done reranking query 1151. Elapsed time since start: 17974.83 seconds.
Done reranking query 1152. Elapsed time since start: 18001.61 seconds.
Done reranking query 1153. Elapsed time since start: 18030.08 seconds.
Done reranking query 1154. Elapsed time since start: 18039.48 seconds.
Done reranking query 1155. Elapsed time since start: 18049.13 seconds.
Saved 1155 reranked responses to Gemini_text-reranked-100-indices.json
Saved 1155 reranked responses to Gemini_structured-reranked-100-indices.json
Done reranking query 1156. Elapsed time since start: 18056.35 seconds.
Done reranking query 1157. Elapsed time since start: 18064.74 seconds.
Done reranking query 1158. Elapsed time since start: 18075.75 seconds.
Done reranking query 1159. Elapsed time since start: 18083.32 seconds.
Done reranking query 1160. Elapsed time since start: 18092.40 seconds.
Done reranking query 1161. Elapsed time since start: 18112.06 seconds.
Done reranking query 1162. Elapsed time since start: 18118.74 seconds.
Done reranking query 1163. Elapsed time since start: 18153.32 seconds.
Done reranking query 1164. Elapsed time since start: 18161.56 seconds.
Done reranking query 1165. Elapsed time since start: 18169.23 seconds.
Done reranking query 1166. Elapsed time since start: 18177.67 seconds.
Done reranking query 1167. Elapsed time since start: 18189.77 seconds.
Done reranking query 1168. Elapsed time since start: 18213.19 seconds.
Done reranking query 1169. Elapsed time since start: 18221.51 seconds.
Done reranking query 1170. Elapsed time since start: 18238.32 seconds.
Saved 1170 reranked responses to Gemini_text-reranked-100-indices.json
Saved 1170 reranked responses to Gemini_structured-reranked-100-indices.json
Done reranking query 1171. Elapsed time since start: 18251.24 seconds.
Done reranking query 1172. Elapsed time since start: 18270.40 seconds.
Done reranking query 1173. Elapsed time since start: 18287.97 seconds.
Done reranking query 1174. Elapsed time since start: 18296.65 seconds.
Done reranking query 1175. Elapsed time since start: 18304.94 seconds.
Done reranking query 1176. Elapsed time since start: 18311.62 seconds.
Done reranking query 1177. Elapsed time since start: 18320.27 seconds.
Done reranking query 1178. Elapsed time since start: 18339.05 seconds.
Done reranking query 1179. Elapsed time since start: 18346.87 seconds.
Done reranking query 1180. Elapsed time since start: 18354.44 seconds.
Done reranking query 1181. Elapsed time since start: 18363.14 seconds.
Done reranking query 1182. Elapsed time since start: 18383.82 seconds.
Done reranking query 1183. Elapsed time since start: 18391.85 seconds.
Done reranking query 1184. Elapsed time since start: 18411.94 seconds.
Error parsing or validating JSON: Expecting ',' delimiter: line 1 column 12434 (char 12433)
Failed to parse JSON. Raw response: '[5, 85, 10, 104, 82, 83, 84, 86, 105, 91, 101, 102, 103, 0, 1, 2, 3, 5, 6, 8, 9, 11, 12, 13, 14, 15, 16, 17, 18, 19, 20, 21, 22, 23, 24, 25, 26, 27, 28, 29, 30, 31, 32, 33, 34, 35, 36, 37, 38, 39, 40, 41, 42, 43, 44, 45, 46, 47, 48, 49, 50, 51, 52, 53, 54, 55, 56, 57, 58, 59, 60, 61, 62, 63, 64, 65, 66, 67, 68, 69, 70, 71, 72, 73, 74, 75, 76, 77, 78, 79, 80, 81, 87, 88, 89, 90, 92, 93, 94, 95, 96, 97, 98, 99, 4, 7, 79, 80, 81, 87, 88, 89, 90, 92, 93, 94, 95, 96, 97, 98, 99, 100, 106, 107, 108, 9, 24, 81, 13, 14, 15, 16, 76, 77, 78, 90, 91, 102, 103, 106, 107, 108, 92, 93, 94, 95, 96, 97, 98, 99, 100, 106, 107, 108, 92, 93, 94, 95, 96, 97, 98, 99, 100, 106, 107, 108, 92, 93, 94, 95, 96, 97, 98, 99, 100, 106, 107, 108, 92, 93, 94, 95, 96, 97, 98, 99, 100, 106, 107, 108, 92, 93, 94, 95, 96, 97, 98, 99, 100, 106, 107, 108, 92, 93, 94, 95, 96, 97, 98, 99, 100, 106, 107, 108, 92, 93, 94, 95, 96, 97, 98, 99, 100, 106, 107, 108, 92, 93, 94, 95, 96, 97, 98, 99, 100, 106, 107, 108, 92, 93, 94, 95, 96, 97, 98, 99, 100, 106, 107, 108, 92, 93, 94, 95, 96, 97, 98, 99, 100, 106, 107, 108, 92, 93, 94, 95, 96, 97, 98, 99, 100, 106, 107, 108, 92, 93, 94, 95, 96, 97, 98, 99, 100, 106, 107, 108, 92, 93, 94, 95, 96, 97, 98, 99, 100, 106, 107, 108, 92, 93, 94, 95, 96, 97, 98, 99, 100, 106, 107, 108, 92, 93, 94, 95, 96, 97, 98, 99, 100, 106, 107, 108, 92, 93, 94, 95, 96, 97, 98, 99, 100, 106, 107, 108, 92, 93, 94, 95, 96, 97, 98, 99, 100, 106, 107, 108, 92, 93, 94, 95, 96, 97, 98, 99, 100, 106, 107, 108, 92, 93, 94, 95, 96, 97, 98, 99, 100, 106, 107, 108, 92, 93, 94, 95, 96, 97, 98, 99, 100, 106, 107, 108, 92, 93, 94, 95, 96, 97, 98, 99, 100, 106, 107, 108, 92, 93, 94, 95, 96, 97, 98, 99, 100, 106, 107, 108, 92, 93, 94, 95, 96, 97, 98, 99, 100, 106, 107, 108, 92, 93, 94, 95, 96, 97, 98, 99, 100, 106, 107, 108, 92, 93, 94, 95, 96, 97, 98, 99, 100, 106, 107, 108, 92, 93, 94, 95, 96, 97, 98, 99, 100, 106, 107, 108, 92, 93, 94, 95, 96, 97, 98, 99, 100, 106, 107, 108, 92, 93, 94, 95, 96, 97, 98, 99, 100, 106, 107, 108, 92, 93, 94, 95, 96, 97, 98, 99, 100, 106, 107, 108, 92, 93, 94, 95, 96, 97, 98, 99, 100, 106, 107, 108, 92, 93, 94, 95, 96, 97, 98, 99, 100, 106, 107, 108, 92, 93, 94, 95, 96, 97, 98, 99, 100, 106, 107, 108, 92, 93, 94, 95, 96, 97, 98, 99, 100, 106, 107, 108, 92, 93, 94, 95, 96, 97, 98, 99, 100, 106, 107, 108, 92, 93, 94, 95, 96, 97, 98, 99, 100, 106, 107, 108, 92, 93, 94, 95, 96, 97, 98, 99, 100, 106, 107, 108, 92, 93, 94, 95, 96, 97, 98, 99, 100, 106, 107, 108, 92, 93, 94, 95, 96, 97, 98, 99, 100, 106, 107, 108, 92, 93, 94, 95, 96, 97, 98, 99, 100, 106, 107, 108, 92, 93, 94, 95, 96, 97, 98, 99, 100, 106, 107, 108, 92, 93, 94, 95, 96, 97, 98, 99, 100, 106, 107, 108, 92, 93, 94, 95, 96, 97, 98, 99, 100, 106, 107, 108, 92, 93, 94, 95, 96, 97, 98, 99, 100, 106, 107, 108, 92, 93, 94, 95, 96, 97, 98, 99, 100, 106, 107, 108, 92, 93, 94, 95, 96, 97, 98, 99, 100, 106, 107, 108, 92, 93, 94, 95, 96, 97, 98, 99, 100, 106, 107, 108, 92, 93, 94, 95, 96, 97, 98, 99, 100, 106, 107, 108, 92, 93, 94, 95, 96, 97, 98, 99, 100, 106, 107, 108, 92, 93, 94, 95, 96, 97, 98, 99, 100, 106, 107, 108, 92, 93, 94, 95, 96, 97, 98, 99, 100, 106, 107, 108, 92, 93, 94, 95, 96, 97, 98, 99, 100, 106, 107, 108, 92, 93, 94, 95, 96, 97, 98, 99, 100, 106, 107, 108, 92, 93, 94, 95, 96, 97, 98, 99, 100, 106, 107, 108, 92, 93, 94, 95, 96, 97, 98, 99, 100, 106, 107, 108, 92, 93, 94, 95, 96, 97, 98, 99, 100, 106, 107, 108, 92, 93, 94, 95, 96, 97, 98, 99, 100, 106, 107, 108, 92, 93, 94, 95, 96, 97, 98, 99, 100, 106, 107, 108, 92, 93, 94, 95, 96, 97, 98, 99, 100, 106, 107, 108, 92, 93, 94, 95, 96, 97, 98, 99, 100, 106, 107, 108, 92, 93, 94, 95, 96, 97, 98, 99, 100, 106, 107, 108, 92, 93, 94, 95, 96, 97, 98, 99, 100, 106, 107, 108, 92, 93, 94, 95, 96, 97, 98, 99, 100, 106, 107, 108, 92, 93, 94, 95, 96, 97, 98, 99, 100, 106, 107, 108, 92, 93, 94, 95, 96, 97, 98, 99, 100, 106, 107, 108, 92, 93, 94, 95, 96, 97, 98, 99, 100, 106, 107, 108, 92, 93, 94, 95, 96, 97, 98, 99, 100, 106, 107, 108, 92, 93, 94, 95, 96, 97, 98, 99, 100, 106, 107, 108, 92, 93, 94, 95, 96, 97, 98, 99, 100, 106, 107, 108, 92, 93, 94, 95, 96, 97, 98, 99, 100, 106, 107, 108, 92, 93, 94, 95, 96, 97, 98, 99, 100, 106, 107, 108, 92, 93, 94, 95, 96, 97, 98, 99, 100, 106, 107, 108, 92, 93, 94, 95, 96, 97, 98, 99, 100, 106, 107, 108, 92, 93, 94, 95, 96, 97, 98, 99, 100, 106, 107, 108, 92, 93, 94, 95, 96, 97, 98, 99, 100, 106, 107, 108, 92, 93, 94, 95, 96, 97, 98, 99, 100, 106, 107, 108, 92, 93, 94, 95, 96, 97, 98, 99, 100, 106, 107, 108, 92, 93, 94, 95, 96, 97, 98, 99, 100, 106, 107, 108, 92, 93, 94, 95, 96, 97, 98, 99, 100, 106, 107, 108, 92, 93, 94, 95, 96, 97, 98, 99, 100, 106, 107, 108, 92, 93, 94, 95, 96, 97, 98, 99, 100, 106, 107, 108, 92, 93, 94, 95, 96, 97, 98, 99, 100, 106, 107, 108, 92, 93, 94, 95, 96, 97, 98, 99, 100, 106, 107, 108, 92, 93, 94, 95, 96, 97, 98, 99, 100, 106, 107, 108, 92, 93, 94, 95, 96, 97, 98, 99, 100, 106, 107, 108, 92, 93, 94, 95, 96, 97, 98, 99, 100, 106, 107, 108, 92, 93, 94, 95, 96, 97, 98, 99, 100, 106, 107, 108, 92, 93, 94, 95, 96, 97, 98, 99, 100, 106, 107, 108, 92, 93, 94, 95, 96, 97, 98, 99, 100, 106, 107, 108, 92, 93, 94, 95, 96, 97, 98, 99, 100, 106, 107, 108, 92, 93, 94, 95, 96, 97, 98, 99, 100, 106, 107, 108, 92, 93, 94, 95, 96, 97, 98, 99, 100, 106, 107, 108, 92, 93, 94, 95, 96, 97, 98, 99, 100, 106, 107, 108, 92, 93, 94, 95, 96, 97, 98, 99, 100, 106, 107, 108, 92, 93, 94, 95, 96, 97, 98, 99, 100, 106, 107, 108, 92, 93, 94, 95, 96, 97, 98, 99, 100, 106, 107, 108, 92, 93, 94, 95, 96, 97, 98, 99, 100, 106, 107, 108, 92, 93, 94, 95, 96, 97, 98, 99, 100, 106, 107, 108, 92, 93, 94, 95, 96, 97, 98, 99, 100, 106, 107, 108, 92, 93, 94, 95, 96, 97, 98, 99, 100, 106, 107, 108, 92, 93, 94, 95, 96, 97, 98, 99, 100, 106, 107, 108, 92, 93, 94, 95, 96, 97, 98, 99, 100, 106, 107, 108, 92, 93, 94, 95, 96, 97, 98, 99, 100, 106, 107, 108, 92, 93, 94, 95, 96, 97, 98, 99, 100, 106, 107, 108, 92, 93, 94, 95, 96, 97, 98, 99, 100, 106, 107, 108, 92, 93, 94, 95, 96, 97, 98, 99, 100, 106, 107, 108, 92, 93, 94, 95, 96, 97, 98, 99, 100, 106, 107, 108, 92, 93, 94, 95, 96, 97, 98, 99, 100, 106, 107, 108, 92, 93, 94, 95, 96, 97, 98, 99, 100, 106, 107, 108, 92, 93, 94, 95, 96, 97, 98, 99, 100, 106, 107, 108, 92, 93, 94, 95, 96, 97, 98, 99, 100, 106, 107, 108, 92, 93, 94, 95, 96, 97, 98, 99, 100, 106, 107, 108, 92, 93, 94, 95, 96, 97, 98, 99, 100, 106, 107, 108, 92, 93, 94, 95, 96, 97, 98, 99, 100, 106, 107, 108, 92, 93, 94, 95, 96, 97, 98, 99, 100, 106, 107, 108, 92, 93, 94, 95, 96, 97, 98, 99, 100, 106, 107, 108, 92, 93, 94, 95, 96, 97, 98, 99, 100, 106, 107, 108, 92, 93, 94, 95, 96, 97, 98, 99, 100, 106, 107, 108, 92, 93, 94, 95, 96, 97, 98, 99, 100, 106, 107, 108, 92, 93, 94, 95, 96, 97, 98, 99, 100, 106, 107, 108, 92, 93, 94, 95, 96, 97, 98, 99, 100, 106, 107, 108, 92, 93, 94, 95, 96, 97, 98, 99, 100, 106, 107, 108, 92, 93, 94, 95, 96, 97, 98, 99, 100, 106, 107, 108, 92, 93, 94, 95, 96, 97, 98, 99, 100, 106, 107, 108, 92, 93, 94, 95, 96, 97, 98, 99, 100, 106, 107, 108, 92, 93, 94, 95, 96, 97, 98, 99, 100, 106, 107, 108, 92, 93, 94, 95, 96, 97, 98, 99, 100, 106, 107, 108, 92, 93, 94, 95, 96, 97, 98, 99, 100, 106, 107, 108, 92, 93, 94, 95, 96, 97, 98, 99, 100, 106, 107, 108, 92, 93, 94, 95, 96, 97, 98, 99, 100, 106, 107, 108, 92, 93, 94, 95, 96, 97, 98, 99, 100, 106, 107, 108, 92, 93, 94, 95, 96, 97, 98, 99, 100, 106, 107, 108, 92, 93, 94, 95, 96, 97, 98, 99, 100, 106, 107, 108, 92, 93, 94, 95, 96, 97, 98, 99, 100, 106, 107, 108, 92, 93, 94, 95, 96, 97, 98, 99, 100, 106, 107, 108, 92, 93, 94, 95, 96, 97, 98, 99, 100, 106, 107, 108, 92, 93, 94, 95, 96, 97, 98, 99, 100, 106, 107, 108, 92, 93, 94, 95, 96, 97, 98, 99, 100, 106, 107, 108, 92, 93, 94, 95, 96, 97, 98, 99, 100, 106, 107, 108, 92, 93, 94, 95, 96, 97, 98, 99, 100, 106, 107, 108, 92, 93, 94, 95, 96, 97, 98, 99, 100, 106, 107, 108, 92, 93, 94, 95, 96, 97, 98, 99, 100, 106, 107, 108, 92, 93, 94, 95, 96, 97, 98, 99, 100, 106, 107, 108, 92, 93, 94, 95, 96, 97, 98, 99, 100, 106, 107, 108, 92, 93, 94, 95, 96, 97, 98, 99, 100, 106, 107, 108, 92, 93, 94, 95, 96, 97, 98, 99, 100, 106, 107, 108, 92, 93, 94, 95, 96, 97, 98, 99, 100, 106, 107, 108, 92, 93, 94, 95, 96, 97, 98, 99, 100, 106, 107, 108, 92, 93, 94, 95, 96, 97, 98, 99, 100, 106, 107, 108, 92, 93, 94, 95, 96, 97, 98, 99, 100, 106, 107, 108, 92, 93, 94, 95, 96, 97, 98, 99, 100, 106, 107, 108, 92, 93, 94, 95, 96, 97, 98, 99, 100, 106, 107, 108, 92, 93, 94, 95, 96, 97, 98, 99, 100, 106, 107, 108, 92, 93, 94, 95, 96, 97, 98, 99, 100, 106, 107, 108, 92, 93, 94, 95, 96, 97, 98, 99, 100, 106, 107, 108, 92, 93, 94, 95, 96, 97, 98, 99, 100, 106, 107, 108, 92, 93, 94, 95, 96, 97, 98, 99, 100, 106, 107, 108, 92, 93, 94, 95, 96, 97, 98, 99, 100, 106, 107, 108, 92, 93, 94, 95, 96, 97, 98, 99, 100, 106, 107, 108, 92, 93, 94, 95, 96, 97, 98, 99, 100, 106, 107, 108, 92, 93, 94, 95, 96, 97, 98, 99, 100, 106, 107, 108, 92, 93, 94, 95, 96, 97, 98, 99, 100, 106, 107, 108, 92, 93, 94, 95, 96, 97, 98, 99, 100, 106, 107, 108, 92, 93, 94, 95, 96, 97, 98, 99, 100, 106, 107, 108, 92, 93, 94, 95, 96, 97, 98, 99, 100, 106, 107, 108, 92, 93, 94, 95, 96, 97, 98, 99, 100, 106, 107, 108, 92, 93, 94, 95, 96, 97, 98, 99, 100, 106, 107, 108, 92, 93, 94, 95, 96, 97, 98, 99, 100, 106, 107, 108, 92, 93, 94, 95, 96, 97, 98, 99, 100, 106, 107, 108, 92, 93, 94, 95, 96, 97, 98, 99, 100, 106, 107, 108, 92, 93, 94, 95, 96, 97, 98, 99, 100, 106, 107, 108, 92, 93, 94, 95, 96, 97, 98, 99, 100, 106, 107, 108, 92, 93, 94, 95, 96, 97, 98, 99, 100, 106, 107, 108, 92, 93, 94, 95, 96, 97, 98, 99, 100, 106, 107, 108, 92, 93, 94, 95, 96, 97, 98, 99, 100, 106, 107, 108, 92, 93, 94, 95, 96, 97, 98, 99, 100, 106, 107, 108, 92, 93, 94, 95, 96, 97, 98, 99, 100, 106, 107, 108, 92, 93, 94, 95, 96, 97, 98, 99, 100, 106, 107, 108, 92, 93, 94, 95, 96, 97, 98, 99, 100, 106, 107, 108, 92, 93, 94, 95, 96, 97, 98, 99, 100, 106, 107, 108, 92, 93, 94, 95, 96, 97, 98, 99, 100, 106, 107, 108, 92, 93, 94, 95, 96, 97, 98, 99, 100, 106, 107, 108, 92, 93, 94, 95, 96, 97, 98, 99, 100, 106, 107, 108, 92, 93, 94, 95, 96, 97, 98, 99, 100, 106, 107, 108, 92, 93, 94, 95, 96, 97, 98, 99, 100, 106, 107, 108, 92, 93, 94, 95, 96, 97, 98, 99, 100, 106, 107, 108, 92, 93, 94, 95, 96, 97, 98, 99, 100, 106, 107, 108, 92, 93, 94, 95, 96, 97, 98, 99, 100, 106, 107, 108, 92, 93, 94, 95, 96, 97, 98, 99, 100, 106, 107, 108, 92, 93, 94, 95, 96, 97, 98, 99, 100, 106, 107, 108, 92, 93, 94, 95, 96, 97, 98, 99, 100, 106, 107, 108, 92, 93, 94, 95, 96, 97, 98, 99, 100, 106, 107, 108, 92, 93, 94, 95, 96, 97, 98, 99, 100, 106, 107, 108, 92, 93, 94, 95, 96, 97, 98, 99, 100, 106, 107, 108, 92, 93, 94, 95, 96, 97, 98, 99, 100, 106, 107, 108, 92, 93, 94, 95, 96, 97, 98, 99, 100, 106, 107, 108, 92, 93, 94, 95, 96, 97, 98, 99, 100, 106, 107, 108, 92, 93, 94, 95, 96, 97, 98, 99, 100, 106, 107, 108, 92, 93, 94, 95, 96, 97, 98, 99, 100, 106, 107, 108, 92, 93, 94, 95, 96, 97, 98, 99, 100, 106, 107, 108, 92, 93, 94, 95, 96, 97, 98, 99, 100, 106, 107, 108, 92, 93, 94, 95, 96, 97, 98, 99, 100, 106, 107, 108, 92, 93, 94, 95, 96, 97, 98, 99, 100, 106, 107, 108, 92, 93, 94, 95, 96, 97, 98, 99, 100, 106, 107, 108, 92, 93, 94, 95, 96, 97, 98, 99, 100, 106, 107, 108, 92, 93, 94, 95, 96, 97, 98, 99, 100, 106, 107, 108, 92, 93, 94, 95, 96, 97, 98, 99, 100, 106, 107, 108, 92, 93, 94, 95, 96, 97, 98, 99, 100, 106, 107, 108, 92, 93, 94, 95, 96, 97, 98, 99, 100, 106, 107, 108, 92, 93, 94, 95, 96, 97, 98, 99, 100, 106, 107, 108, 92, 93, 94, 95, 96, 97, 98, 99, 100, 106, 107, 108, 92, 93, 94, 95, 96, 97, 98, 99, 100, 106, 107, 108, 92, 93, 94, 95, 96, 97, 98, 99, 100, 106, 107, 108, 92, 93, 94, 95, 96, 97, 98, 99, 100, 106, 107, 108, 92, 93, 94, 95, 96, 97, 98, 99, 100, 106, 107, 108, 92, 93, 94, 95, 96, 97, 98, 99, 100, 106, 107, 108, 92, 93, 94, 95, 96, 97, 98, 99, 100, 106, 107, 108, 92, 93, 94, 95, 96, 97, 98, 99, 100, 106, 107, 108, 92, 93, 94, 95, 96, 97, 98, 99, 100, 106, 107, 108, 92, 93, 94, 95, 96, 97, 98, 99, 100, 106, 107, 108, 92, 93, 94, 95, 96, 97, 98, 99, 100, 106, 107, 108, 92, 93, 94, 95, 96, 97, 98, 99, 100, 106, 107, 108, 92, 93, 94, 95, 96, 97, 98, 99, 100, 106, 107, 108, 92, 93, 94, 95, 96, 97, 98, 99, 100, 106, 107, 108, 92, 93, 94, 95, 96, 97, 98, 99, 100, 106, 107, 108, 92, 93, 94, 95, 96, 97, 98, 99, 100, 106, 107, 108, 92, 93, 94, 95, 96, 97, 98, 99, 100, 106, 107, 108, 92, 93, 94, 95, 96, 97, 98, 99, 100, 106, 107, 108, 92, 93, 94, 95, 96, 97, 98, 99, 100, 106, 107, 108, 92, 93'
Done reranking query 1185. Elapsed time since start: 18462.05 seconds.
Saved 1185 reranked responses to Gemini_text-reranked-100-indices.json
Saved 1185 reranked responses to Gemini_structured-reranked-100-indices.json
Done reranking query 1186. Elapsed time since start: 18481.12 seconds.
Done reranking query 1187. Elapsed time since start: 18489.58 seconds.
Done reranking query 1188. Elapsed time since start: 18504.42 seconds.
Done reranking query 1189. Elapsed time since start: 18513.54 seconds.
Done reranking query 1190. Elapsed time since start: 18538.46 seconds.
Done reranking query 1191. Elapsed time since start: 18552.16 seconds.
Done reranking query 1192. Elapsed time since start: 18559.42 seconds.
Done reranking query 1193. Elapsed time since start: 18568.98 seconds.
Done reranking query 1194. Elapsed time since start: 18600.66 seconds.
Done reranking query 1195. Elapsed time since start: 18621.15 seconds.
Done reranking query 1196. Elapsed time since start: 18633.96 seconds.
Done reranking query 1197. Elapsed time since start: 18644.99 seconds.
Done reranking query 1198. Elapsed time since start: 18683.79 seconds.
Done reranking query 1199. Elapsed time since start: 18690.90 seconds.
Done reranking query 1200. Elapsed time since start: 18699.24 seconds.
Saved 1200 reranked responses to Gemini_text-reranked-100-indices.json
Saved 1200 reranked responses to Gemini_structured-reranked-100-indices.json
Done reranking query 1201. Elapsed time since start: 18705.94 seconds.
Done reranking query 1202. Elapsed time since start: 18713.88 seconds.
Done reranking query 1203. Elapsed time since start: 18725.17 seconds.
Done reranking query 1204. Elapsed time since start: 18732.41 seconds.
Done reranking query 1205. Elapsed time since start: 18741.52 seconds.
Done reranking query 1206. Elapsed time since start: 18747.64 seconds.
Done reranking query 1207. Elapsed time since start: 18759.15 seconds.
Done reranking query 1208. Elapsed time since start: 18808.85 seconds.
Done reranking query 1209. Elapsed time since start: 18820.89 seconds.
Done reranking query 1210. Elapsed time since start: 18829.86 seconds.
Done reranking query 1211. Elapsed time since start: 18848.54 seconds.
Done reranking query 1212. Elapsed time since start: 18864.95 seconds.
Done reranking query 1213. Elapsed time since start: 18913.36 seconds.
Done reranking query 1214. Elapsed time since start: 18932.36 seconds.
Done reranking query 1215. Elapsed time since start: 18946.37 seconds.
Saved 1215 reranked responses to Gemini_text-reranked-100-indices.json
Saved 1215 reranked responses to Gemini_structured-reranked-100-indices.json
Done reranking query 1216. Elapsed time since start: 18956.86 seconds.
Done reranking query 1217. Elapsed time since start: 18970.02 seconds.
Done reranking query 1218. Elapsed time since start: 18981.27 seconds.
Done reranking query 1219. Elapsed time since start: 19006.65 seconds.
Done reranking query 1220. Elapsed time since start: 19016.08 seconds.
Done reranking query 1221. Elapsed time since start: 19030.56 seconds.
Done reranking query 1222. Elapsed time since start: 19045.73 seconds.
Done reranking query 1223. Elapsed time since start: 19066.10 seconds.
Done reranking query 1224. Elapsed time since start: 19092.61 seconds.
Done reranking query 1225. Elapsed time since start: 19115.10 seconds.
Done reranking query 1226. Elapsed time since start: 19134.24 seconds.
Done reranking query 1227. Elapsed time since start: 19146.03 seconds.
Error parsing or validating JSON: Expecting value: line 1 column 1 (char 0)
Failed to parse JSON. Raw response: '<output>[0, 10, 11, 12, 13, 14, 15, 16, 17, 18, 19, 20, 21, 22, 23, 24, 25, 26, 27, 28, 29, 30, 31, 32, 33, 34, 35, 36, 37, 38, 39, 40, 41, 42, 43, 44, 45, 46, 47, 48, 49, 50, 51, 52, 53, 54, 55, 56, 57, 58, 59, 60, 61, 62, 63, 64, 65, 66, 67, 68, 69, 70, 71, 72, 73, 74, 75, 76, 77, 78, 79, 80, 81, 82, 83, 84, 85, 86, 87, 88, 89, 90, 91, 92, 93, 94, 95, 96, 97, 98, 99, 1, 2, 3, 4, 5, 6, 7, 8, 9]'
Done reranking query 1228. Elapsed time since start: 19158.66 seconds.
Done reranking query 1229. Elapsed time since start: 19170.95 seconds.
Done reranking query 1230. Elapsed time since start: 19186.21 seconds.
Saved 1230 reranked responses to Gemini_text-reranked-100-indices.json
Saved 1230 reranked responses to Gemini_structured-reranked-100-indices.json
Done reranking query 1231. Elapsed time since start: 19202.50 seconds.
Done reranking query 1232. Elapsed time since start: 19221.79 seconds.
Done reranking query 1233. Elapsed time since start: 19228.75 seconds.
Done reranking query 1234. Elapsed time since start: 19237.15 seconds.
Done reranking query 1235. Elapsed time since start: 19251.25 seconds.
Done reranking query 1236. Elapsed time since start: 19270.22 seconds.
Done reranking query 1237. Elapsed time since start: 19286.18 seconds.
Done reranking query 1238. Elapsed time since start: 19296.32 seconds.
Done reranking query 1239. Elapsed time since start: 19317.08 seconds.
Done reranking query 1240. Elapsed time since start: 19326.14 seconds.
Done reranking query 1241. Elapsed time since start: 19333.51 seconds.
Done reranking query 1242. Elapsed time since start: 19343.97 seconds.
Done reranking query 1243. Elapsed time since start: 19357.97 seconds.
Done reranking query 1244. Elapsed time since start: 19371.13 seconds.
Error parsing or validating JSON: Expecting value: line 1 column 1 (char 0)
Failed to parse JSON. Raw response: '<output truncated>'
Done reranking query 1245. Elapsed time since start: 19392.48 seconds.
Saved 1245 reranked responses to Gemini_text-reranked-100-indices.json
Saved 1245 reranked responses to Gemini_structured-reranked-100-indices.json
Saved all reranked responses to Gemini_text-reranked-100-indices.json
Saved all reranked responses to Gemini_structured-reranked-100-indices.json
[2025-04-09 19:33:24] Job completed. Proceeding to next job...
