[2025-04-10 06:00:09] Starting job with: target chunks=256, target overlaps=64, original chunks=1024, original overlaps=256, docs=75
Number of Retrieved Chunks: 1245
Number of Documents per Retrieved Chunks: 75
Done reranking query 1. Elapsed time since start: 4.86 seconds.
Done reranking query 2. Elapsed time since start: 18.92 seconds.
Done reranking query 3. Elapsed time since start: 34.79 seconds.
Done reranking query 4. Elapsed time since start: 53.41 seconds.
Done reranking query 5. Elapsed time since start: 60.73 seconds.
Done reranking query 6. Elapsed time since start: 69.34 seconds.
Done reranking query 7. Elapsed time since start: 83.94 seconds.
Done reranking query 8. Elapsed time since start: 96.59 seconds.
Done reranking query 9. Elapsed time since start: 110.64 seconds.
Done reranking query 10. Elapsed time since start: 120.08 seconds.
Done reranking query 11. Elapsed time since start: 134.67 seconds.
Done reranking query 12. Elapsed time since start: 148.28 seconds.
Done reranking query 13. Elapsed time since start: 160.50 seconds.
Done reranking query 14. Elapsed time since start: 202.48 seconds.
Done reranking query 15. Elapsed time since start: 209.40 seconds.
Saved 15 reranked responses to Gemini_text-reranked-75-indices.json
Saved 15 reranked responses to Gemini_structured-reranked-75-indices.json
Done reranking query 16. Elapsed time since start: 220.10 seconds.
Done reranking query 17. Elapsed time since start: 238.87 seconds.
Done reranking query 18. Elapsed time since start: 251.58 seconds.
Done reranking query 19. Elapsed time since start: 261.63 seconds.
Done reranking query 20. Elapsed time since start: 269.34 seconds.
Done reranking query 21. Elapsed time since start: 283.58 seconds.
Done reranking query 22. Elapsed time since start: 291.17 seconds.
Done reranking query 23. Elapsed time since start: 304.81 seconds.
Done reranking query 24. Elapsed time since start: 322.13 seconds.
Done reranking query 25. Elapsed time since start: 344.51 seconds.
Done reranking query 26. Elapsed time since start: 364.81 seconds.
Done reranking query 27. Elapsed time since start: 379.05 seconds.
Done reranking query 28. Elapsed time since start: 386.77 seconds.
Done reranking query 29. Elapsed time since start: 400.99 seconds.
Done reranking query 30. Elapsed time since start: 409.18 seconds.
Saved 30 reranked responses to Gemini_text-reranked-75-indices.json
Saved 30 reranked responses to Gemini_structured-reranked-75-indices.json
Done reranking query 31. Elapsed time since start: 422.65 seconds.
Done reranking query 32. Elapsed time since start: 436.83 seconds.
Done reranking query 33. Elapsed time since start: 475.72 seconds.
Done reranking query 34. Elapsed time since start: 485.73 seconds.
Done reranking query 35. Elapsed time since start: 493.78 seconds.
Done reranking query 36. Elapsed time since start: 516.65 seconds.
Done reranking query 37. Elapsed time since start: 525.67 seconds.
Done reranking query 38. Elapsed time since start: 534.12 seconds.
Done reranking query 39. Elapsed time since start: 550.25 seconds.
Done reranking query 40. Elapsed time since start: 564.79 seconds.
Done reranking query 41. Elapsed time since start: 571.86 seconds.
Done reranking query 42. Elapsed time since start: 588.56 seconds.
Done reranking query 43. Elapsed time since start: 601.06 seconds.
Done reranking query 44. Elapsed time since start: 613.98 seconds.
Done reranking query 45. Elapsed time since start: 629.68 seconds.
Saved 45 reranked responses to Gemini_text-reranked-75-indices.json
Saved 45 reranked responses to Gemini_structured-reranked-75-indices.json
Done reranking query 46. Elapsed time since start: 649.78 seconds.
Done reranking query 47. Elapsed time since start: 668.67 seconds.
Done reranking query 48. Elapsed time since start: 685.51 seconds.
Done reranking query 49. Elapsed time since start: 699.64 seconds.
Done reranking query 50. Elapsed time since start: 714.21 seconds.
Done reranking query 51. Elapsed time since start: 723.27 seconds.
Done reranking query 52. Elapsed time since start: 737.10 seconds.
Done reranking query 53. Elapsed time since start: 754.93 seconds.
Done reranking query 54. Elapsed time since start: 774.45 seconds.
Done reranking query 55. Elapsed time since start: 796.21 seconds.
Done reranking query 56. Elapsed time since start: 805.06 seconds.
Done reranking query 57. Elapsed time since start: 811.70 seconds.
Done reranking query 58. Elapsed time since start: 820.67 seconds.
Done reranking query 59. Elapsed time since start: 836.32 seconds.
Done reranking query 60. Elapsed time since start: 843.98 seconds.
Saved 60 reranked responses to Gemini_text-reranked-75-indices.json
Saved 60 reranked responses to Gemini_structured-reranked-75-indices.json
Done reranking query 61. Elapsed time since start: 860.42 seconds.
Done reranking query 62. Elapsed time since start: 874.25 seconds.
Done reranking query 63. Elapsed time since start: 886.26 seconds.
Done reranking query 64. Elapsed time since start: 898.70 seconds.
Done reranking query 65. Elapsed time since start: 914.61 seconds.
Done reranking query 66. Elapsed time since start: 947.81 seconds.
Done reranking query 67. Elapsed time since start: 954.82 seconds.
Done reranking query 68. Elapsed time since start: 968.00 seconds.
Done reranking query 69. Elapsed time since start: 983.68 seconds.
Done reranking query 70. Elapsed time since start: 995.54 seconds.
Done reranking query 71. Elapsed time since start: 1002.53 seconds.
Done reranking query 72. Elapsed time since start: 1010.06 seconds.
Done reranking query 73. Elapsed time since start: 1018.00 seconds.
Done reranking query 74. Elapsed time since start: 1028.84 seconds.
Done reranking query 75. Elapsed time since start: 1044.05 seconds.
Saved 75 reranked responses to Gemini_text-reranked-75-indices.json
Saved 75 reranked responses to Gemini_structured-reranked-75-indices.json
Done reranking query 76. Elapsed time since start: 1073.74 seconds.
Done reranking query 77. Elapsed time since start: 1087.77 seconds.
Done reranking query 78. Elapsed time since start: 1106.53 seconds.
Done reranking query 79. Elapsed time since start: 1118.00 seconds.
Done reranking query 80. Elapsed time since start: 1126.95 seconds.
Done reranking query 81. Elapsed time since start: 1133.21 seconds.
Done reranking query 82. Elapsed time since start: 1150.71 seconds.
Done reranking query 83. Elapsed time since start: 1163.58 seconds.
Done reranking query 84. Elapsed time since start: 1171.72 seconds.
Done reranking query 85. Elapsed time since start: 1191.48 seconds.
Done reranking query 86. Elapsed time since start: 1224.39 seconds.
Done reranking query 87. Elapsed time since start: 1235.28 seconds.
Done reranking query 88. Elapsed time since start: 1253.24 seconds.
Done reranking query 89. Elapsed time since start: 1269.86 seconds.
Done reranking query 90. Elapsed time since start: 1277.92 seconds.
Saved 90 reranked responses to Gemini_text-reranked-75-indices.json
Saved 90 reranked responses to Gemini_structured-reranked-75-indices.json
Done reranking query 91. Elapsed time since start: 1295.43 seconds.
Done reranking query 92. Elapsed time since start: 1314.44 seconds.
Done reranking query 93. Elapsed time since start: 1322.57 seconds.
Done reranking query 94. Elapsed time since start: 1333.08 seconds.
Done reranking query 95. Elapsed time since start: 1340.28 seconds.
Done reranking query 96. Elapsed time since start: 1352.05 seconds.
Done reranking query 97. Elapsed time since start: 1377.92 seconds.
Done reranking query 98. Elapsed time since start: 1401.31 seconds.
Done reranking query 99. Elapsed time since start: 1415.50 seconds.
Done reranking query 100. Elapsed time since start: 1446.67 seconds.
Done reranking query 101. Elapsed time since start: 1460.82 seconds.
Done reranking query 102. Elapsed time since start: 1471.70 seconds.
Done reranking query 103. Elapsed time since start: 1487.24 seconds.
Done reranking query 104. Elapsed time since start: 1494.56 seconds.
Done reranking query 105. Elapsed time since start: 1502.45 seconds.
Saved 105 reranked responses to Gemini_text-reranked-75-indices.json
Saved 105 reranked responses to Gemini_structured-reranked-75-indices.json
Done reranking query 106. Elapsed time since start: 1517.31 seconds.
Done reranking query 107. Elapsed time since start: 1536.20 seconds.
Done reranking query 108. Elapsed time since start: 1555.27 seconds.
Done reranking query 109. Elapsed time since start: 1562.55 seconds.
Done reranking query 110. Elapsed time since start: 1568.82 seconds.
Done reranking query 111. Elapsed time since start: 1580.73 seconds.
Done reranking query 112. Elapsed time since start: 1589.30 seconds.
Done reranking query 113. Elapsed time since start: 1601.37 seconds.
Done reranking query 114. Elapsed time since start: 1608.60 seconds.
Done reranking query 115. Elapsed time since start: 1658.48 seconds.
Done reranking query 116. Elapsed time since start: 1708.10 seconds.
Done reranking query 117. Elapsed time since start: 1725.78 seconds.
Done reranking query 118. Elapsed time since start: 1745.22 seconds.
Done reranking query 119. Elapsed time since start: 1751.22 seconds.
Done reranking query 120. Elapsed time since start: 1757.18 seconds.
Saved 120 reranked responses to Gemini_text-reranked-75-indices.json
Saved 120 reranked responses to Gemini_structured-reranked-75-indices.json
Done reranking query 121. Elapsed time since start: 1767.56 seconds.
Done reranking query 122. Elapsed time since start: 1776.51 seconds.
Done reranking query 123. Elapsed time since start: 1783.94 seconds.
Done reranking query 124. Elapsed time since start: 1791.68 seconds.
Done reranking query 125. Elapsed time since start: 1804.12 seconds.
Done reranking query 126. Elapsed time since start: 1852.18 seconds.
Done reranking query 127. Elapsed time since start: 1858.57 seconds.
Done reranking query 128. Elapsed time since start: 1874.69 seconds.
Done reranking query 129. Elapsed time since start: 1882.69 seconds.
Done reranking query 130. Elapsed time since start: 1889.88 seconds.
Done reranking query 131. Elapsed time since start: 1899.98 seconds.
Done reranking query 132. Elapsed time since start: 1912.39 seconds.
Done reranking query 133. Elapsed time since start: 1919.93 seconds.
Done reranking query 134. Elapsed time since start: 1942.78 seconds.
Done reranking query 135. Elapsed time since start: 1953.43 seconds.
Saved 135 reranked responses to Gemini_text-reranked-75-indices.json
Saved 135 reranked responses to Gemini_structured-reranked-75-indices.json
Done reranking query 136. Elapsed time since start: 1963.72 seconds.
Done reranking query 137. Elapsed time since start: 1970.19 seconds.
Done reranking query 138. Elapsed time since start: 1981.63 seconds.
Done reranking query 139. Elapsed time since start: 1990.27 seconds.
Done reranking query 140. Elapsed time since start: 2006.49 seconds.
Done reranking query 141. Elapsed time since start: 2014.01 seconds.
Done reranking query 142. Elapsed time since start: 2026.87 seconds.
Done reranking query 143. Elapsed time since start: 2034.90 seconds.
Done reranking query 144. Elapsed time since start: 2050.20 seconds.
Done reranking query 145. Elapsed time since start: 2063.73 seconds.
Done reranking query 146. Elapsed time since start: 2080.57 seconds.
Done reranking query 147. Elapsed time since start: 2088.68 seconds.
Error parsing or validating JSON: Expecting value: line 1 column 1 (char 0)
Failed to parse JSON. Raw response: '<output truncated>'
Done reranking query 148. Elapsed time since start: 2094.57 seconds.
Done reranking query 149. Elapsed time since start: 2102.82 seconds.
Done reranking query 150. Elapsed time since start: 2120.03 seconds.
Saved 150 reranked responses to Gemini_text-reranked-75-indices.json
Saved 150 reranked responses to Gemini_structured-reranked-75-indices.json
Done reranking query 151. Elapsed time since start: 2129.10 seconds.
Done reranking query 152. Elapsed time since start: 2142.60 seconds.
Done reranking query 153. Elapsed time since start: 2189.27 seconds.
Done reranking query 154. Elapsed time since start: 2198.48 seconds.
Done reranking query 155. Elapsed time since start: 2210.51 seconds.
Done reranking query 156. Elapsed time since start: 2218.35 seconds.
Done reranking query 157. Elapsed time since start: 2238.39 seconds.
Done reranking query 158. Elapsed time since start: 2259.13 seconds.
Done reranking query 159. Elapsed time since start: 2275.07 seconds.
Done reranking query 160. Elapsed time since start: 2289.63 seconds.
Done reranking query 161. Elapsed time since start: 2300.17 seconds.
Done reranking query 162. Elapsed time since start: 2308.24 seconds.
Done reranking query 163. Elapsed time since start: 2324.91 seconds.
Done reranking query 164. Elapsed time since start: 2349.43 seconds.
Done reranking query 165. Elapsed time since start: 2356.95 seconds.
Saved 165 reranked responses to Gemini_text-reranked-75-indices.json
Saved 165 reranked responses to Gemini_structured-reranked-75-indices.json
Done reranking query 166. Elapsed time since start: 2364.79 seconds.
Done reranking query 167. Elapsed time since start: 2385.45 seconds.
Done reranking query 168. Elapsed time since start: 2393.95 seconds.
Done reranking query 169. Elapsed time since start: 2401.77 seconds.
Done reranking query 170. Elapsed time since start: 2409.96 seconds.
Done reranking query 171. Elapsed time since start: 2430.65 seconds.
Done reranking query 172. Elapsed time since start: 2444.81 seconds.
Done reranking query 173. Elapsed time since start: 2463.33 seconds.
Done reranking query 174. Elapsed time since start: 2469.33 seconds.
Done reranking query 175. Elapsed time since start: 2476.16 seconds.
Done reranking query 176. Elapsed time since start: 2486.26 seconds.
Done reranking query 177. Elapsed time since start: 2498.12 seconds.
Done reranking query 178. Elapsed time since start: 2516.56 seconds.
Done reranking query 179. Elapsed time since start: 2526.39 seconds.
Done reranking query 180. Elapsed time since start: 2538.61 seconds.
Saved 180 reranked responses to Gemini_text-reranked-75-indices.json
Saved 180 reranked responses to Gemini_structured-reranked-75-indices.json
Done reranking query 181. Elapsed time since start: 2546.80 seconds.
Done reranking query 182. Elapsed time since start: 2583.36 seconds.
Done reranking query 183. Elapsed time since start: 2603.03 seconds.
Done reranking query 184. Elapsed time since start: 2610.76 seconds.
Done reranking query 185. Elapsed time since start: 2618.17 seconds.
Done reranking query 186. Elapsed time since start: 2632.83 seconds.
Done reranking query 187. Elapsed time since start: 2639.31 seconds.
Done reranking query 188. Elapsed time since start: 2647.27 seconds.
Done reranking query 189. Elapsed time since start: 2660.33 seconds.
Done reranking query 190. Elapsed time since start: 2671.06 seconds.
Done reranking query 191. Elapsed time since start: 2687.39 seconds.
Done reranking query 192. Elapsed time since start: 2695.29 seconds.
Done reranking query 193. Elapsed time since start: 2702.91 seconds.
Done reranking query 194. Elapsed time since start: 2710.03 seconds.
Done reranking query 195. Elapsed time since start: 2716.02 seconds.
Saved 195 reranked responses to Gemini_text-reranked-75-indices.json
Saved 195 reranked responses to Gemini_structured-reranked-75-indices.json
Done reranking query 196. Elapsed time since start: 2723.78 seconds.
Done reranking query 197. Elapsed time since start: 2732.89 seconds.
Done reranking query 198. Elapsed time since start: 2745.93 seconds.
Done reranking query 199. Elapsed time since start: 2759.39 seconds.
Done reranking query 200. Elapsed time since start: 2780.64 seconds.
Done reranking query 201. Elapsed time since start: 2797.71 seconds.
Done reranking query 202. Elapsed time since start: 2810.85 seconds.
Done reranking query 203. Elapsed time since start: 2828.12 seconds.
Done reranking query 204. Elapsed time since start: 2863.77 seconds.
Done reranking query 205. Elapsed time since start: 2873.10 seconds.
Done reranking query 206. Elapsed time since start: 2879.86 seconds.
Done reranking query 207. Elapsed time since start: 2899.73 seconds.
Done reranking query 208. Elapsed time since start: 2918.48 seconds.
Done reranking query 209. Elapsed time since start: 2926.42 seconds.
Done reranking query 210. Elapsed time since start: 2934.75 seconds.
Saved 210 reranked responses to Gemini_text-reranked-75-indices.json
Saved 210 reranked responses to Gemini_structured-reranked-75-indices.json
Done reranking query 211. Elapsed time since start: 2943.90 seconds.
Done reranking query 212. Elapsed time since start: 2954.30 seconds.
Done reranking query 213. Elapsed time since start: 2977.58 seconds.
Done reranking query 214. Elapsed time since start: 2984.76 seconds.
Done reranking query 215. Elapsed time since start: 2992.26 seconds.
Done reranking query 216. Elapsed time since start: 3007.22 seconds.
Done reranking query 217. Elapsed time since start: 3016.26 seconds.
Done reranking query 218. Elapsed time since start: 3024.72 seconds.
Done reranking query 219. Elapsed time since start: 3050.98 seconds.
Done reranking query 220. Elapsed time since start: 3069.22 seconds.
Done reranking query 221. Elapsed time since start: 3078.88 seconds.
Done reranking query 222. Elapsed time since start: 3127.93 seconds.
Done reranking query 223. Elapsed time since start: 3141.27 seconds.
Done reranking query 224. Elapsed time since start: 3161.88 seconds.
Done reranking query 225. Elapsed time since start: 3194.88 seconds.
Saved 225 reranked responses to Gemini_text-reranked-75-indices.json
Saved 225 reranked responses to Gemini_structured-reranked-75-indices.json
Done reranking query 226. Elapsed time since start: 3205.04 seconds.
Done reranking query 227. Elapsed time since start: 3221.36 seconds.
Done reranking query 228. Elapsed time since start: 3229.21 seconds.
Done reranking query 229. Elapsed time since start: 3235.75 seconds.
Done reranking query 230. Elapsed time since start: 3251.28 seconds.
Done reranking query 231. Elapsed time since start: 3264.10 seconds.
Error parsing or validating JSON: Expecting value: line 1 column 1 (char 0)
Failed to parse JSON. Raw response: '```python
[0, 1, 21, 22, 23, 24, 32, 33, 34, 35, 7, 72, 65, 66, 2, 3, 4, 6, 27, 5, 26, 8, 9, 10, 11, 12, 13, 14, 15, 16, 17, 18, 19, 20, 25, 37, 43, 78, 79, 71, 76, 77, 36, 28, 29, 30, 31, 44, 45, 46, 47, 48, 49, 50, 51, 52, 53, 54, 55, 56, 57, 58, 59, 60, 61, 62, 63, 64, 67, 68, 69, 70, 38, 39, 40, 41, 42, 73, 74, 75, 6, 6, 6, 6, 6, 6, 6, 6, 6, 6, 6, 6, 6, 6, 6, 6, 6, 6, 6, 6, 6, 6, 6, 6, 6, 6, 6, 6, 6, 6, 6, 6, 6, 6, 6, 6, 6, 6, 6, 6, 6, 6, 6, 6, 6, 6, 6, 6, 6, 6, 6, 6, 6, 6, 6, 6, 6, 6, 6, 6, 6, 6, 6, 6, 6, 6, 6, 6, 6, 6, 6, 6, 6, 6, 6, 6, 6, 6, 6, 6, 6, 6, 6, 6, 6, 6, 6, 6, 6, 6, 6, 6, 6, 6, 6, 6, 6, 6, 6, 6, 6, 6, 6, 6, 6, 6, 6, 6, 6, 6, 6, 6, 6, 6, 6, 6, 6, 6, 6, 6, 6, 6, 6, 6, 6, 6, 6, 6, 6, 6, 6, 6, 6, 6, 6, 6, 6, 6, 6, 6, 6, 6, 6, 6, 6, 6, 6, 6, 6, 6, 6, 6, 6, 6, 6, 6, 6, 6, 6, 6, 6, 6, 6, 6, 6, 6, 6, 6, 6, 6, 6, 6, 6, 6, 6, 6, 6, 6, 6, 6, 6, 6, 6, 6, 6, 6, 6, 6, 6, 6, 6, 6, 6, 6, 6, 6, 6, 6, 6, 6, 6, 6, 6, 6, 6, 6, 6, 6, 6, 6, 6, 6, 6, 6, 6, 6, 6, 6, 6, 6, 6, 6, 6, 6, 6, 6, 6, 6, 6, 6, 6, 6, 6, 6, 6, 6, 6, 6, 6, 6, 6, 6, 6, 6, 6, 6, 6, 6, 6, 6, 6, 6, 6, 6, 6, 6, 6, 6, 6, 6, 6, 6, 6, 6, 6, 6, 6, 6, 6, 6, 6, 6, 6, 6, 6, 6, 6, 6, 6, 6, 6, 6, 6, 6, 6, 6, 6, 6, 6, 6, 6, 6, 6, 6, 6, 6, 6, 6, 6, 6, 6, 6, 6, 6, 6, 6, 6, 6, 6, 6, 6, 6, 6, 6, 6, 6, 6, 6, 6, 6, 6, 6, 6, 6, 6, 6, 6, 6, 6, 6, 6, 6, 6, 6, 6, 6, 6, 6, 6, 6, 6, 6, 6, 6, 6, 6, 6, 6, 6, 6, 6, 6, 6, 6, 6, 6, 6, 6, 6, 6, 6, 6, 6, 6, 6, 6, 6, 6, 6, 6, 6, 6, 6, 6, 6, 6, 6, 6, 6, 6, 6, 6, 6, 6, 6, 6, 6, 6, 6, 6, 6, 6, 6, 6, 6, 6, 6, 6, 6, 6, 6, 6, 6, 6, 6, 6, 6, 6, 6, 6, 6, 6, 6, 6, 6, 6, 6, 6, 6, 6, 6, 6, 6, 6, 6, 6, 6, 6, 6, 6, 6, 6, 6, 6, 6, 6, 6, 6, 6, 6, 6, 6, 6, 6, 6, 6, 6, 6, 6, 6, 6, 6, 6, 6, 6, 6, 6, 6, 6, 6, 6, 6, 6, 6, 6, 6, 6, 6, 6, 6, 6, 6, 6, 6, 6, 6, 6, 6, 6, 6, 6, 6, 6, 6, 6, 6, 6, 6, 6, 6, 6, 6, 6, 6, 6, 6, 6, 6, 6, 6, 6, 6, 6, 6, 6, 6, 6, 6, 6, 6, 6, 6, 6, 6, 6, 6, 6, 6, 6, 6, 6, 6, 6, 6, 6, 6, 6, 6, 6, 6, 6, 6, 6, 6, 6, 6, 6, 6, 6, 6, 6, 6, 6, 6, 6, 6, 6, 6, 6, 6, 6, 6, 6, 6, 6, 6, 6, 6, 6, 6, 6, 6, 6, 6, 6, 6, 6, 6, 6, 6, 6, 6, 6, 6, 6, 6, 6, 6, 6, 6, 6, 6, 6, 6, 6, 6, 6, 6, 6, 6, 6, 6, 6, 6, 6, 6, 6, 6, 6, 6, 6, 6, 6, 6, 6, 6, 6, 6, 6, 6, 6, 6, 6, 6, 6, 6, 6, 6, 6, 6, 6, 6, 6, 6, 6, 6, 6, 6, 6, 6, 6, 6, 6, 6, 6, 6, 6, 6, 6, 6, 6, 6, 6, 6, 6, 6, 6, 6, 6, 6, 6, 6, 6, 6, 6, 6, 6, 6, 6, 6, 6, 6, 6, 6, 6, 6, 6, 6, 6, 6, 6, 6, 6, 6, 6, 6, 6, 6, 6, 6, 6, 6, 6, 6, 6, 6, 6, 6, 6, 6, 6, 6, 6, 6, 6, 6, 6, 6, 6, 6, 6, 6, 6, 6, 6, 6, 6, 6, 6, 6, 6, 6, 6, 6, 6, 6, 6, 6, 6, 6, 6, 6, 6, 6, 6, 6, 6, 6, 6, 6, 6, 6, 6, 6, 6, 6, 6, 6, 6, 6, 6, 6, 6, 6, 6, 6, 6, 6, 6, 6, 6, 6, 6, 6, 6, 6, 6, 6, 6, 6, 6, 6, 6, 6, 6, 6, 6, 6, 6, 6, 6, 6, 6, 6, 6, 6, 6, 6, 6, 6, 6, 6, 6, 6, 6, 6, 6, 6, 6, 6, 6, 6, 6, 6, 6, 6, 6, 6, 6, 6, 6, 6, 6, 6, 6, 6, 6, 6, 6, 6, 6, 6, 6, 6, 6, 6, 6, 6, 6, 6, 6, 6, 6, 6, 6, 6, 6, 6, 6, 6, 6, 6, 6, 6, 6, 6, 6, 6, 6, 6, 6, 6, 6, 6, 6, 6, 6, 6, 6, 6, 6, 6, 6, 6, 6, 6, 6, 6, 6, 6, 6, 6, 6, 6, 6, 6, 6, 6, 6, 6, 6, 6, 6, 6, 6, 6, 6, 6, 6, 6, 6, 6, 6, 6, 6, 6, 6, 6, 6, 6, 6, 6, 6, 6, 6, 6, 6, 6, 6, 6, 6, 6, 6, 6, 6, 6, 6, 6, 6, 6, 6, 6, 6, 6, 6, 6, 6, 6, 6, 6, 6, 6, 6, 6, 6, 6, 6, 6, 6, 6, 6, 6, 6, 6, 6, 6, 6, 6, 6, 6, 6, 6, 6, 6, 6, 6, 6, 6, 6, 6, 6, 6, 6, 6, 6, 6, 6, 6, 6, 6, 6, 6, 6, 6, 6, 6, 6, 6, 6, 6, 6, 6, 6, 6, 6, 6, 6, 6, 6, 6, 6, 6, 6, 6, 6, 6, 6, 6, 6, 6, 6, 6, 6, 6, 6, 6, 6, 6, 6, 6, 6, 6, 6, 6, 6, 6, 6, 6, 6, 6, 6, 6, 6, 6, 6, 6, 6, 6, 6, 6, 6, 6, 6, 6, 6, 6, 6, 6, 6, 6, 6, 6, 6, 6, 6, 6, 6, 6, 6, 6, 6, 6, 6, 6, 6, 6, 6, 6, 6, 6, 6, 6, 6, 6, 6, 6, 6, 6, 6, 6, 6, 6, 6, 6, 6, 6, 6, 6, 6, 6, 6, 6, 6, 6, 6, 6, 6, 6, 6, 6, 6, 6, 6, 6, 6, 6, 6, 6, 6, 6, 6, 6, 6, 6, 6, 6, 6, 6, 6, 6, 6, 6, 6, 6, 6, 6, 6, 6, 6, 6, 6, 6, 6, 6, 6, 6, 6, 6, 6, 6, 6, 6, 6, 6, 6, 6, 6, 6, 6, 6, 6, 6, 6, 6, 6, 6, 6, 6, 6, 6, 6, 6, 6, 6, 6, 6, 6, 6, 6, 6, 6, 6, 6, 6, 6, 6, 6, 6, 6, 6, 6, 6, 6, 6, 6, 6, 6, 6, 6, 6, 6, 6, 6, 6, 6, 6, 6, 6, 6, 6, 6, 6, 6, 6, 6, 6, 6, 6, 6, 6, 6, 6, 6, 6, 6, 6, 6, 6, 6, 6, 6, 6, 6, 6, 6, 6, 6, 6, 6, 6, 6, 6, 6, 6, 6, 6, 6, 6, 6, 6, 6, 6, 6, 6, 6, 6, 6, 6, 6, 6, 6, 6, 6, 6, 6, 6, 6, 6, 6, 6, 6, 6, 6, 6, 6, 6, 6, 6, 6, 6, 6, 6, 6, 6, 6, 6, 6, 6, 6, 6, 6, 6, 6, 6, 6, 6, 6, 6, 6, 6, 6, 6, 6, 6, 6, 6, 6, 6, 6, 6, 6, 6, 6, 6, 6, 6, 6, 6, 6, 6, 6, 6, 6, 6, 6, 6, 6, 6, 6, 6, 6, 6, 6, 6, 6, 6, 6, 6, 6, 6, 6, 6, 6, 6, 6, 6, 6, 6, 6, 6, 6, 6, 6, 6, 6, 6, 6, 6, 6, 6, 6, 6, 6, 6, 6, 6, 6, 6, 6, 6, 6, 6, 6, 6, 6, 6, 6, 6, 6, 6, 6, 6, 6, 6, 6, 6, 6, 6, 6, 6, 6, 6, 6, 6, 6, 6, 6, 6, 6, 6, 6, 6, 6, 6, 6, 6, 6, 6, 6, 6, 6, 6, 6, 6, 6, 6, 6, 6, 6, 6, 6, 6, 6, 6, 6, 6, 6, 6, 6, 6, 6, 6, 6, 6, 6, 6, 6, 6, 6, 6, 6, 6, 6, 6, 6, 6, 6, 6, 6, 6, 6, 6, 6, 6, 6, 6, 6, 6, 6, 6, 6, 6, 6, 6, 6, 6, 6, 6, 6, 6, 6, 6, 6, 6, 6, 6, 6, 6, 6, 6, 6, 6, 6, 6, 6, 6, 6, 6, 6, 6, 6, 6, 6, 6, 6, 6, 6, 6, 6, 6, 6, 6, 6, 6, 6, 6, 6, 6, 6, 6, 6, 6, 6, 6, 6, 6, 6, 6, 6, 6, 6, 6, 6, 6, 6, 6, 6, 6, 6, 6, 6, 6, 6, 6, 6, 6, 6, 6, 6, 6, 6, 6, 6, 6, 6, 6, 6, 6, 6, 6, 6, 6, 6, 6, 6, 6, 6, 6, 6, 6, 6, 6, 6, 6, 6, 6, 6, 6, 6, 6, 6, 6, 6, 6, 6, 6, 6, 6, 6, 6, 6, 6, 6, 6, 6, 6, 6, 6, 6, 6, 6, 6, 6, 6, 6, 6, 6, 6, 6, 6, 6, 6, 6, 6, 6, 6, 6, 6, 6, 6, 6, 6, 6, 6, 6, 6, 6, 6, 6, 6, 6, 6, 6, 6, 6, 6, 6, 6, 6, 6, 6, 6, 6, 6, 6, 6, 6, 6, 6, 6, 6, 6, 6, 6, 6, 6, 6, 6, 6, 6, 6, 6, 6, 6, 6, 6, 6, 6, 6, 6, 6, 6, 6, 6, 6, 6, 6, 6, 6, 6, 6, 6, 6, 6, 6, 6, 6, 6, 6, 6, 6, 6, 6, 6, 6, 6, 6, 6, 6, 6, 6, 6, 6, 6, 6, 6, 6, 6, 6, 6, 6, 6, 6, 6, 6, 6, 6, 6, 6, 6, 6, 6, 6, 6, 6, 6, 6, 6, 6, 6, 6, 6, 6, 6, 6, 6, 6, 6, 6, 6, 6, 6, 6, 6, 6, 6, 6, 6, 6, 6, 6, 6, 6, 6, 6, 6, 6, 6, 6, 6, 6, 6, 6, 6, 6, 6, 6, 6, 6, 6, 6, 6, 6, 6, 6, 6, 6, 6, 6, 6, 6, 6, 6, 6, 6, 6, 6, 6, 6, 6, 6, 6, 6, 6, 6, 6, 6, 6, 6, 6, 6, 6, 6, 6, 6, 6, 6, 6, 6, 6, 6, 6, 6, 6, 6, 6, 6, 6, 6, 6, 6, 6, 6, 6, 6, 6, 6, 6, 6, 6, 6, 6, 6, 6, 6, 6, 6, 6, 6, 6, 6, 6, 6, 6, 6, 6, 6, 6, 6, 6, 6, 6, 6, 6, 6, 6, 6, 6, 6, 6, 6, 6, 6, 6, 6, 6, 6, 6, 6, 6, 6, 6, 6, 6, 6, 6, 6, 6, 6, 6, 6, 6, 6, 6, 6, 6, 6, 6, 6, 6, 6, 6, 6, 6, 6, 6, 6, 6, 6, 6, 6, 6, 6, 6, 6, 6, 6, 6, 6, 6, 6, 6, 6, 6, 6, 6, 6, 6, 6, 6, 6, 6, 6, 6, 6, 6, 6, 6, 6, 6, 6, 6, 6, 6, 6, 6, 6, 6, 6, 6, 6, 6, 6, 6, 6, 6, 6, 6, 6, 6, 6, 6, 6, 6, 6, 6, 6, 6, 6, 6, 6, 6, 6, 6, 6, 6, 6, 6, 6, 6, 6, 6, 6, 6, 6, 6, 6, 6, 6, 6, 6, 6, 6, 6, 6, 6, 6, 6, 6, 6, 6, 6, 6, 6, 6, 6, 6, 6, 6, 6, 6, 6, 6, 6, 6, 6, 6, 6, 6, 6, 6, 6, 6, 6, 6, 6, 6, 6, 6, 6, 6, 6, 6, 6, 6, 6, 6, 6, 6, 6, 6, 6, 6, 6, 6, 6, 6, 6, 6, 6, 6, 6, 6, 6, 6, 6, 6, 6, 6, 6, 6, 6, 6, 6, 6, 6, 6, 6, 6, 6, 6, 6, 6, 6, 6, 6, 6, 6, 6, 6, 6, 6, 6, 6, 6, 6, 6, 6, 6, 6, 6, 6, 6, 6, 6, 6, 6, 6, 6, 6, 6, 6, 6, 6, 6, 6, 6, 6, 6, 6, 6, 6, 6, 6, 6, 6, 6, 6, 6, 6, 6, 6, 6, 6, 6, 6, 6, 6, 6, 6, 6, 6, 6, 6, 6, 6, 6, 6, 6, 6, 6, 6, 6, 6, 6, 6, 6, 6, 6, 6, 6, 6, 6, 6, 6, 6, 6, 6, 6, 6, 6, 6, 6, 6, 6, 6, 6, 6, 6, 6, 6, 6, 6, 6, 6, 6, 6, 6, 6, 6, 6, 6, 6, 6, 6, 6, 6, 6, 6, 6, 6, 6, 6, 6, 6, 6, 6, 6, 6, 6, 6, 6, 6, 6, 6, 6, 6, 6, 6, 6, 6, 6, 6, 6, 6, 6, 6, 6, 6, 6, 6, 6, 6, 6, 6, 6, 6, 6, 6, 6, 6, 6, 6, 6, 6, 6, 6, 6, 6, 6, 6, 6, 6, 6, 6, 6, 6, 6, 6, 6, 6, 6, 6, 6, 6, 6, 6, 6, 6, 6, 6, 6, 6, 6, 6, 6, 6, 6, 6, 6, 6, 6, 6, 6, 6, 6, 6, 6, 6, 6, 6, 6, 6, 6, 6, 6, 6, 6, 6, 6, 6, 6, 6, 6, 6, 6, 6, 6, 6, 6, 6, 6, 6, 6, 6, 6, 6, 6, 6, 6, 6, 6, 6, 6, 6, 6, 6, 6, 6, 6, 6, 6, 6, 6, 6, 6, 6, 6, 6, 6, 6, 6, 6, 6, 6, 6, 6, 6, 6, 6, 6, 6, 6, 6, 6, 6, 6, 6, 6, 6, 6, 6, 6, 6, 6, 6, 6, 6, 6, 6, 6, 6, 6, 6, 6, 6, 6, 6, 6, 6, 6, 6, 6, 6, 6, 6, 6, 6, 6, 6, 6, 6, 6, 6, 6, 6, 6, 6, 6, 6, 6, 6, 6, 6, 6, 6, 6, 6, 6, 6, 6, 6, 6, 6, 6, 6, 6, 6, 6, 6, 6, 6, 6, 6, 6, 6, 6, 6, 6, 6, 6, 6, 6, 6, 6, 6, 6, 6, 6, 6, 6, 6, 6, 6, 6, 6, 6, 6, 6, 6, 6, 6, 6, 6, 6, 6, 6, 6, 6, 6, 6, 6, 6, 6, 6, 6, 6, 6, 6, 6, 6, 6, 6, 6, 6, 6, 6, 6, 6, 6, 6, 6, 6, 6, 6, 6, 6, 6, 6, 6, 6, 6, 6, 6, 6, 6, 6, 6, 6, 6, 6, 6, 6, 6, 6, 6, 6, 6, 6, 6, 6, 6, 6, 6, 6, 6, 6, 6, 6, 6, 6, 6, 6, 6, 6, 6, 6, 6, 6, 6, 6, 6, 6, 6, 6, 6, 6, 6, 6, 6, 6, 6, 6, 6, 6, 6, 6, 6, 6, 6, 6, 6, 6, 6, 6, 6, 6, 6, 6, 6, 6, 6, 6, 6, 6, 6, 6, 6, 6, 6, 6, 6, 6, 6, 6, 6, 6, 6, 6, 6, 6, 6, 6, 6, 6, 6, 6, 6, 6, 6, 6, 6, 6, 6, 6, 6, 6, 6, 6, 6, 6, 6, 6, 6, 6, 6, 6, 6, 6, 6, 6, 6, 6, 6, 6, 6, 6, 6, 6, 6, 6, 6, 6, 6, 6, 6, 6, 6, 6, 6, 6, 6, 6, 6, 6, 6, 6, 6, 6, 6, 6, 6, 6, 6, 6, 6, 6, 6, 6, 6, 6, 6, 6, 6, 6, 6, 6, 6, 6, 6, 6, 6, 6, 6, 6, 6, 6, 6, 6, 6, 6, 6, 6, 6, 6, 6, 6, 6, 6, 6, 6, 6, 6, 6, 6, 6, 6, 6, 6, 6, 6, 6, 6, 6, 6, 6, 6, 6, 6, 6, 6, 6, 6, 6, 6, 6, 6, 6, 6, 6, 6, 6, 6, 6, 6, 6, 6, 6, 6, 6, 6, 6, 6, 6, 6, 6, 6, 6, 6, 6, 6, 6, 6, 6, 6, 6, 6, 6, 6, 6, 6, 6, 6, 6, 6, 6, 6, 6, 6, 6, 6, 6, 6, 6, 6, 6, 6, 6, 6, 6, 6, 6, 6, 6, 6, 6, 6, 6, 6, 6, 6, 6, 6, 6, 6, 6, 6, 6, 6, 6, 6, 6, 6, 6, 6, 6, 6, 6, 6, 6, 6, 6, 6, 6, 6, 6, 6, 6, 6, 6, 6, 6, 6, 6, 6, 6, 6, 6, 6, 6, 6, 6, 6, 6, 6, 6, 6, 6, 6, 6, 6, 6, 6, 6, 6, 6, 6, 6, 6, 6, 6, 6, 6, 6, 6, 6, 6, 6, 6, 6, 6, 6, 6, 6, 6, 6, 6, 6, 6, 6, 6, 6, 6, 6, 6, 6, 6, 6, 6, 6, 6, 6, 6, 6, 6, 6, 6, 6, 6, 6, 6, 6, 6, 6, 6, 6, 6, 6, 6, 6, 6, 6, 6, 6, 6, 6, 6, 6, 6, 6, 6, 6, 6, 6, 6, 6, 6, 6, 6, 6, 6, 6, 6, 6, 6, 6, 6, 6, 6, 6, 6, 6, 6, 6, 6, 6, 6, 6, 6, 6, 6, 6, 6, 6, 6, 6, 6, 6, 6, 6, 6, 6, 6, 6, 6, 6, 6, 6, 6, 6, 6, 6, 6, 6, 6, 6, 6, 6, 6, 6, 6, 6, 6, 6, 6, 6, 6, 6, 6, 6, 6, 6, 6, 6, 6, 6, 6, 6, 6, 6, 6, 6, 6, 6, 6, 6, 6, 6, 6, 6, 6, 6, 6, 6, 6, 6, 6, 6, 6, 6, 6, 6, 6, 6, 6, 6, 6, 6, 6, 6, 6, 6, 6, 6, 6, 6, 6, 6, 6, 6, 6, 6, 6, 6, 6, 6, 6, 6, 6, 6, 6, 6, 6, 6, 6, 6, 6, 6, 6, 6, 6, 6, 6, 6, 6, 6, 6, 6, 6, 6, 6, 6, 6, 6, 6, 6, 6, 6, 6, 6, 6, 6, 6, 6, 6, 6, 6, 6, 6, 6, 6, 6, 6, 6, 6, 6, 6, 6, 6, 6, 6, 6, 6, 6, 6, 6, 6, 6, 6, 6, 6, 6, 6, 6, 6, 6, 6, 6, 6, 6, 6, 6, 6, 6, 6, 6, 6, 6, 6, 6, 6, 6, 6, 6, 6, 6, 6, 6, 6, 6, 6, 6, 6, 6, 6, 6, 6, 6, 6, 6, 6, 6, 6, 6, 6, 6, 6, 6, 6, 6, 6, 6, 6, 6, 6, 6, 6, 6, 6, 6, 6, 6, 6, 6, 6, 6, 6, 6, 6, 6, 6, 6, 6, 6, 6, 6, 6, 6, 6, 6, 6, 6, 6, 6, 6, 6, 6, 6, 6, 6, 6, 6, 6, 6, 6, 6, 6, 6, 6, 6, 6, 6, 6, 6, 6, 6, 6, 6, 6, 6, 6, 6, 6, 6, 6, 6, 6, 6, 6, 6, 6, 6, 6, 6, 6, 6, 6, 6, 6, 6, 6, 6, 6, 6, 6, 6, 6, 6, 6, 6, 6, 6, 6, 6, 6, 6, 6, 6, 6, 6, 6, 6, 6, 6, 6, 6, 6, 6, 6, 6, 6, 6, 6, 6, 6, 6, 6, 6, 6, 6, 6, 6, 6, 6, 6, 6, 6, 6, 6, 6, 6, 6, 6, 6, 6, 6, 6, 6, 6, 6, 6, 6, 6, 6, 6, 6, 6, 6, 6, 6, 6, 6, 6, 6, 6, 6, 6, 6, 6, 6, 6, 6, 6, 6, 6, 6, 6, 6, 6, 6, 6, 6, 6, 6, 6, 6, 6, 6, 6, 6, 6, 6, 6, 6, 6, 6, 6, 6, 6, 6, 6, 6, 6, 6, 6, 6, 6, 6, 6, 6, 6, 6, 6, 6, 6, 6, 6, 6, 6, 6, 6, 6, 6, 6, 6, 6, 6, 6, 6, 6, 6, 6, 6, 6, 6, 6, 6, 6, 6, 6, 6, 6, 6, 6, 6, 6, 6, 6, 6, 6, 6, 6, 6, 6, 6, 6, 6, 6, 6, 6, 6, 6, 6, 6, 6, 6, 6, 6, 6, 6, 6, 6, 6, 6, 6, 6, 6, 6, 6, 6, 6, 6, 6, 6, 6, 6, 6, 6, 6, 6, 6, 6, 6, 6, 6, 6, 6, 6, 6, 6, 6, 6, 6, 6, 6, 6, 6, 6, 6, 6, 6, 6, 6, 6, 6, 6, 6, 6, 6, 6, 6, 6, 6, 6, 6, 6, 6, 6, 6, 6, 6, 6, 6, 6, 6, 6, 6, 6, 6, 6, 6, 6, 6, 6, 6, 6, 6, 6, 6, 6, 6, 6, 6, 6, 6, 6, 6, 6, 6, 6, 6, 6, 6, 6, 6, 6, 6, 6, 6, 6, 6, 6, 6, 6, 6, 6, 6, 6, 6, 6, 6, 6, 6, 6, 6, 6, 6, 6, 6, 6, 6, 6, 6, 6, 6, 6, 6, 6, 6, 6, 6, 6, 6, 6, 6, 6, 6, 6, 6, 6, 6, 6, 6, 6, 6, 6, 6, 6, 6, 6, 6, 6, 6, 6, 6, 6, 6, 6, 6, 6, 6, 6, 6, 6, 6, 6, 6, 6, 6, 6, 6, 6, 6, 6, 6, 6, 6, 6, 6, 6, 6, 6, 6, 6, 6, 6, 6, 6, 6, 6, 6, 6, 6, 6, 6, 6, 6, 6, 6, 6, 6, 6, 6, 6, 6, 6, 6, 6, 6, 6, 6, 6, 6, 6, 6, 6, 6, 6, 6, 6, 6, 6, 6, 6, 6, 6, 6, 6, 6, 6, 6, 6, 6, 6, 6, 6, 6, 6, 6, 6, 6, 6, 6, 6, 6, 6, 6, 6, 6, 6, 6, 6, 6, 6, 6, 6, 6, 6, 6, 6, 6, 6, 6, 6, 6, 6, 6, 6, 6, 6, 6, 6, 6, 6, 6, 6, 6, 6, 6, 6, 6, 6, 6, 6, 6, 6, 6, 6, 6, 6, 6, 6, 6, 6, 6, 6, 6, 6, 6, 6, 6, 6, 6, 6, 6, 6, 6, 6, 6, 6, 6, 6, 6, 6, 6, 6, 6, 6, 6, 6, 6, 6, 6, 6, 6, 6, 6, 6, 6, 6, 6, 6, 6, 6, 6, 6, 6, 6, 6, 6, 6, 6, 6, 6, 6, 6, 6, 6, 6, 6, 6, 6, 6, 6, 6, 6, 6, 6, 6, 6, 6, 6, 6, 6, 6, 6, 6, 6, 6, 6, 6, 6, 6, 6, 6, 6, 6, 6, 6, 6, 6, 6, 6, 6, 6, 6, 6, 6, 6, 6, 6, 6, 6, 6, 6, 6, 6, 6, 6, 6, 6, 6, 6, 6, 6, 6, 6, 6, 6, 6, 6, 6, 6, 6, 6, 6, 6, 6, 6, 6, 6, 6, 6, 6, 6, 6, 6, 6, 6, 6, 6, 6, 6, 6, 6, 6, 6, 6, 6, 6, 6, 6, 6, 6, 6, 6, 6, 6, 6, 6, 6, 6, 6, 6, 6, 6, 6, 6, 6, 6, 6, 6, 6, 6, 6, 6, 6, 6, 6, 6, 6, 6, 6, 6, 6, 6, 6, 6, 6, 6, 6, 6, 6, 6, 6, 6, 6, 6, 6, 6, 6, 6, 6, 6, 6, 6, 6, 6, 6, 6, 6, 6, 6, 6, 6, 6, 6, 6, 6, 6, 6, 6, 6, 6, 6, 6, 6, 6, 6, 6, 6, 6, 6, 6, 6, 6, 6, 6, 6, 6, 6, 6, 6, 6, 6, 6, 6, 6, 6, 6, 6, 6, 6, 6, 6, 6, 6, 6, 6, 6, 6, 6, 6, 6, 6, 6, 6, 6, 6, 6, 6, 6, 6, 6, 6, 6, 6, 6, 6, 6, 6, 6, 6, 6, 6, 6, 6, 6, 6, 6, 6, 6, 6, 6, 6, 6, 6, 6, 6, 6, 6, 6, 6, 6, 6, 6, 6, 6, 6, 6, 6, 6, 6, 6, 6, 6, 6, 6, 6, 6, 6, 6, 6, 6, 6, 6, 6, 6, 6, 6, 6, 6, 6, 6, 6, 6, 6, 6, 6, 6, 6, 6, 6, 6, 6, 6, 6, 6, 6, 6, 6, 6, 6, 6, 6, 6, 6, 6, 6, 6, 6, 6, 6, 6, 6, 6, 6, 6, 6, 6, 6, 6, 6, 6, 6, 6, 6, 6, 6, 6, 6, 6, 6, 6, 6, 6, 6, 6, 6, 6, 6, 6, 6, 6, 6, 6, 6, 6, 6, 6, 6, 6, 6, 6, 6, 6, 6, 6, 6, 6, 6, 6, 6, 6, 6, 6, 6, 6, 6, 6, 6, 6, 6, 6, 6, 6, 6, 6, 6, 6, 6, 6, 6, 6, 6, 6, 6, 6, 6, 6, 6, 6, 6, 6, 6, 6, 6, 6, 6, 6, 6, 6, 6, 6, 6, 6, 6, 6, 6, 6, 6, 6, 6, 6, 6, 6, 6, 6, 6, 6, 6, 6, 6, 6, 6, 6, 6, 6, 6, 6, 6, 6, 6, 6, 6, 6, 6, 6, 6, 6, 6, 6, 6, 6, 6, 6, 6, 6, 6, 6, 6, 6, 6, 6, 6, 6, 6, 6, 6, 6, 6, 6, 6, 6, 6, 6, 6, 6, 6, 6, 6, 6, 6, 6, 6, 6, 6, 6, 6, 6, 6, 6, 6, 6, 6, 6, 6, 6, 6, 6, 6, 6, 6, 6, 6, 6, 6, 6, 6, 6, 6, 6, 6, 6, 6, 6, 6, 6, 6, 6, 6, 6, 6, 6, 6, 6, 6, 6, 6, 6, 6, 6, 6, 6, 6, 6, 6, 6, 6, 6, 6, 6, 6, 6, 6, 6, 6, 6, 6, 6, 6, 6, 6, 6, 6, 6, 6, 6, 6, 6, 6, 6, 6, 6, 6, 6, 6, 6, 6, 6, 6, 6, 6, 6, 6, 6, 6, 6, 6, 6, 6, 6, 6, 6, 6, 6, 6, 6, 6, 6, 6, 6, 6, 6, 6, 6, 6, 6, 6, 6, 6, 6, 6, 6, 6, 6, 6, 6, 6, 6, 6, 6, 6, 6, 6, 6, 6, 6, 6, 6, 6, 6, 6, 6, 6, 6, 6, 6, 6, 6, 6, 6, 6, 6, 6, 6, 6, 6, 6, 6, 6, 6, 6, 6, 6, 6, 6, 6, 6, 6, 6, 6, 6, 6, 6, 6, 6, 6, 6, 6, 6, 6, 6, 6, 6, 6, 6, 6, 6, 6, 6, 6, 6, 6, 6, 6, 6, 6, 6, 6, 6, 6, 6, 6, 6, 6, 6, 6, 6, 6, 6, 6, 6, 6, 6, 6, 6, 6, 6, 6, 6, 6, 6, 6, 6, 6, 6, 6, 6, 6, 6, 6, 6, 6, 6, 6, 6, 6, 6, 6, 6, 6, 6, 6, 6, 6, 6, 6, 6, 6, 6, 6, 6, 6, 6, 6, 6, 6, 6, 6, 6, 6, 6, 6, 6, 6, 6, 6, 6, 6, 6, 6, 6, 6, 6, 6, 6, 6, 6, 6, 6, 6, 6, 6,'
Done reranking query 232. Elapsed time since start: 3312.92 seconds.
Done reranking query 233. Elapsed time since start: 3327.02 seconds.
Done reranking query 234. Elapsed time since start: 3377.16 seconds.
Done reranking query 235. Elapsed time since start: 3385.83 seconds.
Done reranking query 236. Elapsed time since start: 3400.51 seconds.
Done reranking query 237. Elapsed time since start: 3413.57 seconds.
Done reranking query 238. Elapsed time since start: 3420.30 seconds.
Done reranking query 239. Elapsed time since start: 3434.82 seconds.
Done reranking query 240. Elapsed time since start: 3441.32 seconds.
Saved 240 reranked responses to Gemini_text-reranked-75-indices.json
Saved 240 reranked responses to Gemini_structured-reranked-75-indices.json
Done reranking query 241. Elapsed time since start: 3455.78 seconds.
Done reranking query 242. Elapsed time since start: 3472.88 seconds.
Done reranking query 243. Elapsed time since start: 3487.86 seconds.
Done reranking query 244. Elapsed time since start: 3495.70 seconds.
Done reranking query 245. Elapsed time since start: 3510.30 seconds.
Done reranking query 246. Elapsed time since start: 3517.20 seconds.
Done reranking query 247. Elapsed time since start: 3533.27 seconds.
Done reranking query 248. Elapsed time since start: 3571.95 seconds.
Done reranking query 249. Elapsed time since start: 3579.14 seconds.
Done reranking query 250. Elapsed time since start: 3592.37 seconds.
Done reranking query 251. Elapsed time since start: 3599.12 seconds.
Done reranking query 252. Elapsed time since start: 3622.31 seconds.
Done reranking query 253. Elapsed time since start: 3630.06 seconds.
Done reranking query 254. Elapsed time since start: 3642.73 seconds.
Done reranking query 255. Elapsed time since start: 3652.99 seconds.
Saved 255 reranked responses to Gemini_text-reranked-75-indices.json
Saved 255 reranked responses to Gemini_structured-reranked-75-indices.json
Done reranking query 256. Elapsed time since start: 3668.04 seconds.
Done reranking query 257. Elapsed time since start: 3678.31 seconds.
Done reranking query 258. Elapsed time since start: 3690.65 seconds.
Done reranking query 259. Elapsed time since start: 3708.85 seconds.
Done reranking query 260. Elapsed time since start: 3727.89 seconds.
Done reranking query 261. Elapsed time since start: 3742.37 seconds.
Done reranking query 262. Elapsed time since start: 3758.52 seconds.
Done reranking query 263. Elapsed time since start: 3765.08 seconds.
Done reranking query 264. Elapsed time since start: 3802.59 seconds.
Done reranking query 265. Elapsed time since start: 3820.42 seconds.
Done reranking query 266. Elapsed time since start: 3827.22 seconds.
Done reranking query 267. Elapsed time since start: 3840.87 seconds.
Done reranking query 268. Elapsed time since start: 3846.82 seconds.
Done reranking query 269. Elapsed time since start: 3856.40 seconds.
Done reranking query 270. Elapsed time since start: 3879.20 seconds.
Saved 270 reranked responses to Gemini_text-reranked-75-indices.json
Saved 270 reranked responses to Gemini_structured-reranked-75-indices.json
Done reranking query 271. Elapsed time since start: 3906.71 seconds.
Done reranking query 272. Elapsed time since start: 3925.51 seconds.
Done reranking query 273. Elapsed time since start: 3945.48 seconds.
Done reranking query 274. Elapsed time since start: 3960.95 seconds.
Done reranking query 275. Elapsed time since start: 3973.61 seconds.
Done reranking query 276. Elapsed time since start: 3981.34 seconds.
Done reranking query 277. Elapsed time since start: 3988.97 seconds.
Done reranking query 278. Elapsed time since start: 3996.83 seconds.
Done reranking query 279. Elapsed time since start: 4003.62 seconds.
Done reranking query 280. Elapsed time since start: 4011.42 seconds.
Done reranking query 281. Elapsed time since start: 4044.06 seconds.
Done reranking query 282. Elapsed time since start: 4051.35 seconds.
Done reranking query 283. Elapsed time since start: 4059.77 seconds.
Done reranking query 284. Elapsed time since start: 4067.29 seconds.
Done reranking query 285. Elapsed time since start: 4085.25 seconds.
Saved 285 reranked responses to Gemini_text-reranked-75-indices.json
Saved 285 reranked responses to Gemini_structured-reranked-75-indices.json
Done reranking query 286. Elapsed time since start: 4099.84 seconds.
Done reranking query 287. Elapsed time since start: 4113.06 seconds.
Done reranking query 288. Elapsed time since start: 4130.95 seconds.
Done reranking query 289. Elapsed time since start: 4138.10 seconds.
Done reranking query 290. Elapsed time since start: 4145.51 seconds.
Done reranking query 291. Elapsed time since start: 4161.61 seconds.
Done reranking query 292. Elapsed time since start: 4173.70 seconds.
Done reranking query 293. Elapsed time since start: 4190.56 seconds.
Done reranking query 294. Elapsed time since start: 4197.37 seconds.
Done reranking query 295. Elapsed time since start: 4213.09 seconds.
Done reranking query 296. Elapsed time since start: 4246.61 seconds.
Done reranking query 297. Elapsed time since start: 4255.03 seconds.
Done reranking query 298. Elapsed time since start: 4281.20 seconds.
Done reranking query 299. Elapsed time since start: 4288.67 seconds.
Done reranking query 300. Elapsed time since start: 4295.97 seconds.
Saved 300 reranked responses to Gemini_text-reranked-75-indices.json
Saved 300 reranked responses to Gemini_structured-reranked-75-indices.json
Done reranking query 301. Elapsed time since start: 4313.22 seconds.
Done reranking query 302. Elapsed time since start: 4326.21 seconds.
Done reranking query 303. Elapsed time since start: 4341.94 seconds.
Done reranking query 304. Elapsed time since start: 4351.25 seconds.
Done reranking query 305. Elapsed time since start: 4357.68 seconds.
Done reranking query 306. Elapsed time since start: 4374.39 seconds.
Done reranking query 307. Elapsed time since start: 4382.59 seconds.
Done reranking query 308. Elapsed time since start: 4389.55 seconds.
Done reranking query 309. Elapsed time since start: 4396.87 seconds.
Done reranking query 310. Elapsed time since start: 4414.31 seconds.
Done reranking query 311. Elapsed time since start: 4433.61 seconds.
Done reranking query 312. Elapsed time since start: 4448.13 seconds.
Done reranking query 313. Elapsed time since start: 4455.12 seconds.
Done reranking query 314. Elapsed time since start: 4468.80 seconds.
Done reranking query 315. Elapsed time since start: 4477.26 seconds.
Saved 315 reranked responses to Gemini_text-reranked-75-indices.json
Saved 315 reranked responses to Gemini_structured-reranked-75-indices.json
Done reranking query 316. Elapsed time since start: 4483.04 seconds.
Done reranking query 317. Elapsed time since start: 4504.18 seconds.
Done reranking query 318. Elapsed time since start: 4518.93 seconds.
Done reranking query 319. Elapsed time since start: 4530.89 seconds.
Done reranking query 320. Elapsed time since start: 4543.07 seconds.
Done reranking query 321. Elapsed time since start: 4563.82 seconds.
Done reranking query 322. Elapsed time since start: 4577.16 seconds.
Done reranking query 323. Elapsed time since start: 4591.55 seconds.
Done reranking query 324. Elapsed time since start: 4597.72 seconds.
Done reranking query 325. Elapsed time since start: 4609.47 seconds.
Done reranking query 326. Elapsed time since start: 4658.85 seconds.
Done reranking query 327. Elapsed time since start: 4668.78 seconds.
Done reranking query 328. Elapsed time since start: 4675.41 seconds.
Done reranking query 329. Elapsed time since start: 4681.05 seconds.
Done reranking query 330. Elapsed time since start: 4687.39 seconds.
Saved 330 reranked responses to Gemini_text-reranked-75-indices.json
Saved 330 reranked responses to Gemini_structured-reranked-75-indices.json
Done reranking query 331. Elapsed time since start: 4700.30 seconds.
Done reranking query 332. Elapsed time since start: 4727.21 seconds.
Done reranking query 333. Elapsed time since start: 4736.96 seconds.
Done reranking query 334. Elapsed time since start: 4744.50 seconds.
Done reranking query 335. Elapsed time since start: 4761.01 seconds.
Done reranking query 336. Elapsed time since start: 4772.86 seconds.
Done reranking query 337. Elapsed time since start: 4788.23 seconds.
Done reranking query 338. Elapsed time since start: 4802.50 seconds.
Done reranking query 339. Elapsed time since start: 4810.34 seconds.
Done reranking query 340. Elapsed time since start: 4828.14 seconds.
Done reranking query 341. Elapsed time since start: 4836.06 seconds.
Done reranking query 342. Elapsed time since start: 4856.49 seconds.
Done reranking query 343. Elapsed time since start: 4870.00 seconds.
Done reranking query 344. Elapsed time since start: 4888.65 seconds.
Done reranking query 345. Elapsed time since start: 4903.12 seconds.
Saved 345 reranked responses to Gemini_text-reranked-75-indices.json
Saved 345 reranked responses to Gemini_structured-reranked-75-indices.json
Done reranking query 346. Elapsed time since start: 4918.20 seconds.
Done reranking query 347. Elapsed time since start: 4969.60 seconds.
Done reranking query 348. Elapsed time since start: 4985.71 seconds.
Done reranking query 349. Elapsed time since start: 4998.24 seconds.
Done reranking query 350. Elapsed time since start: 5015.36 seconds.
Done reranking query 351. Elapsed time since start: 5031.26 seconds.
Done reranking query 352. Elapsed time since start: 5038.54 seconds.
Done reranking query 353. Elapsed time since start: 5046.39 seconds.
Done reranking query 354. Elapsed time since start: 5054.79 seconds.
Done reranking query 355. Elapsed time since start: 5100.38 seconds.
Done reranking query 356. Elapsed time since start: 5112.29 seconds.
Done reranking query 357. Elapsed time since start: 5128.13 seconds.
Done reranking query 358. Elapsed time since start: 5137.99 seconds.
Done reranking query 359. Elapsed time since start: 5160.84 seconds.
Done reranking query 360. Elapsed time since start: 5168.79 seconds.
Saved 360 reranked responses to Gemini_text-reranked-75-indices.json
Saved 360 reranked responses to Gemini_structured-reranked-75-indices.json
Done reranking query 361. Elapsed time since start: 5177.80 seconds.
Done reranking query 362. Elapsed time since start: 5192.70 seconds.
Done reranking query 363. Elapsed time since start: 5247.67 seconds.
Done reranking query 364. Elapsed time since start: 5257.44 seconds.
Done reranking query 365. Elapsed time since start: 5265.10 seconds.
Done reranking query 366. Elapsed time since start: 5279.20 seconds.
Done reranking query 367. Elapsed time since start: 5292.29 seconds.
Done reranking query 368. Elapsed time since start: 5308.53 seconds.
Done reranking query 369. Elapsed time since start: 5328.01 seconds.
Done reranking query 370. Elapsed time since start: 5335.39 seconds.
Done reranking query 371. Elapsed time since start: 5344.00 seconds.
Done reranking query 372. Elapsed time since start: 5358.00 seconds.
Done reranking query 373. Elapsed time since start: 5365.80 seconds.
Done reranking query 374. Elapsed time since start: 5372.35 seconds.
Done reranking query 375. Elapsed time since start: 5395.20 seconds.
Saved 375 reranked responses to Gemini_text-reranked-75-indices.json
Saved 375 reranked responses to Gemini_structured-reranked-75-indices.json
Done reranking query 376. Elapsed time since start: 5410.20 seconds.
Done reranking query 377. Elapsed time since start: 5430.00 seconds.
Done reranking query 378. Elapsed time since start: 5450.31 seconds.
Done reranking query 379. Elapsed time since start: 5464.74 seconds.
Done reranking query 380. Elapsed time since start: 5473.53 seconds.
Done reranking query 381. Elapsed time since start: 5482.93 seconds.
Done reranking query 382. Elapsed time since start: 5491.43 seconds.
Done reranking query 383. Elapsed time since start: 5504.70 seconds.
Done reranking query 384. Elapsed time since start: 5511.97 seconds.
Done reranking query 385. Elapsed time since start: 5524.63 seconds.
Done reranking query 386. Elapsed time since start: 5531.79 seconds.
Done reranking query 387. Elapsed time since start: 5552.43 seconds.
Done reranking query 388. Elapsed time since start: 5561.33 seconds.
Done reranking query 389. Elapsed time since start: 5571.78 seconds.
Done reranking query 390. Elapsed time since start: 5579.22 seconds.
Saved 390 reranked responses to Gemini_text-reranked-75-indices.json
Saved 390 reranked responses to Gemini_structured-reranked-75-indices.json
Done reranking query 391. Elapsed time since start: 5587.33 seconds.
Done reranking query 392. Elapsed time since start: 5596.82 seconds.
Done reranking query 393. Elapsed time since start: 5613.59 seconds.
Done reranking query 394. Elapsed time since start: 5630.81 seconds.
Done reranking query 395. Elapsed time since start: 5638.72 seconds.
Done reranking query 396. Elapsed time since start: 5645.37 seconds.
Done reranking query 397. Elapsed time since start: 5661.57 seconds.
Done reranking query 398. Elapsed time since start: 5671.19 seconds.
Done reranking query 399. Elapsed time since start: 5678.95 seconds.
Done reranking query 400. Elapsed time since start: 5689.33 seconds.
Done reranking query 401. Elapsed time since start: 5697.76 seconds.
Done reranking query 402. Elapsed time since start: 5706.33 seconds.
Done reranking query 403. Elapsed time since start: 5717.05 seconds.
Done reranking query 404. Elapsed time since start: 5767.18 seconds.
Done reranking query 405. Elapsed time since start: 5785.08 seconds.
Saved 405 reranked responses to Gemini_text-reranked-75-indices.json
Saved 405 reranked responses to Gemini_structured-reranked-75-indices.json
Done reranking query 406. Elapsed time since start: 5794.41 seconds.
Done reranking query 407. Elapsed time since start: 5803.34 seconds.
Done reranking query 408. Elapsed time since start: 5810.72 seconds.
Done reranking query 409. Elapsed time since start: 5837.62 seconds.
Done reranking query 410. Elapsed time since start: 5848.38 seconds.
Done reranking query 411. Elapsed time since start: 5861.64 seconds.
Done reranking query 412. Elapsed time since start: 5874.67 seconds.
Done reranking query 413. Elapsed time since start: 5890.80 seconds.
Done reranking query 414. Elapsed time since start: 5904.76 seconds.
Done reranking query 415. Elapsed time since start: 5927.13 seconds.
Done reranking query 416. Elapsed time since start: 5946.78 seconds.
Done reranking query 417. Elapsed time since start: 5964.52 seconds.
Done reranking query 418. Elapsed time since start: 5978.49 seconds.
Done reranking query 419. Elapsed time since start: 5985.27 seconds.
Done reranking query 420. Elapsed time since start: 6002.70 seconds.
Saved 420 reranked responses to Gemini_text-reranked-75-indices.json
Saved 420 reranked responses to Gemini_structured-reranked-75-indices.json
Done reranking query 421. Elapsed time since start: 6017.49 seconds.
Done reranking query 422. Elapsed time since start: 6027.16 seconds.
Done reranking query 423. Elapsed time since start: 6047.54 seconds.
Done reranking query 424. Elapsed time since start: 6056.48 seconds.
Done reranking query 425. Elapsed time since start: 6067.58 seconds.
Done reranking query 426. Elapsed time since start: 6085.90 seconds.
Done reranking query 427. Elapsed time since start: 6092.58 seconds.
Done reranking query 428. Elapsed time since start: 6105.92 seconds.
Done reranking query 429. Elapsed time since start: 6112.63 seconds.
Done reranking query 430. Elapsed time since start: 6125.28 seconds.
Done reranking query 431. Elapsed time since start: 6144.11 seconds.
Done reranking query 432. Elapsed time since start: 6160.04 seconds.
Done reranking query 433. Elapsed time since start: 6175.26 seconds.
Done reranking query 434. Elapsed time since start: 6184.05 seconds.
Done reranking query 435. Elapsed time since start: 6203.83 seconds.
Saved 435 reranked responses to Gemini_text-reranked-75-indices.json
Saved 435 reranked responses to Gemini_structured-reranked-75-indices.json
Done reranking query 436. Elapsed time since start: 6214.20 seconds.
Done reranking query 437. Elapsed time since start: 6233.79 seconds.
Done reranking query 438. Elapsed time since start: 6247.01 seconds.
Done reranking query 439. Elapsed time since start: 6266.06 seconds.
Done reranking query 440. Elapsed time since start: 6281.69 seconds.
Done reranking query 441. Elapsed time since start: 6288.27 seconds.
Error parsing or validating JSON: Expecting value: line 1 column 1 (char 0)
Failed to parse JSON. Raw response: '```python
chunk_list = ['data by up to 1.5 BLEU, and by 1.1 BLEU on average across several test sets. Introduction Recently, several feed-forward neural networkbased language and translation models have achieved impressive accuracy improvements on statistical machine translation tasks (Allauzen et al., 2011; Le et al., 2012b; Schwenk et al., 2012) . In this paper we focus on recurrent neural network architectures, which have recently advanced the state of the art in language modeling (Mikolov et al., 2010; Mikolov et al., 2011a; Mikolov, 2012) , outperforming multi-layer feed-forward based networks in both perplexity and word error rate in speech recognition (Arisoy et al., 2012; Sundermeyer et al., 2013) . The major attraction of recurrent architectures is their potential to capture long-span dependencies since predictions are based on an unbounded history of previous words. This is in contrast to feed-forward networks as well as conventional n-gram models, both of which are limited to fixed-length contexts. Building on the success', 'We present a joint language and translation model based on a recurrent neural network which predicts target words based on an unbounded history of both source and target words. The weaker independence assumptions of this model result in a vastly larger search space compared to related feedforward-based language or translation models. We tackle this issue with a new lattice rescoring algorithm and demonstrate its effectiveness empirically. Our joint model builds on a well known recurrent neural network language model (Mikolov, 2012) augmented by a layer of additional inputs from the source language. We show competitive accuracy compared to the traditional channel model features. Our best results improve the output of a system trained on WMT 2012 French-English data by up to 1.5 BLEU, and by 1.1 BLEU on average across several test sets. Introduction Recently, several feed-forward neural networkbased language and translation models have achieved impressive accuracy improvements on statistical machine translation', 'long-span dependencies since predictions are based on an unbounded history of previous words. This is in contrast to feed-forward networks as well as conventional n-gram models, both of which are limited to fixed-length contexts. Building on the success of recurrent architectures, we base our joint language and translation model on an extension of the recurrent neural network language model (Mikolov and Zweig, 2012) that introduces a layer of additional inputs ( §2). Most previous work on neural networks for speech recognition or machine translation used a rescoring setup based on n-best lists (Arisoy et al., 2012; Mikolov, 2012) for evaluation, thereby side stepping the algorithmic and engineering challenges of direct decoder-integration. 1 Instead, we exploit lattices, which offer a much richer representation of the decoder output, since they compactly encode an exponential number of translation hypotheses in polynomial space. In contrast, n-best lists are typically very redundant, representing only a few', 'by 1.1 BLEU on average across all test sets over the decoder 1-best with our joint language and translation model. Related Work Our approach of combining language and translation modeling is very much in line with recent work on n-gram-based translation models (Crego and Yvon, 2010) , and more recently continuous space-based translation models (Le et al., 2012a; Gao et al., 2013) . The joint model presented in this paper differs in a number of key aspects: we use a recurrent architecture representing an unbounded history of both source and target words, rather than a feedforward style network. Feed-forward networks and n-gram models have a finite history which makes predictions independent of anything but a small history of words. Furthermore, we only model the target-side which is different to previous work modeling both sides. We introduced a new algorithm to tackle lattice rescoring with an unbounded model. The automatic speech recognition community has previously addressed this issue by either', 'train. When paired with an n-gram model trained on 25 times more data, accuracy improved by up to 0.7 BLEU on French-English. Joint Model Experiments In the next set of experiments, we turn to the joint language and translation model, an extension of the recurrent neural network language model with additional inputs for the foreign sentence. We first introduce two continuous space representations of the foreign sentence ( §5.1). Using these representations we evaluate the accuracy of the joint model in the lattice rescoring setup and compare against the traditional translation channel model features ( §5.2). Next, we establish an upper bound on accuracy for the joint model via an oracle experiment ( §5.3). Inspired by the results of the oracle experiment we train a transform between the source words and the reference representations. This leads to the best results improving 1.5 BLEU over the 1-best decoder output and adding 0.2 BLEU on average to the gains achieved by the recurrent language model ( §5.4).', 'Translation candidates are scored according to a linear model combining several informative feature functions. Crucially, this model incorporates translation model scores and n-gram language model scores. The component features are weighted to minimize a translation error criterion on a development set (Och, 2003) . Decoding the source sentence takes the form of a beam search through the translation space, with intermediate states corresponding to partial translations. The decoding process advances by extending a state with the translation of a source phrase, until each source word has been translated exactly once. Re-ordering occurs when the source phrase to be translated does not immediately follow the previously translated phrase. This is penalized with a discriminatively-trained distortion penalty. In order to calculate the current translation score, each state can be represented by a triple: • A coverage vector HC indicates which source words have already been translated. • A span f indicates the last', 'the use of class-based models, to handle arbitrarily large vocabularies and opens the way to enhanced neural translation models. In this paper, we explore various neural architectures for translation models and consider three different ways to factor the joint probability P (s, t) differing by the units (respectively phrase pairs, phrases or words) that are projected in continuous spaces. While these decompositions are theoretically straightforward, they were not considered in the past because of data sparsity issues and of the resulting weaknesses of conventional maximum likelihood estimates. Our main contribution is then to show that such joint distributions can be efficiently computed by neural networks, even for very large context sizes; and that their use yields significant performance improvements. These models are evaluated in a n-best rescoring step using the framework of n-gram based systems, within which they integrate easily. Note, however that they could be used with any phrase-based system. The', 'language model reranking that allows a 100-fold increase in beam size while reducing decoding time. The resulting translations improve by 1.3 BLEU. Introduction Current approaches to syntactic machine translation typically include two statistical models: a syntactic transfer model and an n-gram language model. Recent innovations have greatly improved the efficiency of language model integration through multipass techniques, such as forest reranking (Huang and Chiang, 2007) , local search (Venugopal et al., 2007) , and coarse-to-fine pruning (Petrov et al., 2008; Zhang and Gildea, 2008) . Meanwhile, translation grammars have grown in complexity from simple inversion transduction grammars (Wu, 1997) to general tree-to-string transducers (Galley et al., 2004) and have increased in size by including more synchronous tree fragments (Galley et al., 2006; Marcu et al., 2006; DeNeefe et al., 2007) . As a result of these trends, the syntactic component of machine translation decoding can now account for a substantial', 'a short context of words. A recent side-by-side comparison between recurrent and feed-forward style neural networks (Sundermeyer et al., 2013) has shown that recurrent architectures outperform feed-forward networks in a language modeling task, a similar problem to modeling sequences over Minimum Translation Units. Furthermore, the input of our best model is a bag-of-words representation of an MTU, unlike the ordered source and target word n-grams used by Crego and Yvon (2010) as well as Le et al. (2012) . Finally, we model both source and target words in a single recurrent neural network. The approach of Le et al. (2012) factorizes the joint probability over an MTU sequence in a way that suggests the use of separate neural network models for the source and the target sides, where each model generates words on the respective side only. Other work on applying recurrent neural networks to machine translation (Mikolov, 2012; Auli et al., 2013; Kalchbrenner and Blunsom, 2013) concentrated on word-based language', 'which provided a good trade-off between time and accuracy in initial experiments. Results Training times for neural networks can be a major bottleneck. Recurrent architectures are particularly hard to parallelize due to their inherent dependence on the previous hidden layer configuration. One straightforward way to influence training time is to change the size of the training corpus. Our results (Table 2 , Table 3 and Table 4 ) show that even small models trained on only two million words significantly improve over the 1-best decoder output (Baseline); this represents only 0.6 percent of the data available to the n-gram model used by the baseline. Models of this size can be trained in only about 3.5 hours. A model trained on 50m words took 63 hours to train. When paired with an n-gram model trained on 25 times more data, accuracy improved by up to 0.7 BLEU on French-English. Joint Model Experiments In the next set of experiments, we turn to the joint language and translation model, an extension of the', 'even harder to estimate. Another drawback of n-gram models is that future predictions are based on a limited amount of previous context that is often not sufficient to capture important aspects of human language (Rastrow et al., 2012) . Recently, several feed-forward neural networkbased models have achieved impressive improvements over traditional back-off n-gram models in language modeling (Bengio et al., 2003; Schwenk et al., 2007; Schwenk et al., 2012; Vaswani et al., 2013) , as well as translation modeling (Allauzen et al., 2011; Le et al., 2012; Gao et al., 2013) . These models tackle the data sparsity problem by representing words in continuous space rather than as discrete units. Similar words are grouped in the same sub-space rather than being treated as separate entities. Neural network models can be seen as functions over continuous representations exploiting the similarity between words, thereby making the estimation of probabilities over higherorder n-grams easier. However, feed-forward networks', 'enable us to prioritize the items on our research agenda. Since the majority of the translation errors can be attributed to the language and translation models we use (see column PME in Table 1 ), it is clear that significant improvement in translation quality will come from better models. The results in Table 2 , obtained with decoders that use a trigram language model, show that our greedy decoding algorithm is a viable alternative to the traditional stack decoding algorithm. Even when the greedy decoder uses an optimized-forspeed set of operations in which at most one word is translated, moved, or inserted at a time and at most 3-word-long segments are swapped-which is labeled "greedy¿ " in Table 2 -the translation accuracy is affected only slightly. In contrast, the translation speed increases with at least one order of magnitude. Depending on the application of interest, one may choose to use a slow decoder that provides optimal results or a fast, greedy decoder that provides non-optimal, but acceptable', 'trigrams and character n-grams did not yield any significant improvements. Even this representation of sentences is composed of a large number of instances, and so we resorted to feature hashing by computing feature ids as the least significant 20 bits of each feature name. Our best transform achieved a cosine similarity of 0.816 on the training data, 0.757 on the validation data, and 0.749 on news2011. The results (Table 8 ) show that the transform improves over the recurrent neural network language model on all test sets and by 0.2 BLEU on average. We verified significance over the target-only model using paired bootstrap resampling (Koehn, 2004 ) over all test sets (7526 sentences) at the p < 0.001 level. Overall, we improve accuracy by up to 1.5 BLEU and by 1.1 BLEU on average across all test sets over the decoder 1-best with our joint language and translation model. Related Work Our approach of combining language and translation modeling is very much in line with recent work on n-gram-based translation', 'the time to produce the baseline 1-best output, a considerable but not necessarily prohibitive overhead. Larger values of k return higher probability solutions, but there is little impact on accuracy: the BLEU score is nearly identical when retaining up to 100 histories compared to keeping only the highest scoring. While surprising at first, we believe that this effect is due to the high similarity of the translations represented by the histories in the beam. Each history represents a different translation but all translation hypothesis share the same n-gram context, and, more importantly, they are translations of the same foreign words, since they have exactly the same coverage vector. These commonalities are likely to result in similar recurrent histories, which in turn reduces the effect of aggressive pruning. Language Model Experiments Recurrent neural network language models have previously only been used in n-best rescoring settings and on small-scale tasks with baseline language models trained on only', 'models from scratch. However, we emphasize that the MBR techniques do not preclude the construction of complex models of syntactic structure. Translation models that have been trained with linguistic features could still benefit by the application of MBR decoding procedures. That machine translation evaluation continues to be an active area of research is evident from recent workshops (AMTA, 2003) . We expect new automatic MT evaluation metrics to emerge frequently in the future. Given any translation metric, the MBR decoding framework will allow us to optimize existing MT systems for the new criterion. This is intended to compensate for any mismatch between decoding strategy of MT systems and their evaluation criteria. While we have focused on developing MBR procedures for loss functions that measure various aspects of translation quality, this framework can also be used with loss functions which measure application-specific error criteria. We now describe related training and search procedures for NLP that', 'models from scratch. However, we emphasize that the MBR techniques do not preclude the construction of complex models of syntactic structure. Translation models that have been trained with linguistic features could still benefit by the application of MBR decoding procedures. That machine translation evaluation continues to be an active area of research is evident from recent workshops (AMTA, 2003) . We expect new automatic MT evaluation metrics to emerge frequently in the future. Given any translation metric, the MBR decoding framework will allow us to optimize existing MT systems for the new criterion. This is intended to compensate for any mismatch between decoding strategy of MT systems and their evaluation criteria. While we have focused on developing MBR procedures for loss functions that measure various aspects of translation quality, this framework can also be used with loss functions which measure application-specific error criteria. We now describe related training and search procedures for NLP that', 'models from scratch. However, we emphasize that the MBR techniques do not preclude the construction of complex models of syntactic structure. Translation models that have been trained with linguistic features could still benefit by the application of MBR decoding procedures. That machine translation evaluation continues to be an active area of research is evident from recent workshops (AMTA, 2003) . We expect new automatic MT evaluation metrics to emerge frequently in the future. Given any translation metric, the MBR decoding framework will allow us to optimize existing MT systems for the new criterion. This is intended to compensate for any mismatch between decoding strategy of MT systems and their evaluation criteria. While we have focused on developing MBR procedures for loss functions that measure various aspects of translation quality, this framework can also be used with loss functions which measure application-specific error criteria. We now describe related training and search procedures for NLP that', 'models from scratch. However, we emphasize that the MBR techniques do not preclude the construction of complex models of syntactic structure. Translation models that have been trained with linguistic features could still benefit by the application of MBR decoding procedures. That machine translation evaluation continues to be an active area of research is evident from recent workshops (AMTA, 2003) . We expect new automatic MT evaluation metrics to emerge frequently in the future. Given any translation metric, the MBR decoding framework will allow us to optimize existing MT systems for the new criterion. This is intended to compensate for any mismatch between decoding strategy of MT systems and their evaluation criteria. While we have focused on developing MBR procedures for loss functions that measure various aspects of translation quality, this framework can also be used with loss functions which measure application-specific error criteria. We now describe related training and search procedures for NLP that', 'models from scratch. However, we emphasize that the MBR techniques do not preclude the construction of complex models of syntactic structure. Translation models that have been trained with linguistic features could still benefit by the application of MBR decoding procedures. That machine translation evaluation continues to be an active area of research is evident from recent workshops (AMTA, 2003) . We expect new automatic MT evaluation metrics to emerge frequently in the future. Given any translation metric, the MBR decoding framework will allow us to optimize existing MT systems for the new criterion. This is intended to compensate for any mismatch between decoding strategy of MT systems and their evaluation criteria. While we have focused on developing MBR procedures for loss functions that measure various aspects of translation quality, this framework can also be used with loss functions which measure application-specific error criteria. We now describe related training and search procedures for NLP that', '1-best hypotheses from multiple translation systems (Bangalore et al., 2002) ; this approach uses string-edit distance to align the hypotheses and rescores the resulting lattice with a language model. In future work we plan to extend the search space of MBR decoders to translation lattices produced by the baseline system. Translation lattices (Ueffing et al., 2002; Kumar and Byrne, 2003) are a compact representation of a large set of most likely translations generated by an MT system. While an P -best list contains only a limited reordering of hypotheses, a translation lattice will contain hypotheses with a vastly greater number of re-orderings. We are developing efficient lattice search procedures for MBR decoders. By extending the search space of the decoder to a much larger space than the P -best list, we expect further performance improvements. MBR is a promising modeling framework for statistical machine translation. It is a simple model rescoring framework that improves well-trained statistical models', '1-best hypotheses from multiple translation systems (Bangalore et al., 2002) ; this approach uses string-edit distance to align the hypotheses and rescores the resulting lattice with a language model. In future work we plan to extend the search space of MBR decoders to translation lattices produced by the baseline system. Translation lattices (Ueffing et al., 2002; Kumar and Byrne, 2003) are a compact representation of a large set of most likely translations generated by an MT system. While an P -best list contains only a limited reordering of hypotheses, a translation lattice will contain hypotheses with a vastly greater number of re-orderings. We are developing efficient lattice search procedures for MBR decoders. By extending the search space of the decoder to a much larger space than the P -best list, we expect further performance improvements. MBR is a promising modeling framework for statistical machine translation. It is a simple model rescoring framework that improves well-trained statistical models', '1-best hypotheses from multiple translation systems (Bangalore et al., 2002) ; this approach uses string-edit distance to align the hypotheses and rescores the resulting lattice with a language model. In future work we plan to extend the search space of MBR decoders to translation lattices produced by the baseline system. Translation lattices (Ueffing et al., 2002; Kumar and Byrne, 2003) are a compact representation of a large set of most likely translations generated by an MT system. While an P -best list contains only a limited reordering of hypotheses, a translation lattice will contain hypotheses with a vastly greater number of re-orderings. We are developing efficient lattice search procedures for MBR decoders. By extending the search space of the decoder to a much larger space than the P -best list, we expect further performance improvements. MBR is a promising modeling framework for statistical machine translation. It is a simple model rescoring framework that improves well-trained statistical models', '1-best hypotheses from multiple translation systems (Bangalore et al., 2002) ; this approach uses string-edit distance to align the hypotheses and rescores the resulting lattice with a language model. In future work we plan to extend the search space of MBR decoders to translation lattices produced by the baseline system. Translation lattices (Ueffing et al., 2002; Kumar and Byrne, 2003) are a compact representation of a large set of most likely translations generated by an MT system. While an P -best list contains only a limited reordering of hypotheses, a translation lattice will contain hypotheses with a vastly greater number of re-orderings. We are developing efficient lattice search procedures for MBR decoders. By extending the search space of the decoder to a much larger space than the P -best list, we expect further performance improvements. MBR is a promising modeling framework for statistical machine translation. It is a simple model rescoring framework that improves well-trained statistical models', '1-best hypotheses from multiple translation systems (Bangalore et al., 2002) ; this approach uses string-edit distance to align the hypotheses and rescores the resulting lattice with a language model. In future work we plan to extend the search space of MBR decoders to translation lattices produced by the baseline system. Translation lattices (Ueffing et al., 2002; Kumar and Byrne, 2003) are a compact representation of a large set of most likely translations generated by an MT system. While an P -best list contains only a limited reordering of hypotheses, a translation lattice will contain hypotheses with a vastly greater number of re-orderings. We are developing efficient lattice search procedures for MBR decoders. By extending the search space of the decoder to a much larger space than the P -best list, we expect further performance improvements. MBR is a promising modeling framework for statistical machine translation. It is a simple model rescoring framework that improves well-trained statistical models', 'word, we first compute the probability of its class, and then multiply it by the probability of the word conditioned on the class: p(e t+1 |e t t−n+1 , h t , f t ) = p(c i |e t t−n+1 , h t , f t ) × p( Lattice Rescoring with an Unbounded Language Model We evaluate our joint language and translation model in a lattice rescoring setup, allowing us to search over a much larger space of translations than would be possible with n-best lists. While very space efficient, lattices also impose restrictions on the context available to features, a particularly challenging setting for our model which depends on the entire prefix of a translation. In the ensuing description we introduce a new algorithm to efficiently tackle this issue. Phrase-based decoders operate by maintaining a set of states representing competing translations, either partial or complete. Each state is scored by a number of features including the n-gram language model. The independence assumptions of the features determine the amount of context each', 'the target sides, where each model generates words on the respective side only. Other work on applying recurrent neural networks to machine translation (Mikolov, 2012; Auli et al., 2013; Kalchbrenner and Blunsom, 2013) concentrated on word-based language and translation models, whereas we model Minimum Translation Units. Conclusion and Future Work Minimum Translation Unit models based on recurrent neural networks lead to substantial gains over their classical n-gram back-off models. We introduced two models of which the best improves accuracy by up to 1.5 BLEU over the 1-best decoder output, and by 0.8 BLEU over a trigram MTU model in an n-best rescoring setting. Our experiments have shown that representing MTUs as bags-of-words leads to better accuracy since this exploits similarities in the internal structure of Minimum Translation Units, which is not possible when modeling them as atomic symbols. We have also shown that our models are complementary to a very strong RNN language model (Mikolov, 2012) . In', 'to the conclusion that the improvement of the models (stronger language model for the target language, better translation model and especially more training data) will have a strong impact on the quality of the produced translations. The other cases, i. e. those in which the models prefer the sample translations to the produced output, might be due to the difference of the original search criterion (6) and the criterion (9), which is the basis of our search algorithm. The approximation made by the introduction of the parameters OT and OL is an additional reason for search errors. As far as we know, only two recent papers have dealt with decoding problem for machine translation systems that use translation models based on hidden alignments without a monotonicity constraint: (Berger et al., !994) and (Wang and Waibel, 1997) . The former uses data sets that differ significantly from the Verbmobil task and hence, the reported results cannot be compared to ours. The latter presents experiments carried out on a', 'gains over the 1-best decoder output, raising accuracy by up to 1.5 BLEU and by 1.1 BLEU on average across several test sets. The joint approach also improves over the gains of the recurrent neural network language model, adding 0.2 BLEU on average across several test sets. Our models are competitive to the traditional channel models, outperforming them in a head-to-head comparison. Furthermore, we tackled the issue of lattice rescoring with an unbounded recurrent model by means of a novel algorithm that keeps a beam of recurrent histories. Finally, we have shown that the recurrent neural network language model can significantly improve over n-gram baselines across a range of language-pairs, even when the baselines were trained on 575 times more data. In future work we plan to directly learn representations of the source-side during training of the joint model. Thus, the model itself can decide which encoding is best for the task. We also plan to change the cross entropy objective to a BLEU-inspired', 'only model the target-side which is different to previous work modeling both sides. We introduced a new algorithm to tackle lattice rescoring with an unbounded model. The automatic speech recognition community has previously addressed this issue by either approximating longspan language models via simpler but more tractable models (Deoras et al., 2011b) , or by identifying confusable subsets of the lattice from which n-best lists are constructed and rescored (Deoras et al., 2011a) . We extend their work by directly mapping a recurrent neural network model onto the structure of the lattice, rescoring all states instead of focusing only on subsets. Conclusion and Future Work Joint language and translation modeling with recurrent neural networks leads to substantial gains over the 1-best decoder output, raising accuracy by up to 1.5 BLEU and by 1.1 BLEU on average across several test sets. The joint approach also improves over the gains of the recurrent neural network language model, adding 0.2 BLEU on average', 'since we use both source and target information as opposed to scoring only the fluency of the target side, such as done by RNNLM. Can our models act complementary to a strong RNN language model? Our Related Work Our approach of modeling Minimum Translation Units is very much in line with recent work on ngram-based translation models (Crego and Yvon, 2010) , and more recently, continuous space-based translation models (Le et al., 2012) . The models presented in this paper differ in a number of key aspects: We use a recurrent architecture representing an unbounded history of MTUs rather than a feed-forward style network. Feed-forward networks as well as back-off n-gram models rely on a finite history which results in predictions independent of anything but a short context of words. A recent side-by-side comparison between recurrent and feed-forward style neural networks (Sundermeyer et al., 2013) has shown that recurrent architectures outperform feed-forward networks in a language modeling task, a similar', 'use yields significant performance improvements. These models are evaluated in a n-best rescoring step using the framework of n-gram based systems, within which they integrate easily. Note, however that they could be used with any phrase-based system. The rest of this paper is organized as follows. We first recollect, in Section 2, the n-gram based approach, and discuss various implementations of this framework. We then describe, in Section 3, the neural architecture developed and explain how it can be made to handle large vocabulary tasks as well as language models over bilingual units. We finally report, in Section 4, experimental results obtained on a large-scale English to French translation task. 2 Variations on the n-gram approach Even though n-gram translation models can be integrated within standard phrase-based systems (Niehues et al., 2011) , the n-gram based framework provides a more convenient way to introduce our work and has also been used to build the baseline systems used in our experiments.', 'models in (Koehn and Hoang, 2007; Crego and Yvon, 2010) . Such approaches require to use external linguistic analysis tools which are error prone; moreover, they did not seem to bring clear improvements, even when translating into morphologically rich languages. Conclusion In this paper, we have presented possible ways to use a neural network architecture as a translation model. A first contribution was to produce the first largescale neural translation model, implemented here in the framework of the n-gram based models, taking advantage of a specific hierarchical architecture (SOUL). By considering several decompositions of the joint probability of a sentence pair, several bilingual translation models were presented and discussed. As it turned out, using a factorization which clearly distinguishes the source and target sides, and only involves word probabilities, proved an effective remedy to data sparsity issues and provided significant improvements over the baseline. Moreover, this approach was also', '(or transcription in the case of Speech Recognition) is typically referred to as decoding. There is a fundamental difference between decoding for machine translation and decoding for speech recog-nition. When decoding a speech signal, words are generated in the same order in which their corresponding acoustic signal is consumed. However, that is not necessarily the case in MT due to the fact that different languages have different word order requirements. For example, in Spanish and Arabic adjectives are mainly noun post-modifiers, whereas in English adjectives are noun pre-modifiers. Therefore, when translating between Spanish and English, words must usually be reordered. Existing statistical machine translation decoders have mostly relied on language models to select the proper word order among many possible choices when translating between two languages. In this paper, we argue that a language model is not sufficient to adequately address this issue, especially when translating between languages that have', '(or transcription in the case of Speech Recognition) is typically referred to as decoding. There is a fundamental difference between decoding for machine translation and decoding for speech recog-nition. When decoding a speech signal, words are generated in the same order in which their corresponding acoustic signal is consumed. However, that is not necessarily the case in MT due to the fact that different languages have different word order requirements. For example, in Spanish and Arabic adjectives are mainly noun post-modifiers, whereas in English adjectives are noun pre-modifiers. Therefore, when translating between Spanish and English, words must usually be reordered. Existing statistical machine translation decoders have mostly relied on language models to select the proper word order among many possible choices when translating between two languages. In this paper, we argue that a language model is not sufficient to adequately address this issue, especially when translating between languages that have', 'it produces less controlled language, presenting more relaxed syntax and spontaneous speech phenomena. Finally, translation of spoken language is prone to speech recognition errors, which can possibly corrupt the syntax and the meaning of the input. There is also empirical evidence that better translations can be obtained from transcriptions of the speech recognizer which resulted in lower scores. This suggests that improvements can be achieved by applying machine translation on a large set of transcription hypotheses generated by the speech recognizers and by combining scores of acoustic models, language models, and translation models. Recently, approaches have been proposed for improving translation quality through the processing of multiple input hypotheses. We have implemented in Moses confusion network decoding as discussed in (Bertoldi and Federico 2005) , and developed a simpler translation model and a more efficient implementation of the search algorithm. Remarkably, the confusion network decoder', 'it produces less controlled language, presenting more relaxed syntax and spontaneous speech phenomena. Finally, translation of spoken language is prone to speech recognition errors, which can possibly corrupt the syntax and the meaning of the input. There is also empirical evidence that better translations can be obtained from transcriptions of the speech recognizer which resulted in lower scores. This suggests that improvements can be achieved by applying machine translation on a large set of transcription hypotheses generated by the speech recognizers and by combining scores of acoustic models, language models, and translation models. Recently, approaches have been proposed for improving translation quality through the processing of multiple input hypotheses. We have implemented in Moses confusion network decoding as discussed in (Bertoldi and Federico 2005) , and developed a simpler translation model and a more efficient implementation of the search algorithm. Remarkably, the confusion network decoder', 'it produces less controlled language, presenting more relaxed syntax and spontaneous speech phenomena. Finally, translation of spoken language is prone to speech recognition errors, which can possibly corrupt the syntax and the meaning of the input. There is also empirical evidence that better translations can be obtained from transcriptions of the speech recognizer which resulted in lower scores. This suggests that improvements can be achieved by applying machine translation on a large set of transcription hypotheses generated by the speech recognizers and by combining scores of acoustic models, language models, and translation models. Recently, approaches have been proposed for improving translation quality through the processing of multiple input hypotheses. We have implemented in Moses confusion network decoding as discussed in (Bertoldi and Federico 2005) , and developed a simpler translation model and a more efficient implementation of the search algorithm. Remarkably, the confusion network decoder', 'it produces less controlled language, presenting more relaxed syntax and spontaneous speech phenomena. Finally, translation of spoken language is prone to speech recognition errors, which can possibly corrupt the syntax and the meaning of the input. There is also empirical evidence that better translations can be obtained from transcriptions of the speech recognizer which resulted in lower scores. This suggests that improvements can be achieved by applying machine translation on a large set of transcription hypotheses generated by the speech recognizers and by combining scores of acoustic models, language models, and translation models. Recently, approaches have been proposed for improving translation quality through the processing of multiple input hypotheses. We have implemented in Moses confusion network decoding as discussed in (Bertoldi and Federico 2005) , and developed a simpler translation model and a more efficient implementation of the search algorithm. Remarkably, the confusion network decoder', 'it produces less controlled language, presenting more relaxed syntax and spontaneous speech phenomena. Finally, translation of spoken language is prone to speech recognition errors, which can possibly corrupt the syntax and the meaning of the input. There is also empirical evidence that better translations can be obtained from transcriptions of the speech recognizer which resulted in lower scores. This suggests that improvements can be achieved by applying machine translation on a large set of transcription hypotheses generated by the speech recognizers and by combining scores of acoustic models, language models, and translation models. Recently, approaches have been proposed for improving translation quality through the processing of multiple input hypotheses. We have implemented in Moses confusion network decoding as discussed in (Bertoldi and Federico 2005) , and developed a simpler translation model and a more efficient implementation of the search algorithm. Remarkably, the confusion network decoder', 'it produces less controlled language, presenting more relaxed syntax and spontaneous speech phenomena. Finally, translation of spoken language is prone to speech recognition errors, which can possibly corrupt the syntax and the meaning of the input. There is also empirical evidence that better translations can be obtained from transcriptions of the speech recognizer which resulted in lower scores. This suggests that improvements can be achieved by applying machine translation on a large set of transcription hypotheses generated by the speech recognizers and by combining scores of acoustic models, language models, and translation models. Recently, approaches have been proposed for improving translation quality through the processing of multiple input hypotheses. We have implemented in Moses confusion network decoding as discussed in (Bertoldi and Federico 2005) , and developed a simpler translation model and a more efficient implementation of the search algorithm. Remarkably, the confusion network decoder', 'it produces less controlled language, presenting more relaxed syntax and spontaneous speech phenomena. Finally, translation of spoken language is prone to speech recognition errors, which can possibly corrupt the syntax and the meaning of the input. There is also empirical evidence that better translations can be obtained from transcriptions of the speech recognizer which resulted in lower scores. This suggests that improvements can be achieved by applying machine translation on a large set of transcription hypotheses generated by the speech recognizers and by combining scores of acoustic models, language models, and translation models. Recently, approaches have been proposed for improving translation quality through the processing of multiple input hypotheses. We have implemented in Moses confusion network decoding as discussed in (Bertoldi and Federico 2005) , and developed a simpler translation model and a more efficient implementation of the search algorithm. Remarkably, the confusion network decoder', 'it produces less controlled language, presenting more relaxed syntax and spontaneous speech phenomena. Finally, translation of spoken language is prone to speech recognition errors, which can possibly corrupt the syntax and the meaning of the input. There is also empirical evidence that better translations can be obtained from transcriptions of the speech recognizer which resulted in lower scores. This suggests that improvements can be achieved by applying machine translation on a large set of transcription hypotheses generated by the speech recognizers and by combining scores of acoustic models, language models, and translation models. Recently, approaches have been proposed for improving translation quality through the processing of multiple input hypotheses. We have implemented in Moses confusion network decoding as discussed in (Bertoldi and Federico 2005) , and developed a simpler translation model and a more efficient implementation of the search algorithm. Remarkably, the confusion network decoder', 'it produces less controlled language, presenting more relaxed syntax and spontaneous speech phenomena. Finally, translation of spoken language is prone to speech recognition errors, which can possibly corrupt the syntax and the meaning of the input. There is also empirical evidence that better translations can be obtained from transcriptions of the speech recognizer which resulted in lower scores. This suggests that improvements can be achieved by applying machine translation on a large set of transcription hypotheses generated by the speech recognizers and by combining scores of acoustic models, language models, and translation models. Recently, approaches have been proposed for improving translation quality through the processing of multiple input hypotheses. We have implemented in Moses confusion network decoding as discussed in (Bertoldi and Federico 2005) , and developed a simpler translation model and a more efficient implementation of the search algorithm. Remarkably, the confusion network decoder', 'it produces less controlled language, presenting more relaxed syntax and spontaneous speech phenomena. Finally, translation of spoken language is prone to speech recognition errors, which can possibly corrupt the syntax and the meaning of the input. There is also empirical evidence that better translations can be obtained from transcriptions of the speech recognizer which resulted in lower scores. This suggests that improvements can be achieved by applying machine translation on a large set of transcription hypotheses generated by the speech recognizers and by combining scores of acoustic models, language models, and translation models. Recently, approaches have been proposed for improving translation quality through the processing of multiple input hypotheses. We have implemented in Moses confusion network decoding as discussed in (Bertoldi and Federico 2005) , and developed a simpler translation model and a more efficient implementation of the search algorithm. Remarkably, the confusion network decoder', 'it produces less controlled language, presenting more relaxed syntax and spontaneous speech phenomena. Finally, translation of spoken language is prone to speech recognition errors, which can possibly corrupt the syntax and the meaning of the input. There is also empirical evidence that better translations can be obtained from transcriptions of the speech recognizer which resulted in lower scores. This suggests that improvements can be achieved by applying machine translation on a large set of transcription hypotheses generated by the speech recognizers and by combining scores of acoustic models, language models, and translation models. Recently, approaches have been proposed for improving translation quality through the processing of multiple input hypotheses. We have implemented in Moses confusion network decoding as discussed in (Bertoldi and Federico 2005) , and developed a simpler translation model and a more efficient implementation of the search algorithm. Remarkably, the confusion network decoder', 'it produces less controlled language, presenting more relaxed syntax and spontaneous speech phenomena. Finally, translation of spoken language is prone to speech recognition errors, which can possibly corrupt the syntax and the meaning of the input. There is also empirical evidence that better translations can be obtained from transcriptions of the speech recognizer which resulted in lower scores. This suggests that improvements can be achieved by applying machine translation on a large set of transcription hypotheses generated by the speech recognizers and by combining scores of acoustic models, language models, and translation models. Recently, approaches have been proposed for improving translation quality through the processing of multiple input hypotheses. We have implemented in Moses confusion network decoding as discussed in (Bertoldi and Federico 2005) , and developed a simpler translation model and a more efficient implementation of the search algorithm. Remarkably, the confusion network decoder', '2001) gives gains on BLEU. This is despite the fact that the sentence-level BLEU loss function is an approximation to the exact corpus-level BLEU. A different MBR inspired decoding approach is pursued in Zhang and Gildea (2008) for machine translation using Synchronous Context Free Grammars. A forest generated by an initial decoding pass is rescored using dynamic programming to maximize the expected count of synchronous constituents in the tree that corresponds to the translation. Since each constituent adds a new 4-gram to the existing translation, this approach approximately maximizes the expected BLEU. In this paper we explore a different strategy to perform MBR decoding over Translation Lattices (Ueffing et al., 2002) that compactly encode a huge number of translation alternatives relative to an N -best list. This is a model-independent approach in that the lattices could be produced by any statistical MT system -both phrase-based and syntaxbased systems would work in this framework. We will introduce', 'We describe an open-source toolkit for statistical machine translation whose novel contributions are (a) support for linguistically motivated factors, (b) confusion network decoding, and (c) efficient data formats for translation models and language models. In addition to the SMT decoder, the toolkit also includes a wide variety of tools for training, tuning and applying the system to many translation tasks. Motivation Phrase-based statistical machine translation (Koehn et al. 2003) has emerged as the dominant paradigm in machine translation research. However, until now, most work in this field has been carried out on proprietary and in-house research systems. This lack of openness has created a high barrier to entry for researchers as many of the components required have had to be duplicated. This has also hindered effective comparisons of the different elements of the systems. By providing a free and complete toolkit, we hope that this will stimulate the development of the field. For this system to be', 'We describe an open-source toolkit for statistical machine translation whose novel contributions are (a) support for linguistically motivated factors, (b) confusion network decoding, and (c) efficient data formats for translation models and language models. In addition to the SMT decoder, the toolkit also includes a wide variety of tools for training, tuning and applying the system to many translation tasks. Motivation Phrase-based statistical machine translation (Koehn et al. 2003) has emerged as the dominant paradigm in machine translation research. However, until now, most work in this field has been carried out on proprietary and in-house research systems. This lack of openness has created a high barrier to entry for researchers as many of the components required have had to be duplicated. This has also hindered effective comparisons of the different elements of the systems. By providing a free and complete toolkit, we hope that this will stimulate the development of the field. For this system to be', 'We describe an open-source toolkit for statistical machine translation whose novel contributions are (a) support for linguistically motivated factors, (b) confusion network decoding, and (c) efficient data formats for translation models and language models. In addition to the SMT decoder, the toolkit also includes a wide variety of tools for training, tuning and applying the system to many translation tasks. Motivation Phrase-based statistical machine translation (Koehn et al. 2003) has emerged as the dominant paradigm in machine translation research. However, until now, most work in this field has been carried out on proprietary and in-house research systems. This lack of openness has created a high barrier to entry for researchers as many of the components required have had to be duplicated. This has also hindered effective comparisons of the different elements of the systems. By providing a free and complete toolkit, we hope that this will stimulate the development of the field. For this system to be', 'We describe an open-source toolkit for statistical machine translation whose novel contributions are (a) support for linguistically motivated factors, (b) confusion network decoding, and (c) efficient data formats for translation models and language models. In addition to the SMT decoder, the toolkit also includes a wide variety of tools for training, tuning and applying the system to many translation tasks. Motivation Phrase-based statistical machine translation (Koehn et al. 2003) has emerged as the dominant paradigm in machine translation research. However, until now, most work in this field has been carried out on proprietary and in-house research systems. This lack of openness has created a high barrier to entry for researchers as many of the components required have had to be duplicated. This has also hindered effective comparisons of the different elements of the systems. By providing a free and complete toolkit, we hope that this will stimulate the development of the field. For this system to be', 'We describe an open-source toolkit for statistical machine translation whose novel contributions are (a) support for linguistically motivated factors, (b) confusion network decoding, and (c) efficient data formats for translation models and language models. In addition to the SMT decoder, the toolkit also includes a wide variety of tools for training, tuning and applying the system to many translation tasks. Motivation Phrase-based statistical machine translation (Koehn et al. 2003) has emerged as the dominant paradigm in machine translation research. However, until now, most work in this field has been carried out on proprietary and in-house research systems. This lack of openness has created a high barrier to entry for researchers as many of the components required have had to be duplicated. This has also hindered effective comparisons of the different elements of the systems. By providing a free and complete toolkit, we hope that this will stimulate the development of the field. For this system to be', 'We describe an open-source toolkit for statistical machine translation whose novel contributions are (a) support for linguistically motivated factors, (b) confusion network decoding, and (c) efficient data formats for translation models and language models. In addition to the SMT decoder, the toolkit also includes a wide variety of tools for training, tuning and applying the system to many translation tasks. Motivation Phrase-based statistical machine translation (Koehn et al. 2003) has emerged as the dominant paradigm in machine translation research. However, until now, most work in this field has been carried out on proprietary and in-house research systems. This lack of openness has created a high barrier to entry for researchers as many of the components required have had to be duplicated. This has also hindered effective comparisons of the different elements of the systems. By providing a free and complete toolkit, we hope that this will stimulate the development of the field. For this system to be', 'We describe an open-source toolkit for statistical machine translation whose novel contributions are (a) support for linguistically motivated factors, (b) confusion network decoding, and (c) efficient data formats for translation models and language models. In addition to the SMT decoder, the toolkit also includes a wide variety of tools for training, tuning and applying the system to many translation tasks. Motivation Phrase-based statistical machine translation (Koehn et al. 2003) has emerged as the dominant paradigm in machine translation research. However, until now, most work in this field has been carried out on proprietary and in-house research systems. This lack of openness has created a high barrier to entry for researchers as many of the components required have had to be duplicated. This has also hindered effective comparisons of the different elements of the systems. By providing a free and complete toolkit, we hope that this will stimulate the development of the field. For this system to be', 'We describe an open-source toolkit for statistical machine translation whose novel contributions are (a) support for linguistically motivated factors, (b) confusion network decoding, and (c) efficient data formats for translation models and language models. In addition to the SMT decoder, the toolkit also includes a wide variety of tools for training, tuning and applying the system to many translation tasks. Motivation Phrase-based statistical machine translation (Koehn et al. 2003) has emerged as the dominant paradigm in machine translation research. However, until now, most work in this field has been carried out on proprietary and in-house research systems. This lack of openness has created a high barrier to entry for researchers as many of the components required have had to be duplicated. This has also hindered effective comparisons of the different elements of the systems. By providing a free and complete toolkit, we hope that this will stimulate the development of the field. For this system to be', 'We describe an open-source toolkit for statistical machine translation whose novel contributions are (a) support for linguistically motivated factors, (b) confusion network decoding, and (c) efficient data formats for translation models and language models. In addition to the SMT decoder, the toolkit also includes a wide variety of tools for training, tuning and applying the system to many translation tasks. Motivation Phrase-based statistical machine translation (Koehn et al. 2003) has emerged as the dominant paradigm in machine translation research. However, until now, most work in this field has been carried out on proprietary and in-house research systems. This lack of openness has created a high barrier to entry for researchers as many of the components required have had to be duplicated. This has also hindered effective comparisons of the different elements of the systems. By providing a free and complete toolkit, we hope that this will stimulate the development of the field. For this system to be', 'We describe an open-source toolkit for statistical machine translation whose novel contributions are (a) support for linguistically motivated factors, (b) confusion network decoding, and (c) efficient data formats for translation models and language models. In addition to the SMT decoder, the toolkit also includes a wide variety of tools for training, tuning and applying the system to many translation tasks. Motivation Phrase-based statistical machine translation (Koehn et al. 2003) has emerged as the dominant paradigm in machine translation research. However, until now, most work in this field has been carried out on proprietary and in-house research systems. This lack of openness has created a high barrier to entry for researchers as many of the components required have had to be duplicated. This has also hindered effective comparisons of the different elements of the systems. By providing a free and complete toolkit, we hope that this will stimulate the development of the field. For this system to be', 'We describe an open-source toolkit for statistical machine translation whose novel contributions are (a) support for linguistically motivated factors, (b) confusion network decoding, and (c) efficient data formats for translation models and language models. In addition to the SMT decoder, the toolkit also includes a wide variety of tools for training, tuning and applying the system to'
Done reranking query 442. Elapsed time since start: 6337.18 seconds.
Done reranking query 443. Elapsed time since start: 6352.36 seconds.
Done reranking query 444. Elapsed time since start: 6360.64 seconds.
Done reranking query 445. Elapsed time since start: 6380.74 seconds.
Done reranking query 446. Elapsed time since start: 6390.48 seconds.
Done reranking query 447. Elapsed time since start: 6409.34 seconds.
Done reranking query 448. Elapsed time since start: 6424.69 seconds.
Done reranking query 449. Elapsed time since start: 6438.37 seconds.
Done reranking query 450. Elapsed time since start: 6455.33 seconds.
Saved 450 reranked responses to Gemini_text-reranked-75-indices.json
Saved 450 reranked responses to Gemini_structured-reranked-75-indices.json
Done reranking query 451. Elapsed time since start: 6471.71 seconds.
Done reranking query 452. Elapsed time since start: 6489.63 seconds.
Done reranking query 453. Elapsed time since start: 6508.17 seconds.
Done reranking query 454. Elapsed time since start: 6529.83 seconds.
Done reranking query 455. Elapsed time since start: 6539.80 seconds.
Done reranking query 456. Elapsed time since start: 6552.87 seconds.
Done reranking query 457. Elapsed time since start: 6561.88 seconds.
Done reranking query 458. Elapsed time since start: 6573.89 seconds.
Done reranking query 459. Elapsed time since start: 6587.71 seconds.
Done reranking query 460. Elapsed time since start: 6596.08 seconds.
Done reranking query 461. Elapsed time since start: 6603.47 seconds.
Done reranking query 462. Elapsed time since start: 6613.12 seconds.
Done reranking query 463. Elapsed time since start: 6624.39 seconds.
Done reranking query 464. Elapsed time since start: 6634.93 seconds.
Done reranking query 465. Elapsed time since start: 6648.19 seconds.
Saved 465 reranked responses to Gemini_text-reranked-75-indices.json
Saved 465 reranked responses to Gemini_structured-reranked-75-indices.json
Done reranking query 466. Elapsed time since start: 6661.52 seconds.
Done reranking query 467. Elapsed time since start: 6670.78 seconds.
Done reranking query 468. Elapsed time since start: 6679.53 seconds.
Done reranking query 469. Elapsed time since start: 6704.76 seconds.
Done reranking query 470. Elapsed time since start: 6716.24 seconds.
Done reranking query 471. Elapsed time since start: 6733.51 seconds.
Done reranking query 472. Elapsed time since start: 6758.52 seconds.
Done reranking query 473. Elapsed time since start: 6772.07 seconds.
Done reranking query 474. Elapsed time since start: 6780.32 seconds.
Done reranking query 475. Elapsed time since start: 6799.20 seconds.
Done reranking query 476. Elapsed time since start: 6808.20 seconds.
Done reranking query 477. Elapsed time since start: 6818.97 seconds.
Done reranking query 478. Elapsed time since start: 6825.33 seconds.
Done reranking query 479. Elapsed time since start: 6837.25 seconds.
Done reranking query 480. Elapsed time since start: 6847.40 seconds.
Saved 480 reranked responses to Gemini_text-reranked-75-indices.json
Saved 480 reranked responses to Gemini_structured-reranked-75-indices.json
Done reranking query 481. Elapsed time since start: 6854.52 seconds.
Done reranking query 482. Elapsed time since start: 6862.84 seconds.
Done reranking query 483. Elapsed time since start: 6870.35 seconds.
Done reranking query 484. Elapsed time since start: 6888.62 seconds.
Done reranking query 485. Elapsed time since start: 6897.95 seconds.
Done reranking query 486. Elapsed time since start: 6906.41 seconds.
Done reranking query 487. Elapsed time since start: 6912.89 seconds.
Done reranking query 488. Elapsed time since start: 6929.63 seconds.
Done reranking query 489. Elapsed time since start: 6950.66 seconds.
Done reranking query 490. Elapsed time since start: 6956.86 seconds.
Done reranking query 491. Elapsed time since start: 6964.27 seconds.
Done reranking query 492. Elapsed time since start: 6977.93 seconds.
Done reranking query 493. Elapsed time since start: 6984.64 seconds.
Done reranking query 494. Elapsed time since start: 6998.22 seconds.
Done reranking query 495. Elapsed time since start: 7012.57 seconds.
Saved 495 reranked responses to Gemini_text-reranked-75-indices.json
Saved 495 reranked responses to Gemini_structured-reranked-75-indices.json
Done reranking query 496. Elapsed time since start: 7029.07 seconds.
Done reranking query 497. Elapsed time since start: 7037.51 seconds.
Done reranking query 498. Elapsed time since start: 7061.56 seconds.
Done reranking query 499. Elapsed time since start: 7076.70 seconds.
Done reranking query 500. Elapsed time since start: 7083.55 seconds.
Done reranking query 501. Elapsed time since start: 7103.75 seconds.
Done reranking query 502. Elapsed time since start: 7116.73 seconds.
Done reranking query 503. Elapsed time since start: 7125.09 seconds.
Done reranking query 504. Elapsed time since start: 7142.17 seconds.
Done reranking query 505. Elapsed time since start: 7162.37 seconds.
Done reranking query 506. Elapsed time since start: 7172.11 seconds.
Done reranking query 507. Elapsed time since start: 7179.72 seconds.
Done reranking query 508. Elapsed time since start: 7200.86 seconds.
Done reranking query 509. Elapsed time since start: 7212.18 seconds.
Done reranking query 510. Elapsed time since start: 7222.61 seconds.
Saved 510 reranked responses to Gemini_text-reranked-75-indices.json
Saved 510 reranked responses to Gemini_structured-reranked-75-indices.json
Done reranking query 511. Elapsed time since start: 7244.48 seconds.
Done reranking query 512. Elapsed time since start: 7254.18 seconds.
Done reranking query 513. Elapsed time since start: 7270.49 seconds.
Done reranking query 514. Elapsed time since start: 7283.78 seconds.
Done reranking query 515. Elapsed time since start: 7292.50 seconds.
Done reranking query 516. Elapsed time since start: 7305.23 seconds.
Done reranking query 517. Elapsed time since start: 7313.77 seconds.
Done reranking query 518. Elapsed time since start: 7320.88 seconds.
Done reranking query 519. Elapsed time since start: 7328.44 seconds.
Done reranking query 520. Elapsed time since start: 7336.69 seconds.
Done reranking query 521. Elapsed time since start: 7352.64 seconds.
Done reranking query 522. Elapsed time since start: 7365.21 seconds.
Done reranking query 523. Elapsed time since start: 7371.71 seconds.
Done reranking query 524. Elapsed time since start: 7385.81 seconds.
Done reranking query 525. Elapsed time since start: 7392.56 seconds.
Saved 525 reranked responses to Gemini_text-reranked-75-indices.json
Saved 525 reranked responses to Gemini_structured-reranked-75-indices.json
Done reranking query 526. Elapsed time since start: 7406.82 seconds.
Done reranking query 527. Elapsed time since start: 7421.19 seconds.
Done reranking query 528. Elapsed time since start: 7437.19 seconds.
Done reranking query 529. Elapsed time since start: 7488.01 seconds.
Done reranking query 530. Elapsed time since start: 7497.76 seconds.
Done reranking query 531. Elapsed time since start: 7513.93 seconds.
Done reranking query 532. Elapsed time since start: 7539.21 seconds.
Done reranking query 533. Elapsed time since start: 7547.94 seconds.
Done reranking query 534. Elapsed time since start: 7564.28 seconds.
Error parsing or validating JSON: Expecting value: line 1 column 1 (char 0)
Failed to parse JSON. Raw response: '<output truncated>'
Done reranking query 535. Elapsed time since start: 7578.95 seconds.
Done reranking query 536. Elapsed time since start: 7586.78 seconds.
Done reranking query 537. Elapsed time since start: 7598.75 seconds.
Done reranking query 538. Elapsed time since start: 7615.01 seconds.
Done reranking query 539. Elapsed time since start: 7628.71 seconds.
Done reranking query 540. Elapsed time since start: 7658.29 seconds.
Saved 540 reranked responses to Gemini_text-reranked-75-indices.json
Saved 540 reranked responses to Gemini_structured-reranked-75-indices.json
Done reranking query 541. Elapsed time since start: 7676.26 seconds.
Done reranking query 542. Elapsed time since start: 7688.41 seconds.
Done reranking query 543. Elapsed time since start: 7700.44 seconds.
Done reranking query 544. Elapsed time since start: 7707.48 seconds.
Done reranking query 545. Elapsed time since start: 7714.55 seconds.
Done reranking query 546. Elapsed time since start: 7722.23 seconds.
Done reranking query 547. Elapsed time since start: 7738.79 seconds.
Done reranking query 548. Elapsed time since start: 7751.42 seconds.
Done reranking query 549. Elapsed time since start: 7758.60 seconds.
Done reranking query 550. Elapsed time since start: 7766.83 seconds.
Done reranking query 551. Elapsed time since start: 7806.40 seconds.
Done reranking query 552. Elapsed time since start: 7814.21 seconds.
Done reranking query 553. Elapsed time since start: 7824.87 seconds.
Done reranking query 554. Elapsed time since start: 7839.75 seconds.
Done reranking query 555. Elapsed time since start: 7849.52 seconds.
Saved 555 reranked responses to Gemini_text-reranked-75-indices.json
Saved 555 reranked responses to Gemini_structured-reranked-75-indices.json
Done reranking query 556. Elapsed time since start: 7856.30 seconds.
Done reranking query 557. Elapsed time since start: 7864.14 seconds.
Done reranking query 558. Elapsed time since start: 7879.19 seconds.
Done reranking query 559. Elapsed time since start: 7893.04 seconds.
Done reranking query 560. Elapsed time since start: 7905.46 seconds.
Done reranking query 561. Elapsed time since start: 7918.49 seconds.
Done reranking query 562. Elapsed time since start: 7928.29 seconds.
Done reranking query 563. Elapsed time since start: 7936.47 seconds.
Done reranking query 564. Elapsed time since start: 7943.70 seconds.
Done reranking query 565. Elapsed time since start: 7950.87 seconds.
Done reranking query 566. Elapsed time since start: 7959.58 seconds.
Done reranking query 567. Elapsed time since start: 7972.99 seconds.
Done reranking query 568. Elapsed time since start: 7988.32 seconds.
Done reranking query 569. Elapsed time since start: 8000.83 seconds.
Done reranking query 570. Elapsed time since start: 8008.33 seconds.
Saved 570 reranked responses to Gemini_text-reranked-75-indices.json
Saved 570 reranked responses to Gemini_structured-reranked-75-indices.json
Done reranking query 571. Elapsed time since start: 8045.49 seconds.
Done reranking query 572. Elapsed time since start: 8062.99 seconds.
Done reranking query 573. Elapsed time since start: 8076.78 seconds.
Done reranking query 574. Elapsed time since start: 8085.22 seconds.
Done reranking query 575. Elapsed time since start: 8098.74 seconds.
Done reranking query 576. Elapsed time since start: 8108.65 seconds.
Done reranking query 577. Elapsed time since start: 8125.43 seconds.
Done reranking query 578. Elapsed time since start: 8161.69 seconds.
Done reranking query 579. Elapsed time since start: 8170.12 seconds.
Done reranking query 580. Elapsed time since start: 8183.29 seconds.
Done reranking query 581. Elapsed time since start: 8196.63 seconds.
Done reranking query 582. Elapsed time since start: 8205.76 seconds.
Error parsing or validating JSON: Expecting value: line 1 column 1 (char 0)
Failed to parse JSON. Raw response: '<output>
```python
[0, 65, 1, 2, 3, 4, 5, 6, 7, 8, 9, 10, 11, 12, 13, 14, 15, 16, 17, 18, 19, 20, 21, 22, 23, 24, 25, 26, 27, 28, 29, 30, 31, 32, 33, 34, 35, 36, 37, 38, 39, 40, 41, 42, 43, 44, 45, 46, 47, 48, 49, 50, 51, 52, 53, 54, 55, 56, 57, 58, 59, 60, 61, 62, 63, 64, 66, 67, 68, 69, 70, 71, 72, 73, 74]
```</output>'
Done reranking query 583. Elapsed time since start: 8213.86 seconds.
Done reranking query 584. Elapsed time since start: 8225.70 seconds.
Done reranking query 585. Elapsed time since start: 8238.90 seconds.
Saved 585 reranked responses to Gemini_text-reranked-75-indices.json
Saved 585 reranked responses to Gemini_structured-reranked-75-indices.json
Done reranking query 586. Elapsed time since start: 8247.57 seconds.
Done reranking query 587. Elapsed time since start: 8264.64 seconds.
Done reranking query 588. Elapsed time since start: 8280.65 seconds.
Done reranking query 589. Elapsed time since start: 8293.52 seconds.
Done reranking query 590. Elapsed time since start: 8311.46 seconds.
Done reranking query 591. Elapsed time since start: 8319.56 seconds.
Done reranking query 592. Elapsed time since start: 8338.76 seconds.
Done reranking query 593. Elapsed time since start: 8350.17 seconds.
Done reranking query 594. Elapsed time since start: 8371.39 seconds.
Done reranking query 595. Elapsed time since start: 8378.66 seconds.
Done reranking query 596. Elapsed time since start: 8386.50 seconds.
Done reranking query 597. Elapsed time since start: 8405.48 seconds.
Done reranking query 598. Elapsed time since start: 8455.49 seconds.
Done reranking query 599. Elapsed time since start: 8469.69 seconds.
Done reranking query 600. Elapsed time since start: 8479.00 seconds.
Saved 600 reranked responses to Gemini_text-reranked-75-indices.json
Saved 600 reranked responses to Gemini_structured-reranked-75-indices.json
Done reranking query 601. Elapsed time since start: 8498.34 seconds.
Done reranking query 602. Elapsed time since start: 8506.32 seconds.
Done reranking query 603. Elapsed time since start: 8515.12 seconds.
Done reranking query 604. Elapsed time since start: 8523.92 seconds.
Done reranking query 605. Elapsed time since start: 8571.16 seconds.
Done reranking query 606. Elapsed time since start: 8581.48 seconds.
Done reranking query 607. Elapsed time since start: 8596.11 seconds.
Done reranking query 608. Elapsed time since start: 8603.73 seconds.
Done reranking query 609. Elapsed time since start: 8611.26 seconds.
Done reranking query 610. Elapsed time since start: 8617.87 seconds.
Done reranking query 611. Elapsed time since start: 8624.76 seconds.
Done reranking query 612. Elapsed time since start: 8632.39 seconds.
Done reranking query 613. Elapsed time since start: 8639.61 seconds.
Done reranking query 614. Elapsed time since start: 8668.85 seconds.
Done reranking query 615. Elapsed time since start: 8676.88 seconds.
Saved 615 reranked responses to Gemini_text-reranked-75-indices.json
Saved 615 reranked responses to Gemini_structured-reranked-75-indices.json
Done reranking query 616. Elapsed time since start: 8708.82 seconds.
Done reranking query 617. Elapsed time since start: 8740.41 seconds.
Done reranking query 618. Elapsed time since start: 8764.28 seconds.
Done reranking query 619. Elapsed time since start: 8783.75 seconds.
Done reranking query 620. Elapsed time since start: 8793.52 seconds.
Done reranking query 621. Elapsed time since start: 8799.53 seconds.
Done reranking query 622. Elapsed time since start: 8849.47 seconds.
Done reranking query 623. Elapsed time since start: 8865.93 seconds.
Done reranking query 624. Elapsed time since start: 8890.19 seconds.
Done reranking query 625. Elapsed time since start: 8898.70 seconds.
Done reranking query 626. Elapsed time since start: 8907.67 seconds.
Done reranking query 627. Elapsed time since start: 8915.33 seconds.
Done reranking query 628. Elapsed time since start: 8942.18 seconds.
Done reranking query 629. Elapsed time since start: 8957.00 seconds.
Done reranking query 630. Elapsed time since start: 8964.13 seconds.
Saved 630 reranked responses to Gemini_text-reranked-75-indices.json
Saved 630 reranked responses to Gemini_structured-reranked-75-indices.json
Done reranking query 631. Elapsed time since start: 8975.09 seconds.
Done reranking query 632. Elapsed time since start: 8999.84 seconds.
Done reranking query 633. Elapsed time since start: 9010.95 seconds.
Done reranking query 634. Elapsed time since start: 9024.96 seconds.
Done reranking query 635. Elapsed time since start: 9034.11 seconds.
Done reranking query 636. Elapsed time since start: 9047.68 seconds.
Done reranking query 637. Elapsed time since start: 9055.52 seconds.
Done reranking query 638. Elapsed time since start: 9070.04 seconds.
Done reranking query 639. Elapsed time since start: 9087.91 seconds.
Done reranking query 640. Elapsed time since start: 9101.91 seconds.
Done reranking query 641. Elapsed time since start: 9110.35 seconds.
Done reranking query 642. Elapsed time since start: 9119.15 seconds.
Done reranking query 643. Elapsed time since start: 9132.70 seconds.
Done reranking query 644. Elapsed time since start: 9147.86 seconds.
Done reranking query 645. Elapsed time since start: 9177.34 seconds.
Saved 645 reranked responses to Gemini_text-reranked-75-indices.json
Saved 645 reranked responses to Gemini_structured-reranked-75-indices.json
Done reranking query 646. Elapsed time since start: 9186.04 seconds.
Done reranking query 647. Elapsed time since start: 9199.50 seconds.
Done reranking query 648. Elapsed time since start: 9219.30 seconds.
Done reranking query 649. Elapsed time since start: 9226.41 seconds.
Done reranking query 650. Elapsed time since start: 9233.78 seconds.
Done reranking query 651. Elapsed time since start: 9247.14 seconds.
Done reranking query 652. Elapsed time since start: 9294.35 seconds.
Done reranking query 653. Elapsed time since start: 9302.46 seconds.
Done reranking query 654. Elapsed time since start: 9311.81 seconds.
Done reranking query 655. Elapsed time since start: 9320.05 seconds.
Done reranking query 656. Elapsed time since start: 9327.70 seconds.
Done reranking query 657. Elapsed time since start: 9335.04 seconds.
Done reranking query 658. Elapsed time since start: 9341.28 seconds.
Done reranking query 659. Elapsed time since start: 9360.27 seconds.
Done reranking query 660. Elapsed time since start: 9371.62 seconds.
Saved 660 reranked responses to Gemini_text-reranked-75-indices.json
Saved 660 reranked responses to Gemini_structured-reranked-75-indices.json
Done reranking query 661. Elapsed time since start: 9416.39 seconds.
Done reranking query 662. Elapsed time since start: 9423.97 seconds.
Done reranking query 663. Elapsed time since start: 9448.82 seconds.
Done reranking query 664. Elapsed time since start: 9466.87 seconds.
Done reranking query 665. Elapsed time since start: 9474.19 seconds.
Done reranking query 666. Elapsed time since start: 9492.87 seconds.
Done reranking query 667. Elapsed time since start: 9511.23 seconds.
Done reranking query 668. Elapsed time since start: 9524.12 seconds.
Done reranking query 669. Elapsed time since start: 9531.96 seconds.
Done reranking query 670. Elapsed time since start: 9545.34 seconds.
Done reranking query 671. Elapsed time since start: 9560.86 seconds.
Done reranking query 672. Elapsed time since start: 9571.16 seconds.
Done reranking query 673. Elapsed time since start: 9580.33 seconds.
Done reranking query 674. Elapsed time since start: 9593.14 seconds.
Done reranking query 675. Elapsed time since start: 9606.22 seconds.
Saved 675 reranked responses to Gemini_text-reranked-75-indices.json
Saved 675 reranked responses to Gemini_structured-reranked-75-indices.json
Done reranking query 676. Elapsed time since start: 9613.91 seconds.
Done reranking query 677. Elapsed time since start: 9632.00 seconds.
Done reranking query 678. Elapsed time since start: 9640.07 seconds.
Done reranking query 679. Elapsed time since start: 9657.58 seconds.
Error parsing or validating JSON: Expecting value: line 1 column 1 (char 0)
Failed to parse JSON. Raw response: '```python
[11, 46, 55, 56, 0, 16, 18, 12, 10, 1, 29, 40, 2, 3, 4, 5, 6, 7, 13, 14, 15, 17, 19, 20, 21, 22, 23, 24, 25, 26, 27, 28, 30, 31, 32, 33, 34, 35, 36, 37, 38, 39, 41, 42, 43, 44, 45, 47, 48, 49, 50, 53, 54, 57, 58, 59, 60, 63, 64, 67, 68, 69, 70, 71, 72, 73, 74, 8, 9, 3, 3, 3, 3, 3, 3, 3, 3, 3, 3, 3, 3, 3, 3, 3, 3, 3, 3, 3, 3, 3, 3, 3, 3, 3, 3, 3, 3, 3, 3, 3, 3, 3, 3, 3, 3, 3, 3, 3, 3, 3, 3, 3, 3, 3, 3, 3, 3, 3, 3, 3, 3, 3, 3, 3, 3, 3, 3, 3, 3, 3, 3, 3, 3, 3, 3, 3, 3, 3, 3, 3, 3, 3, 3, 3, 3, 3, 3, 3, 3, 3, 3, 3, 3, 3, 3, 3, 3, 3, 3, 3, 3, 3, 3, 3, 3, 3, 3, 3, 3, 3, 3, 3, 3, 3, 3, 3, 3, 3, 3, 3, 3, 3, 3, 3, 3, 3, 3, 3, 3, 3, 3, 3, 3, 3, 3, 3, 3, 3, 3, 3, 3, 3, 3, 3, 3, 3, 3, 3, 3, 3, 3, 3, 3, 3, 3, 3, 3, 3, 3, 3, 3, 3, 3, 3, 3, 3, 3, 3, 3, 3, 3, 3, 3, 3, 3, 3, 3, 3, 3, 3, 3, 3, 3, 3, 3, 3, 3, 3, 3, 3, 3, 3, 3, 3, 3, 3, 3, 3, 3, 3, 3, 3, 3, 3, 3, 3, 3, 3, 3, 3, 3, 3, 3, 3, 3, 3, 3, 3, 3, 3, 3, 3, 3, 3, 3, 3, 3, 3, 3, 3, 3, 3, 3, 3, 3, 3, 3, 3, 3, 3, 3, 3, 3, 3, 3, 3, 3, 3, 3, 3, 3, 3, 3, 3, 3, 3, 3, 3, 3, 3, 3, 3, 3, 3, 3, 3, 3, 3, 3, 3, 3, 3, 3, 3, 3, 3, 3, 3, 3, 3, 3, 3, 3, 3, 3, 3, 3, 3, 3, 3, 3, 3, 3, 3, 3, 3, 3, 3, 3, 3, 3, 3, 3, 3, 3, 3, 3, 3, 3, 3, 3, 3, 3, 3, 3, 3, 3, 3, 3, 3, 3, 3, 3, 3, 3, 3, 3, 3, 3, 3, 3, 3, 3, 3, 3, 3, 3, 3, 3, 3, 3, 3, 3, 3, 3, 3, 3, 3, 3, 3, 3, 3, 3, 3, 3, 3, 3, 3, 3, 3, 3, 3, 3, 3, 3, 3, 3, 3, 3, 3, 3, 3, 3, 3, 3, 3, 3, 3, 3, 3, 3, 3, 3, 3, 3, 3, 3, 3, 3, 3, 3, 3, 3, 3, 3, 3, 3, 3, 3, 3, 3, 3, 3, 3, 3, 3, 3, 3, 3, 3, 3, 3, 3, 3, 3, 3, 3, 3, 3, 3, 3, 3, 3, 3, 3, 3, 3, 3, 3, 3, 3, 3, 3, 3, 3, 3, 3, 3, 3, 3, 3, 3, 3, 3, 3, 3, 3, 3, 3, 3, 3, 3, 3, 3, 3, 3, 3, 3, 3, 3, 3, 3, 3, 3, 3, 3, 3, 3, 3, 3, 3, 3, 3, 3, 3, 3, 3, 3, 3, 3, 3, 3, 3, 3, 3, 3, 3, 3, 3, 3, 3, 3, 3, 3, 3, 3, 3, 3, 3, 3, 3, 3, 3, 3, 3, 3, 3, 3, 3, 3, 3, 3, 3, 3, 3, 3, 3, 3, 3, 3, 3, 3, 3, 3, 3, 3, 3, 3, 3, 3, 3, 3, 3, 3, 3, 3, 3, 3, 3, 3, 3, 3, 3, 3, 3, 3, 3, 3, 3, 3, 3, 3, 3, 3, 3, 3, 3, 3, 3, 3, 3, 3, 3, 3, 3, 3, 3, 3, 3, 3, 3, 3, 3, 3, 3, 3, 3, 3, 3, 3, 3, 3, 3, 3, 3, 3, 3, 3, 3, 3, 3, 3, 3, 3, 3, 3, 3, 3, 3, 3, 3, 3, 3, 3, 3, 3, 3, 3, 3, 3, 3, 3, 3, 3, 3, 3, 3, 3, 3, 3, 3, 3, 3, 3, 3, 3, 3, 3, 3, 3, 3, 3, 3, 3, 3, 3, 3, 3, 3, 3, 3, 3, 3, 3, 3, 3, 3, 3, 3, 3, 3, 3, 3, 3, 3, 3, 3, 3, 3, 3, 3, 3, 3, 3, 3, 3, 3, 3, 3, 3, 3, 3, 3, 3, 3, 3, 3, 3, 3, 3, 3, 3, 3, 3, 3, 3, 3, 3, 3, 3, 3, 3, 3, 3, 3, 3, 3, 3, 3, 3, 3, 3, 3, 3, 3, 3, 3, 3, 3, 3, 3, 3, 3, 3, 3, 3, 3, 3, 3, 3, 3, 3, 3, 3, 3, 3, 3, 3, 3, 3, 3, 3, 3, 3, 3, 3, 3, 3, 3, 3, 3, 3, 3, 3, 3, 3, 3, 3, 3, 3, 3, 3, 3, 3, 3, 3, 3, 3, 3, 3, 3, 3, 3, 3, 3, 3, 3, 3, 3, 3, 3, 3, 3, 3, 3, 3, 3, 3, 3, 3, 3, 3, 3, 3, 3, 3, 3, 3, 3, 3, 3, 3, 3, 3, 3, 3, 3, 3, 3, 3, 3, 3, 3, 3, 3, 3, 3, 3, 3, 3, 3, 3, 3, 3, 3, 3, 3, 3, 3, 3, 3, 3, 3, 3, 3, 3, 3, 3, 3, 3, 3, 3, 3, 3, 3, 3, 3, 3, 3, 3, 3, 3, 3, 3, 3, 3, 3, 3, 3, 3, 3, 3, 3, 3, 3, 3, 3, 3, 3, 3, 3, 3, 3, 3, 3, 3, 3, 3, 3, 3, 3, 3, 3, 3, 3, 3, 3, 3, 3, 3, 3, 3, 3, 3, 3, 3, 3, 3, 3, 3, 3, 3, 3, 3, 3, 3, 3, 3, 3, 3, 3, 3, 3, 3, 3, 3, 3, 3, 3, 3, 3, 3, 3, 3, 3, 3, 3, 3, 3, 3, 3, 3, 3, 3, 3, 3, 3, 3, 3, 3, 3, 3, 3, 3, 3, 3, 3, 3, 3, 3, 3, 3, 3, 3, 3, 3, 3, 3, 3, 3, 3, 3, 3, 3, 3, 3, 3, 3, 3, 3, 3, 3, 3, 3, 3, 3, 3, 3, 3, 3, 3, 3, 3, 3, 3, 3, 3, 3, 3, 3, 3, 3, 3, 3, 3, 3, 3, 3, 3, 3, 3, 3, 3, 3, 3, 3, 3, 3, 3, 3, 3, 3, 3, 3, 3, 3, 3, 3, 3, 3, 3, 3, 3, 3, 3, 3, 3, 3, 3, 3, 3, 3, 3, 3, 3, 3, 3, 3, 3, 3, 3, 3, 3, 3, 3, 3, 3, 3, 3, 3, 3, 3, 3, 3, 3, 3, 3, 3, 3, 3, 3, 3, 3, 3, 3, 3, 3, 3, 3, 3, 3, 3, 3, 3, 3, 3, 3, 3, 3, 3, 3, 3, 3, 3, 3, 3, 3, 3, 3, 3, 3, 3, 3, 3, 3, 3, 3, 3, 3, 3, 3, 3, 3, 3, 3, 3, 3, 3, 3, 3, 3, 3, 3, 3, 3, 3, 3, 3, 3, 3, 3, 3, 3, 3, 3, 3, 3, 3, 3, 3, 3, 3, 3, 3, 3, 3, 3, 3, 3, 3, 3, 3, 3, 3, 3, 3, 3, 3, 3, 3, 3, 3, 3, 3, 3, 3, 3, 3, 3, 3, 3, 3, 3, 3, 3, 3, 3, 3, 3, 3, 3, 3, 3, 3, 3, 3, 3, 3, 3, 3, 3, 3, 3, 3, 3, 3, 3, 3, 3, 3, 3, 3, 3, 3, 3, 3, 3, 3, 3, 3, 3, 3, 3, 3, 3, 3, 3, 3, 3, 3, 3, 3, 3, 3, 3, 3, 3, 3, 3, 3, 3, 3, 3, 3, 3, 3, 3, 3, 3, 3, 3, 3, 3, 3, 3, 3, 3, 3, 3, 3, 3, 3, 3, 3, 3, 3, 3, 3, 3, 3, 3, 3, 3, 3, 3, 3, 3, 3, 3, 3, 3, 3, 3, 3, 3, 3, 3, 3, 3, 3, 3, 3, 3, 3, 3, 3, 3, 3, 3, 3, 3, 3, 3, 3, 3, 3, 3, 3, 3, 3, 3, 3, 3, 3, 3, 3, 3, 3, 3, 3, 3, 3, 3, 3, 3, 3, 3, 3, 3, 3, 3, 3, 3, 3, 3, 3, 3, 3, 3, 3, 3, 3, 3, 3, 3, 3, 3, 3, 3, 3, 3, 3, 3, 3, 3, 3, 3, 3, 3, 3, 3, 3, 3, 3, 3, 3, 3, 3, 3, 3, 3, 3, 3, 3, 3, 3, 3, 3, 3, 3, 3, 3, 3, 3, 3, 3, 3, 3, 3, 3, 3, 3, 3, 3, 3, 3, 3, 3, 3, 3, 3, 3, 3, 3, 3, 3, 3, 3, 3, 3, 3, 3, 3, 3, 3, 3, 3, 3, 3, 3, 3, 3, 3, 3, 3, 3, 3, 3, 3, 3, 3, 3, 3, 3, 3, 3, 3, 3, 3, 3, 3, 3, 3, 3, 3, 3, 3, 3, 3, 3, 3, 3, 3, 3, 3, 3, 3, 3, 3, 3, 3, 3, 3, 3, 3, 3, 3, 3, 3, 3, 3, 3, 3, 3, 3, 3, 3, 3, 3, 3, 3, 3, 3, 3, 3, 3, 3, 3, 3, 3, 3, 3, 3, 3, 3, 3, 3, 3, 3, 3, 3, 3, 3, 3, 3, 3, 3, 3, 3, 3, 3, 3, 3, 3, 3, 3, 3, 3, 3, 3, 3, 3, 3, 3, 3, 3, 3, 3, 3, 3, 3, 3, 3, 3, 3, 3, 3, 3, 3, 3, 3, 3, 3, 3, 3, 3, 3, 3, 3, 3, 3, 3, 3, 3, 3, 3, 3, 3, 3, 3, 3, 3, 3, 3, 3, 3, 3, 3, 3, 3, 3, 3, 3, 3, 3, 3, 3, 3, 3, 3, 3, 3, 3, 3, 3, 3, 3, 3, 3, 3, 3, 3, 3, 3, 3, 3, 3, 3, 3, 3, 3, 3, 3, 3, 3, 3, 3, 3, 3, 3, 3, 3, 3, 3, 3, 3, 3, 3, 3, 3, 3, 3, 3, 3, 3, 3, 3, 3, 3, 3, 3, 3, 3, 3, 3, 3, 3, 3, 3, 3, 3, 3, 3, 3, 3, 3, 3, 3, 3, 3, 3, 3, 3, 3, 3, 3, 3, 3, 3, 3, 3, 3, 3, 3, 3, 3, 3, 3, 3, 3, 3, 3, 3, 3, 3, 3, 3, 3, 3, 3, 3, 3, 3, 3, 3, 3, 3, 3, 3, 3, 3, 3, 3, 3, 3, 3, 3, 3, 3, 3, 3, 3, 3, 3, 3, 3, 3, 3, 3, 3, 3, 3, 3, 3, 3, 3, 3, 3, 3, 3, 3, 3, 3, 3, 3, 3, 3, 3, 3, 3, 3, 3, 3, 3, 3, 3, 3, 3, 3, 3, 3, 3, 3, 3, 3, 3, 3, 3, 3, 3, 3, 3, 3, 3, 3, 3, 3, 3, 3, 3, 3, 3, 3, 3, 3, 3, 3, 3, 3, 3, 3, 3, 3, 3, 3, 3, 3, 3, 3, 3, 3, 3, 3, 3, 3, 3, 3, 3, 3, 3, 3, 3, 3, 3, 3, 3, 3, 3, 3, 3, 3, 3, 3, 3, 3, 3, 3, 3, 3, 3, 3, 3, 3, 3, 3, 3, 3, 3, 3, 3, 3, 3, 3, 3, 3, 3, 3, 3, 3, 3, 3, 3, 3, 3, 3, 3, 3, 3, 3, 3, 3, 3, 3, 3, 3, 3, 3, 3, 3, 3, 3, 3, 3, 3, 3, 3, 3, 3, 3, 3, 3, 3, 3, 3, 3, 3, 3, 3, 3, 3, 3, 3, 3, 3, 3, 3, 3, 3, 3, 3, 3, 3, 3, 3, 3, 3, 3, 3, 3, 3, 3, 3, 3, 3, 3, 3, 3, 3, 3, 3, 3, 3, 3, 3, 3, 3, 3, 3, 3, 3, 3, 3, 3, 3, 3, 3, 3, 3, 3, 3, 3, 3, 3, 3, 3, 3, 3, 3, 3, 3, 3, 3, 3, 3, 3, 3, 3, 3, 3, 3, 3, 3, 3, 3, 3, 3, 3, 3, 3, 3, 3, 3, 3, 3, 3, 3, 3, 3, 3, 3, 3, 3, 3, 3, 3, 3, 3, 3, 3, 3, 3, 3, 3, 3, 3, 3, 3, 3, 3, 3, 3, 3, 3, 3, 3, 3, 3, 3, 3, 3, 3, 3, 3, 3, 3, 3, 3, 3, 3, 3, 3, 3, 3, 3, 3, 3, 3, 3, 3, 3, 3, 3, 3, 3, 3, 3, 3, 3, 3, 3, 3, 3, 3, 3, 3, 3, 3, 3, 3, 3, 3, 3, 3, 3, 3, 3, 3, 3, 3, 3, 3, 3, 3, 3, 3, 3, 3, 3, 3, 3, 3, 3, 3, 3, 3, 3, 3, 3, 3, 3, 3, 3, 3, 3, 3, 3, 3, 3, 3, 3, 3, 3, 3, 3, 3, 3, 3, 3, 3, 3, 3, 3, 3, 3, 3, 3, 3, 3, 3, 3, 3, 3, 3, 3, 3, 3, 3, 3, 3, 3, 3, 3, 3, 3, 3, 3, 3, 3, 3, 3, 3, 3, 3, 3, 3, 3, 3, 3, 3, 3, 3, 3, 3, 3, 3, 3, 3, 3, 3, 3, 3, 3, 3, 3, 3, 3, 3, 3, 3, 3, 3, 3, 3, 3, 3, 3, 3, 3, 3, 3, 3, 3, 3, 3, 3, 3, 3, 3, 3, 3, 3, 3, 3, 3, 3, 3, 3, 3, 3, 3, 3, 3, 3, 3, 3, 3, 3, 3, 3, 3, 3, 3, 3, 3, 3, 3, 3, 3, 3, 3, 3, 3, 3, 3, 3, 3, 3, 3, 3, 3, 3, 3, 3, 3, 3, 3, 3, 3, 3, 3, 3, 3, 3, 3, 3, 3, 3, 3, 3, 3, 3, 3, 3, 3, 3, 3, 3, 3, 3, 3, 3, 3, 3, 3, 3, 3, 3, 3, 3, 3, 3, 3, 3, 3, 3, 3, 3, 3, 3, 3, 3, 3, 3, 3, 3, 3, 3, 3, 3, 3, 3, 3, 3, 3, 3, 3, 3, 3, 3, 3, 3, 3, 3, 3, 3, 3, 3, 3, 3, 3, 3, 3, 3, 3, 3, 3, 3, 3, 3, 3, 3, 3, 3, 3, 3, 3, 3, 3, 3, 3, 3, 3, 3, 3, 3, 3, 3, 3, 3, 3, 3, 3, 3, 3, 3, 3, 3, 3, 3, 3, 3, 3, 3, 3, 3, 3, 3, 3, 3, 3, 3, 3, 3, 3, 3, 3, 3, 3, 3, 3, 3, 3, 3, 3, 3, 3, 3, 3, 3, 3, 3, 3, 3, 3, 3, 3, 3, 3, 3, 3, 3, 3, 3, 3, 3, 3, 3, 3, 3, 3, 3, 3, 3, 3, 3, 3, 3, 3, 3, 3, 3, 3, 3, 3, 3, 3, 3, 3, 3, 3, 3, 3, 3, 3, 3, 3, 3, 3, 3, 3, 3, 3, 3, 3, 3, 3, 3, 3, 3, 3, 3, 3, 3, 3, 3, 3, 3, 3, 3, 3, 3, 3, 3, 3, 3, 3, 3, 3, 3, 3, 3, 3, 3, 3, 3, 3, 3, 3, 3, 3, 3, 3, 3, 3, 3, 3, 3, 3, 3, 3, 3, 3, 3, 3, 3, 3, 3, 3, 3, 3, 3, 3, 3, 3, 3, 3, 3, 3, 3, 3, 3, 3, 3, 3, 3, 3, 3, 3, 3, 3, 3, 3, 3, 3, 3, 3, 3, 3, 3, 3, 3, 3, 3, 3, 3, 3, 3, 3, 3, 3, 3, 3, 3, 3, 3, 3, 3, 3, 3, 3, 3, 3, 3, 3, 3, 3, 3, 3, 3, 3, 3, 3, 3, 3, 3, 3, 3, 3, 3, 3, 3, 3, 3, 3, 3, 3, 3, 3, 3, 3, 3, 3, 3, 3, 3, 3, 3, 3, 3, 3, 3, 3, 3, 3, 3, 3, 3, 3, 3, 3, 3, 3, 3, 3, 3, 3, 3, 3, 3, 3, 3, 3, 3, 3, 3, 3, 3, 3, 3, 3, 3, 3, 3, 3, 3, 3, 3, 3, 3, 3, 3, 3, 3, 3, 3, 3, 3, 3, 3, 3, 3, 3, 3, 3, 3, 3, 3, 3, 3, 3, 3, 3, 3, 3, 3, 3, 3, 3, 3, 3, 3, 3, 3, 3, 3, 3, 3, 3, 3, 3, 3, 3, 3, 3, 3, 3, 3, 3, 3, 3, 3, 3, 3, 3, 3, 3, 3, 3, 3, 3, 3, 3, 3, 3, 3, 3, 3, 3, 3, 3, 3, 3, 3, 3, 3, 3, 3, 3, 3, 3, 3, 3, 3, 3, 3, 3, 3, 3, 3, 3, 3, 3, 3, 3, 3, 3, 3, 3, 3, 3, 3, 3, 3, 3, 3, 3, 3, 3, 3, 3, 3, 3, 3, 3, 3, 3, 3, 3, 3, 3, 3, 3, 3, 3, 3, 3, 3, 3, 3, 3, 3, 3, 3, 3, 3, 3, 3, 3, 3, 3, 3, 3, 3, 3, 3, 3, 3, 3, 3, 3, 3, 3, 3, 3, 3, 3, 3, 3, 3, 3, 3, 3, 3, 3, 3, 3, 3, 3, 3, 3, 3, 3, 3, 3, 3, 3, 3, 3, 3, 3, 3, 3, 3, 3, 3, 3, 3, 3, 3, 3, 3, 3, 3, 3, 3, 3, 3, 3, 3, 3, 3, 3, 3, 3, 3, 3, 3, 3, 3, 3, 3, 3, 3, 3, 3, 3, 3, 3, 3, 3, 3, 3, 3, 3, 3, 3, 3, 3, 3, 3, 3, 3, 3, 3, 3, 3, 3, 3, 3, 3, 3, 3, 3, 3, 3, 3, 3, 3, 3, 3, 3, 3, 3, 3, 3, 3, 3, 3, 3, 3, 3, 3, 3, 3, 3, 3, 3, 3, 3, 3, 3, 3, 3, 3, 3, 3, 3, 3, 3, 3, 3, 3, 3, 3, 3, 3, 3, 3, 3, 3, 3, 3, 3, 3, 3, 3, 3, 3, 3, 3, 3, 3, 3, 3, 3, 3, 3, 3, 3, 3, 3, 3, 3, 3, 3, 3, 3, 3, 3, 3, 3, 3, 3, 3, 3, 3, 3, 3, 3, 3, 3, 3, 3, 3, 3, 3, 3, 3, 3, 3, 3, 3, 3, 3, 3, 3, 3, 3, 3, 3, 3, 3, 3, 3, 3, 3, 3, 3, 3, 3, 3, 3, 3, 3, 3, 3, 3, 3, 3, 3, 3, 3, 3, 3, 3, 3, 3, 3, 3, 3, 3, 3, 3, 3, 3, 3, 3, 3, 3, 3, 3, 3, 3, 3, 3, 3, 3, 3, 3, 3, 3, 3, 3, 3, 3, 3, 3, 3, 3, 3, 3, 3, 3, 3, 3, 3, 3, 3, 3, 3, 3, 3, 3, 3, 3, 3, 3, 3, 3, 3, 3, 3, 3, 3, 3, 3, 3, 3, 3, 3, 3, 3, 3, 3, 3, 3, 3, 3, 3, 3, 3, 3, 3, 3, 3, 3, 3, 3, 3, 3, 3, 3, 3, 3, 3, 3, 3, 3, 3, 3, 3, 3, 3, 3, 3, 3, 3, 3, 3, 3, 3, 3, 3, 3, 3, 3, 3, 3, 3, 3, 3, 3, 3, 3, 3, 3, 3, 3, 3, 3, 3, 3, 3, 3, 3, 3, 3, 3, 3, 3, 3, 3, 3, 3, 3, 3, 3, 3, 3, 3, 3, 3, 3, 3, 3, 3, 3, 3, 3, 3, 3, 3, 3, 3, 3, 3, 3, 3, 3, 3, 3, 3, 3, 3, 3, 3, 3, 3, 3, 3, 3, 3, 3, 3, 3, 3, 3, 3, 3, 3, 3, 3, 3, 3, 3, 3, 3, 3, 3, 3, 3, 3, 3, 3, 3, 3, 3, 3, 3, 3, 3, 3, 3, 3, 3, 3, 3, 3, 3, 3, 3, 3, 3, 3, 3, 3, 3, 3, 3, 3, 3, 3, 3, 3, 3, 3, 3, 3, 3, 3, 3, 3, 3, 3, 3, 3, 3, 3, 3, 3, 3, 3, 3, 3, 3, 3, 3, 3, 3, 3, 3, 3, 3, 3, 3, 3, 3, 3, 3, 3, 3, 3, 3, 3, 3, 3, 3, 3, 3, 3, 3, 3, 3, 3, 3, 3, 3, 3, 3, 3, 3, 3, 3, 3, 3, 3, 3, 3, 3, 3, 3, 3, 3, 3, 3, 3, 3, 3, 3, 3, 3, 3, 3, 3, 3, 3, 3, 3, 3, 3, 3, 3, 3, 3, 3, 3, 3, 3, 3, 3, 3, 3, 3, 3, 3, 3, 3, 3, 3, 3, 3, 3, 3, 3, 3, 3, 3, 3, 3, 3, 3, 3, 3, 3, 3, 3, 3, 3, 3, 3, 3, 3, 3, 3, 3, 3, 3, 3, 3, 3, 3, 3, 3, 3, 3, 3, 3, 3, 3, 3, 3, 3, 3, 3, 3, 3, 3, 3, 3, 3, 3, 3, 3, 3, 3, 3, 3, 3, 3, 3, 3, 3, 3, 3, 3, 3, 3, 3, 3, 3, 3, 3, 3, 3, 3, 3, 3, 3, 3, 3, 3, 3, 3, 3, 3, 3, 3, 3, 3, 3, 3, 3, 3, 3, 3, 3, 3, 3, 3, 3, 3, 3, 3, 3, 3, 3, 3, 3, 3, 3, 3, 3, 3, 3, 3, 3, 3, 3, 3, 3, 3, 3, 3, 3, 3, 3, 3, 3, 3, 3, 3, 3, 3, 3, 3, 3, 3, 3, 3, 3, 3, 3, 3, 3, 3, 3, 3, 3, 3, 3, 3, 3, 3, 3, 3, 3, 3, 3, 3, 3, 3, 3, 3, 3, 3, 3, 3, 3, 3, 3, 3, 3, 3, 3, 3, 3, 3, 3, 3, 3, 3, 3, 3, 3, 3, 3, 3, 3, 3, 3, 3, 3, 3, 3, 3, 3, 3, 3, 3, 3, 3, 3, 3, 3, 3, 3, 3, 3, 3, 3, 3, 3, 3, 3, 3, 3, 3, 3, 3, 3, 3, 3, 3, 3, 3, 3, 3, 3, 3, 3, 3, 3, 3, 3, 3, 3, 3, 3, 3, 3, 3, 3, 3, 3, 3, 3, 3, 3, 3, 3, 3, 3, 3, 3, 3, 3, 3, 3, 3, 3, 3, 3, 3, 3, 3, 3, 3, 3, 3, 3, 3, 3, 3, 3, 3, 3, 3, 3, 3, 3, 3, 3, 3, 3, 3, 3, 3, 3, 3, 3, 3, 3, 3, 3, 3, 3, 3, 3, 3, 3, 3, 3, 3, 3, 3, 3, 3, 3, 3, 3, 3, 3, 3, 3, 3, 3, 3, 3, 3, 3, 3, 3, 3, 3, 3, 3, 3, 3, 3, 3, 3, 3, 3, 3, 3, 3, 3, 3, 3, 3, 3, 3, 3, 3, 3, 3, 3, 3, 3, 3, 3, 3, 3, 3, 3, 3, 3, 3, 3, 3, 3, 3, 3, 3, 3, 3, 3, 3, 3, 3, 3, 3, 3, 3, 3, 3, 3, 3, 3, 3, 3, 3, 3, 3, 3, 3, 3, 3, 3, 3, 3, 3, 3, 3, 3, 3, 3, 3, 3, 3, 3, 3, 3, 3, 3, 3, 3, 3, 3, 3, 3, 3, 3, 3, 3, 3, 3, 3, 3, 3, 3, 3, 3, 3, 3, 3, 3, 3, 3, 3, 3, 3, 3, 3, 3, 3, 3, 3, 3, 3, 3, 3, 3, 3, 3, 3, 3, 3, 3, 3, 3, 3, 3, 3, 3, 3, 3, 3, 3, 3, 3, 3, 3, 3, 3, 3, 3, 3, 3, 3, 3, 3, 3, 3, 3, 3, 3, 3, 3, 3, 3, 3, 3, 3, 3, 3, 3, 3, 3, 3, 3, 3, 3, 3, 3, 3, 3, 3, 3, 3, 3, 3, 3, 3, 3, 3, 3, 3, 3, 3, 3, 3, 3, 3, 3, 3, 3, 3, 3, 3, 3, 3, 3, 3, 3, 3, 3, 3, 3, 3, 3, 3, 3, 3, 3, 3, 3, 3, 3, 3, 3, 3, 3, 3, 3, 3, 3, 3, 3, 3, 3, 3, 3, 3, 3, 3, 3, 3, 3, 3, 3, 3, 3, 3, 3, 3, 3, 3, 3, 3, 3, 3, 3, 3, 3, 3, 3, 3, 3, 3, 3, 3, 3, 3, 3, 3, 3, 3, 3, 3, 3, 3, 3, 3, 3, 3, 3, 3, 3, 3, 3, 3, 3, 3, 3, 3, 3, 3, 3, 3, 3, 3, 3, 3, 3, 3, 3, 3, 3, 3, 3, 3, 3, 3, 3, 3, 3, 3, 3, 3, 3, 3, 3, 3, 3, 3, 3, 3, 3, 3, 3, 3, 3, 3, 3, 3, 3, '
Done reranking query 680. Elapsed time since start: 9709.47 seconds.
Done reranking query 681. Elapsed time since start: 9719.48 seconds.
Done reranking query 682. Elapsed time since start: 9734.57 seconds.
Done reranking query 683. Elapsed time since start: 9741.84 seconds.
Done reranking query 684. Elapsed time since start: 9753.97 seconds.
Done reranking query 685. Elapsed time since start: 9771.15 seconds.
Done reranking query 686. Elapsed time since start: 9788.79 seconds.
Done reranking query 687. Elapsed time since start: 9795.78 seconds.
Done reranking query 688. Elapsed time since start: 9810.10 seconds.
Done reranking query 689. Elapsed time since start: 9826.29 seconds.
Done reranking query 690. Elapsed time since start: 9850.98 seconds.
Saved 690 reranked responses to Gemini_text-reranked-75-indices.json
Saved 690 reranked responses to Gemini_structured-reranked-75-indices.json
Done reranking query 691. Elapsed time since start: 9858.55 seconds.
Done reranking query 692. Elapsed time since start: 9873.54 seconds.
Done reranking query 693. Elapsed time since start: 9888.92 seconds.
Done reranking query 694. Elapsed time since start: 9900.29 seconds.
Done reranking query 695. Elapsed time since start: 9908.03 seconds.
Done reranking query 696. Elapsed time since start: 9914.18 seconds.
Done reranking query 697. Elapsed time since start: 9921.06 seconds.
Done reranking query 698. Elapsed time since start: 9929.94 seconds.
Done reranking query 699. Elapsed time since start: 9944.74 seconds.
Done reranking query 700. Elapsed time since start: 9954.05 seconds.
Done reranking query 701. Elapsed time since start: 9961.51 seconds.
Done reranking query 702. Elapsed time since start: 9972.85 seconds.
Done reranking query 703. Elapsed time since start: 9981.25 seconds.
Done reranking query 704. Elapsed time since start: 10004.24 seconds.
Done reranking query 705. Elapsed time since start: 10020.22 seconds.
Saved 705 reranked responses to Gemini_text-reranked-75-indices.json
Saved 705 reranked responses to Gemini_structured-reranked-75-indices.json
Done reranking query 706. Elapsed time since start: 10032.89 seconds.
Done reranking query 707. Elapsed time since start: 10040.87 seconds.
Done reranking query 708. Elapsed time since start: 10050.40 seconds.
Done reranking query 709. Elapsed time since start: 10057.62 seconds.
Done reranking query 710. Elapsed time since start: 10066.44 seconds.
Done reranking query 711. Elapsed time since start: 10074.99 seconds.
Done reranking query 712. Elapsed time since start: 10089.82 seconds.
Done reranking query 713. Elapsed time since start: 10107.69 seconds.
Done reranking query 714. Elapsed time since start: 10115.52 seconds.
Done reranking query 715. Elapsed time since start: 10123.14 seconds.
Done reranking query 716. Elapsed time since start: 10135.29 seconds.
Done reranking query 717. Elapsed time since start: 10144.19 seconds.
Done reranking query 718. Elapsed time since start: 10163.13 seconds.
Done reranking query 719. Elapsed time since start: 10178.47 seconds.
Done reranking query 720. Elapsed time since start: 10200.46 seconds.
Saved 720 reranked responses to Gemini_text-reranked-75-indices.json
Saved 720 reranked responses to Gemini_structured-reranked-75-indices.json
Done reranking query 721. Elapsed time since start: 10209.62 seconds.
Done reranking query 722. Elapsed time since start: 10217.09 seconds.
Done reranking query 723. Elapsed time since start: 10231.31 seconds.
Done reranking query 724. Elapsed time since start: 10265.82 seconds.
Done reranking query 725. Elapsed time since start: 10272.41 seconds.
Done reranking query 726. Elapsed time since start: 10280.61 seconds.
Done reranking query 727. Elapsed time since start: 10288.65 seconds.
Done reranking query 728. Elapsed time since start: 10296.21 seconds.
Done reranking query 729. Elapsed time since start: 10307.09 seconds.
Done reranking query 730. Elapsed time since start: 10324.46 seconds.
Done reranking query 731. Elapsed time since start: 10332.57 seconds.
Done reranking query 732. Elapsed time since start: 10346.90 seconds.
Done reranking query 733. Elapsed time since start: 10354.04 seconds.
Done reranking query 734. Elapsed time since start: 10373.66 seconds.
Done reranking query 735. Elapsed time since start: 10384.88 seconds.
Saved 735 reranked responses to Gemini_text-reranked-75-indices.json
Saved 735 reranked responses to Gemini_structured-reranked-75-indices.json
Done reranking query 736. Elapsed time since start: 10392.71 seconds.
Done reranking query 737. Elapsed time since start: 10403.30 seconds.
Done reranking query 738. Elapsed time since start: 10419.75 seconds.
Done reranking query 739. Elapsed time since start: 10431.93 seconds.
Done reranking query 740. Elapsed time since start: 10439.92 seconds.
Done reranking query 741. Elapsed time since start: 10464.79 seconds.
Done reranking query 742. Elapsed time since start: 10471.61 seconds.
Done reranking query 743. Elapsed time since start: 10486.40 seconds.
Done reranking query 744. Elapsed time since start: 10493.72 seconds.
Done reranking query 745. Elapsed time since start: 10507.66 seconds.
Done reranking query 746. Elapsed time since start: 10514.85 seconds.
Done reranking query 747. Elapsed time since start: 10547.52 seconds.
Done reranking query 748. Elapsed time since start: 10562.04 seconds.
Done reranking query 749. Elapsed time since start: 10578.37 seconds.
Done reranking query 750. Elapsed time since start: 10596.26 seconds.
Saved 750 reranked responses to Gemini_text-reranked-75-indices.json
Saved 750 reranked responses to Gemini_structured-reranked-75-indices.json
Done reranking query 751. Elapsed time since start: 10606.86 seconds.
Done reranking query 752. Elapsed time since start: 10624.07 seconds.
Done reranking query 753. Elapsed time since start: 10634.58 seconds.
Done reranking query 754. Elapsed time since start: 10652.25 seconds.
Done reranking query 755. Elapsed time since start: 10659.10 seconds.
Done reranking query 756. Elapsed time since start: 10665.19 seconds.
Done reranking query 757. Elapsed time since start: 10675.38 seconds.
Done reranking query 758. Elapsed time since start: 10682.95 seconds.
Done reranking query 759. Elapsed time since start: 10704.22 seconds.
Done reranking query 760. Elapsed time since start: 10715.04 seconds.
Done reranking query 761. Elapsed time since start: 10724.77 seconds.
Done reranking query 762. Elapsed time since start: 10740.45 seconds.
Done reranking query 763. Elapsed time since start: 10747.66 seconds.
Done reranking query 764. Elapsed time since start: 10755.90 seconds.
Done reranking query 765. Elapsed time since start: 10763.99 seconds.
Saved 765 reranked responses to Gemini_text-reranked-75-indices.json
Saved 765 reranked responses to Gemini_structured-reranked-75-indices.json
Done reranking query 766. Elapsed time since start: 10773.60 seconds.
Done reranking query 767. Elapsed time since start: 10813.67 seconds.
Done reranking query 768. Elapsed time since start: 10826.08 seconds.
Done reranking query 769. Elapsed time since start: 10833.48 seconds.
Done reranking query 770. Elapsed time since start: 10850.00 seconds.
Done reranking query 771. Elapsed time since start: 10893.73 seconds.
Done reranking query 772. Elapsed time since start: 10910.06 seconds.
Done reranking query 773. Elapsed time since start: 10952.37 seconds.
Done reranking query 774. Elapsed time since start: 10969.53 seconds.
Done reranking query 775. Elapsed time since start: 10976.68 seconds.
Done reranking query 776. Elapsed time since start: 10994.57 seconds.
Done reranking query 777. Elapsed time since start: 11001.27 seconds.
Done reranking query 778. Elapsed time since start: 11008.47 seconds.
Done reranking query 779. Elapsed time since start: 11015.28 seconds.
Done reranking query 780. Elapsed time since start: 11029.65 seconds.
Saved 780 reranked responses to Gemini_text-reranked-75-indices.json
Saved 780 reranked responses to Gemini_structured-reranked-75-indices.json
Done reranking query 781. Elapsed time since start: 11042.72 seconds.
Done reranking query 782. Elapsed time since start: 11055.42 seconds.
Done reranking query 783. Elapsed time since start: 11063.69 seconds.
Done reranking query 784. Elapsed time since start: 11090.32 seconds.
Done reranking query 785. Elapsed time since start: 11104.26 seconds.
Done reranking query 786. Elapsed time since start: 11124.04 seconds.
Done reranking query 787. Elapsed time since start: 11137.80 seconds.
Done reranking query 788. Elapsed time since start: 11148.37 seconds.
Done reranking query 789. Elapsed time since start: 11166.49 seconds.
Done reranking query 790. Elapsed time since start: 11174.53 seconds.
Done reranking query 791. Elapsed time since start: 11181.87 seconds.
Done reranking query 792. Elapsed time since start: 11189.50 seconds.
Done reranking query 793. Elapsed time since start: 11215.86 seconds.
Done reranking query 794. Elapsed time since start: 11227.89 seconds.
Done reranking query 795. Elapsed time since start: 11239.25 seconds.
Saved 795 reranked responses to Gemini_text-reranked-75-indices.json
Saved 795 reranked responses to Gemini_structured-reranked-75-indices.json
Done reranking query 796. Elapsed time since start: 11251.97 seconds.
Done reranking query 797. Elapsed time since start: 11262.82 seconds.
Done reranking query 798. Elapsed time since start: 11279.11 seconds.
Done reranking query 799. Elapsed time since start: 11294.10 seconds.
Done reranking query 800. Elapsed time since start: 11302.12 seconds.
Done reranking query 801. Elapsed time since start: 11314.24 seconds.
Done reranking query 802. Elapsed time since start: 11330.59 seconds.
Done reranking query 803. Elapsed time since start: 11341.56 seconds.
Done reranking query 804. Elapsed time since start: 11355.71 seconds.
Done reranking query 805. Elapsed time since start: 11363.91 seconds.
Done reranking query 806. Elapsed time since start: 11374.93 seconds.
Done reranking query 807. Elapsed time since start: 11384.70 seconds.
Done reranking query 808. Elapsed time since start: 11434.65 seconds.
Done reranking query 809. Elapsed time since start: 11452.73 seconds.
Done reranking query 810. Elapsed time since start: 11460.64 seconds.
Saved 810 reranked responses to Gemini_text-reranked-75-indices.json
Saved 810 reranked responses to Gemini_structured-reranked-75-indices.json
Done reranking query 811. Elapsed time since start: 11499.40 seconds.
Done reranking query 812. Elapsed time since start: 11506.46 seconds.
Done reranking query 813. Elapsed time since start: 11513.76 seconds.
Done reranking query 814. Elapsed time since start: 11531.99 seconds.
Done reranking query 815. Elapsed time since start: 11540.89 seconds.
Done reranking query 816. Elapsed time since start: 11563.32 seconds.
Done reranking query 817. Elapsed time since start: 11571.40 seconds.
Done reranking query 818. Elapsed time since start: 11585.87 seconds.
Done reranking query 819. Elapsed time since start: 11609.85 seconds.
Done reranking query 820. Elapsed time since start: 11624.65 seconds.
Done reranking query 821. Elapsed time since start: 11649.58 seconds.
Done reranking query 822. Elapsed time since start: 11670.38 seconds.
Done reranking query 823. Elapsed time since start: 11679.59 seconds.
Done reranking query 824. Elapsed time since start: 11688.65 seconds.
Done reranking query 825. Elapsed time since start: 11700.07 seconds.
Saved 825 reranked responses to Gemini_text-reranked-75-indices.json
Saved 825 reranked responses to Gemini_structured-reranked-75-indices.json
Done reranking query 826. Elapsed time since start: 11722.19 seconds.
Done reranking query 827. Elapsed time since start: 11732.02 seconds.
Done reranking query 828. Elapsed time since start: 11740.24 seconds.
Done reranking query 829. Elapsed time since start: 11781.84 seconds.
Done reranking query 830. Elapsed time since start: 11798.05 seconds.
Done reranking query 831. Elapsed time since start: 11805.05 seconds.
Done reranking query 832. Elapsed time since start: 11832.37 seconds.
Error parsing or validating JSON: Expecting value: line 1 column 13732 (char 13731)
Failed to parse JSON. Raw response: '[12, 0, 2, 16, 4, 23, 29, 17, 51, 13, 74, 72, 1, 3, 14, 15, 17, 29, 51, 13, 72, 1, 3, 14, 15, 17, 29, 51, 13, 72, 1, 3, 14, 15, 17, 29, 51, 13, 72, 1, 3, 14, 15, 17, 29, 51, 13, 72, 1, 3, 14, 15, 17, 29, 51, 13, 72, 1, 3, 14, 15, 17, 29, 51, 13, 72, 1, 3, 14, 15, 17, 29, 51, 13, 72, 1, 3, 14, 15, 17, 29, 51, 13, 72, 1, 3, 14, 15, 17, 29, 51, 13, 72, 1, 3, 14, 15, 17, 29, 51, 13, 72, 1, 3, 14, 15, 17, 29, 51, 13, 72, 1, 3, 14, 15, 17, 29, 51, 13, 72, 1, 3, 14, 15, 17, 29, 51, 13, 72, 1, 3, 14, 15, 17, 29, 51, 13, 72, 1, 3, 14, 15, 17, 29, 51, 13, 72, 1, 3, 14, 15, 17, 29, 51, 13, 72, 1, 3, 14, 15, 17, 29, 51, 13, 72, 1, 3, 14, 15, 17, 29, 51, 13, 72, 1, 3, 14, 15, 17, 29, 51, 13, 72, 1, 3, 14, 15, 17, 29, 51, 13, 72, 1, 3, 14, 15, 17, 29, 51, 13, 72, 1, 3, 14, 15, 17, 29, 51, 13, 72, 1, 3, 14, 15, 17, 29, 51, 13, 72, 1, 3, 14, 15, 17, 29, 51, 13, 72, 1, 3, 14, 15, 17, 29, 51, 13, 72, 1, 3, 14, 15, 17, 29, 51, 13, 72, 1, 3, 14, 15, 17, 29, 51, 13, 72, 1, 3, 14, 15, 17, 29, 51, 13, 72, 1, 3, 14, 15, 17, 29, 51, 13, 72, 1, 3, 14, 15, 17, 29, 51, 13, 72, 1, 3, 14, 15, 17, 29, 51, 13, 72, 1, 3, 14, 15, 17, 29, 51, 13, 72, 1, 3, 14, 15, 17, 29, 51, 13, 72, 1, 3, 14, 15, 17, 29, 51, 13, 72, 1, 3, 14, 15, 17, 29, 51, 13, 72, 1, 3, 14, 15, 17, 29, 51, 13, 72, 1, 3, 14, 15, 17, 29, 51, 13, 72, 1, 3, 14, 15, 17, 29, 51, 13, 72, 1, 3, 14, 15, 17, 29, 51, 13, 72, 1, 3, 14, 15, 17, 29, 51, 13, 72, 1, 3, 14, 15, 17, 29, 51, 13, 72, 1, 3, 14, 15, 17, 29, 51, 13, 72, 1, 3, 14, 15, 17, 29, 51, 13, 72, 1, 3, 14, 15, 17, 29, 51, 13, 72, 1, 3, 14, 15, 17, 29, 51, 13, 72, 1, 3, 14, 15, 17, 29, 51, 13, 72, 1, 3, 14, 15, 17, 29, 51, 13, 72, 1, 3, 14, 15, 17, 29, 51, 13, 72, 1, 3, 14, 15, 17, 29, 51, 13, 72, 1, 3, 14, 15, 17, 29, 51, 13, 72, 1, 3, 14, 15, 17, 29, 51, 13, 72, 1, 3, 14, 15, 17, 29, 51, 13, 72, 1, 3, 14, 15, 17, 29, 51, 13, 72, 1, 3, 14, 15, 17, 29, 51, 13, 72, 1, 3, 14, 15, 17, 29, 51, 13, 72, 1, 3, 14, 15, 17, 29, 51, 13, 72, 1, 3, 14, 15, 17, 29, 51, 13, 72, 1, 3, 14, 15, 17, 29, 51, 13, 72, 1, 3, 14, 15, 17, 29, 51, 13, 72, 1, 3, 14, 15, 17, 29, 51, 13, 72, 1, 3, 14, 15, 17, 29, 51, 13, 72, 1, 3, 14, 15, 17, 29, 51, 13, 72, 1, 3, 14, 15, 17, 29, 51, 13, 72, 1, 3, 14, 15, 17, 29, 51, 13, 72, 1, 3, 14, 15, 17, 29, 51, 13, 72, 1, 3, 14, 15, 17, 29, 51, 13, 72, 1, 3, 14, 15, 17, 29, 51, 13, 72, 1, 3, 14, 15, 17, 29, 51, 13, 72, 1, 3, 14, 15, 17, 29, 51, 13, 72, 1, 3, 14, 15, 17, 29, 51, 13, 72, 1, 3, 14, 15, 17, 29, 51, 13, 72, 1, 3, 14, 15, 17, 29, 51, 13, 72, 1, 3, 14, 15, 17, 29, 51, 13, 72, 1, 3, 14, 15, 17, 29, 51, 13, 72, 1, 3, 14, 15, 17, 29, 51, 13, 72, 1, 3, 14, 15, 17, 29, 51, 13, 72, 1, 3, 14, 15, 17, 29, 51, 13, 72, 1, 3, 14, 15, 17, 29, 51, 13, 72, 1, 3, 14, 15, 17, 29, 51, 13, 72, 1, 3, 14, 15, 17, 29, 51, 13, 72, 1, 3, 14, 15, 17, 29, 51, 13, 72, 1, 3, 14, 15, 17, 29, 51, 13, 72, 1, 3, 14, 15, 17, 29, 51, 13, 72, 1, 3, 14, 15, 17, 29, 51, 13, 72, 1, 3, 14, 15, 17, 29, 51, 13, 72, 1, 3, 14, 15, 17, 29, 51, 13, 72, 1, 3, 14, 15, 17, 29, 51, 13, 72, 1, 3, 14, 15, 17, 29, 51, 13, 72, 1, 3, 14, 15, 17, 29, 51, 13, 72, 1, 3, 14, 15, 17, 29, 51, 13, 72, 1, 3, 14, 15, 17, 29, 51, 13, 72, 1, 3, 14, 15, 17, 29, 51, 13, 72, 1, 3, 14, 15, 17, 29, 51, 13, 72, 1, 3, 14, 15, 17, 29, 51, 13, 72, 1, 3, 14, 15, 17, 29, 51, 13, 72, 1, 3, 14, 15, 17, 29, 51, 13, 72, 1, 3, 14, 15, 17, 29, 51, 13, 72, 1, 3, 14, 15, 17, 29, 51, 13, 72, 1, 3, 14, 15, 17, 29, 51, 13, 72, 1, 3, 14, 15, 17, 29, 51, 13, 72, 1, 3, 14, 15, 17, 29, 51, 13, 72, 1, 3, 14, 15, 17, 29, 51, 13, 72, 1, 3, 14, 15, 17, 29, 51, 13, 72, 1, 3, 14, 15, 17, 29, 51, 13, 72, 1, 3, 14, 15, 17, 29, 51, 13, 72, 1, 3, 14, 15, 17, 29, 51, 13, 72, 1, 3, 14, 15, 17, 29, 51, 13, 72, 1, 3, 14, 15, 17, 29, 51, 13, 72, 1, 3, 14, 15, 17, 29, 51, 13, 72, 1, 3, 14, 15, 17, 29, 51, 13, 72, 1, 3, 14, 15, 17, 29, 51, 13, 72, 1, 3, 14, 15, 17, 29, 51, 13, 72, 1, 3, 14, 15, 17, 29, 51, 13, 72, 1, 3, 14, 15, 17, 29, 51, 13, 72, 1, 3, 14, 15, 17, 29, 51, 13, 72, 1, 3, 14, 15, 17, 29, 51, 13, 72, 1, 3, 14, 15, 17, 29, 51, 13, 72, 1, 3, 14, 15, 17, 29, 51, 13, 72, 1, 3, 14, 15, 17, 29, 51, 13, 72, 1, 3, 14, 15, 17, 29, 51, 13, 72, 1, 3, 14, 15, 17, 29, 51, 13, 72, 1, 3, 14, 15, 17, 29, 51, 13, 72, 1, 3, 14, 15, 17, 29, 51, 13, 72, 1, 3, 14, 15, 17, 29, 51, 13, 72, 1, 3, 14, 15, 17, 29, 51, 13, 72, 1, 3, 14, 15, 17, 29, 51, 13, 72, 1, 3, 14, 15, 17, 29, 51, 13, 72, 1, 3, 14, 15, 17, 29, 51, 13, 72, 1, 3, 14, 15, 17, 29, 51, 13, 72, 1, 3, 14, 15, 17, 29, 51, 13, 72, 1, 3, 14, 15, 17, 29, 51, 13, 72, 1, 3, 14, 15, 17, 29, 51, 13, 72, 1, 3, 14, 15, 17, 29, 51, 13, 72, 1, 3, 14, 15, 17, 29, 51, 13, 72, 1, 3, 14, 15, 17, 29, 51, 13, 72, 1, 3, 14, 15, 17, 29, 51, 13, 72, 1, 3, 14, 15, 17, 29, 51, 13, 72, 1, 3, 14, 15, 17, 29, 51, 13, 72, 1, 3, 14, 15, 17, 29, 51, 13, 72, 1, 3, 14, 15, 17, 29, 51, 13, 72, 1, 3, 14, 15, 17, 29, 51, 13, 72, 1, 3, 14, 15, 17, 29, 51, 13, 72, 1, 3, 14, 15, 17, 29, 51, 13, 72, 1, 3, 14, 15, 17, 29, 51, 13, 72, 1, 3, 14, 15, 17, 29, 51, 13, 72, 1, 3, 14, 15, 17, 29, 51, 13, 72, 1, 3, 14, 15, 17, 29, 51, 13, 72, 1, 3, 14, 15, 17, 29, 51, 13, 72, 1, 3, 14, 15, 17, 29, 51, 13, 72, 1, 3, 14, 15, 17, 29, 51, 13, 72, 1, 3, 14, 15, 17, 29, 51, 13, 72, 1, 3, 14, 15, 17, 29, 51, 13, 72, 1, 3, 14, 15, 17, 29, 51, 13, 72, 1, 3, 14, 15, 17, 29, 51, 13, 72, 1, 3, 14, 15, 17, 29, 51, 13, 72, 1, 3, 14, 15, 17, 29, 51, 13, 72, 1, 3, 14, 15, 17, 29, 51, 13, 72, 1, 3, 14, 15, 17, 29, 51, 13, 72, 1, 3, 14, 15, 17, 29, 51, 13, 72, 1, 3, 14, 15, 17, 29, 51, 13, 72, 1, 3, 14, 15, 17, 29, 51, 13, 72, 1, 3, 14, 15, 17, 29, 51, 13, 72, 1, 3, 14, 15, 17, 29, 51, 13, 72, 1, 3, 14, 15, 17, 29, 51, 13, 72, 1, 3, 14, 15, 17, 29, 51, 13, 72, 1, 3, 14, 15, 17, 29, 51, 13, 72, 1, 3, 14, 15, 17, 29, 51, 13, 72, 1, 3, 14, 15, 17, 29, 51, 13, 72, 1, 3, 14, 15, 17, 29, 51, 13, 72, 1, 3, 14, 15, 17, 29, 51, 13, 72, 1, 3, 14, 15, 17, 29, 51, 13, 72, 1, 3, 14, 15, 17, 29, 51, 13, 72, 1, 3, 14, 15, 17, 29, 51, 13, 72, 1, 3, 14, 15, 17, 29, 51, 13, 72, 1, 3, 14, 15, 17, 29, 51, 13, 72, 1, 3, 14, 15, 17, 29, 51, 13, 72, 1, 3, 14, 15, 17, 29, 51, 13, 72, 1, 3, 14, 15, 17, 29, 51, 13, 72, 1, 3, 14, 15, 17, 29, 51, 13, 72, 1, 3, 14, 15, 17, 29, 51, 13, 72, 1, 3, 14, 15, 17, 29, 51, 13, 72, 1, 3, 14, 15, 17, 29, 51, 13, 72, 1, 3, 14, 15, 17, 29, 51, 13, 72, 1, 3, 14, 15, 17, 29, 51, 13, 72, 1, 3, 14, 15, 17, 29, 51, 13, 72, 1, 3, 14, 15, 17, 29, 51, 13, 72, 1, 3, 14, 15, 17, 29, 51, 13, 72, 1, 3, 14, 15, 17, 29, 51, 13, 72, 1, 3, 14, 15, 17, 29, 51, 13, 72, 1, 3, 14, 15, 17, 29, 51, 13, 72, 1, 3, 14, 15, 17, 29, 51, 13, 72, 1, 3, 14, 15, 17, 29, 51, 13, 72, 1, 3, 14, 15, 17, 29, 51, 13, 72, 1, 3, 14, 15, 17, 29, 51, 13, 72, 1, 3, 14, 15, 17, 29, 51, 13, 72, 1, 3, 14, 15, 17, 29, 51, 13, 72, 1, 3, 14, 15, 17, 29, 51, 13, 72, 1, 3, 14, 15, 17, 29, 51, 13, 72, 1, 3, 14, 15, 17, 29, 51, 13, 72, 1, 3, 14, 15, 17, 29, 51, 13, 72, 1, 3, 14, 15, 17, 29, 51, 13, 72, 1, 3, 14, 15, 17, 29, 51, 13, 72, 1, 3, 14, 15, 17, 29, 51, 13, 72, 1, 3, 14, 15, 17, 29, 51, 13, 72, 1, 3, 14, 15, 17, 29, 51, 13, 72, 1, 3, 14, 15, 17, 29, 51, 13, 72, 1, 3, 14, 15, 17, 29, 51, 13, 72, 1, 3, 14, 15, 17, 29, 51, 13, 72, 1, 3, 14, 15, 17, 29, 51, 13, 72, 1, 3, 14, 15, 17, 29, 51, 13, 72, 1, 3, 14, 15, 17, 29, 51, 13, 72, 1, 3, 14, 15, 17, 29, 51, 13, 72, 1, 3, 14, 15, 17, 29, 51, 13, 72, 1, 3, 14, 15, 17, 29, 51, 13, 72, 1, 3, 14, 15, 17, 29, 51, 13, 72, 1, 3, 14, 15, 17, 29, 51, 13, 72, 1, 3, 14, 15, 17, 29, 51, 13, 72, 1, 3, 14, 15, 17, 29, 51, 13, 72, 1, 3, 14, 15, 17, 29, 51, 13, 72, 1, 3, 14, 15, 17, 29, 51, 13, 72, 1, 3, 14, 15, 17, 29, 51, 13, 72, 1, 3, 14, 15, 17, 29, 51, 13, 72, 1, 3, 14, 15, 17, 29, 51, 13, 72, 1, 3, 14, 15, 17, 29, 51, 13, 72, 1, 3, 14, 15, 17, 29, 51, 13, 72, 1, 3, 14, 15, 17, 29, 51, 13, 72, 1, 3, 14, 15, 17, 29, 51, 13, 72, 1, 3, 14, 15, 17, 29, 51, 13, 72, 1, 3, 14, 15, 17, 29, 51, 13, 72, 1, 3, 14, 15, 17, 29, 51, 13, 72, 1, 3, 14, 15, 17, 29, 51, 13, 72, 1, 3, 14, 15, 17, 29, 51, 13, 72, 1, 3, 14, 15, 17, 29, 51, 13, 72, 1, 3, 14, 15, 17, 29, 51, 13, 72, 1, 3, 14, 15, 17, 29, 51, 13, 72, 1, 3, 14, 15, 17, 29, 51, 13, 72, 1, 3, 14, 15, 17, 29, 51, 13, 72, 1, 3, 14, 15, 17, 29, 51, 13, 72, 1, 3, 14, 15, 17, 29, 51, 13, 72, 1, 3, 14, 15, 17, 29, 51, 13, 72, 1, 3, 14, 15, 17, 29, 51, 13, 72, 1, 3, 14, 15, 17, 29, 51, 13, 72, 1, 3, 14, 15, 17, 29, 51, 13, 72, 1, 3, 14, 15, 17, 29, 51, 13, 72, 1, 3, 14, 15, 17, 29, 51, 13, 72, 1, 3, 14, 15, 17, 29, 51, 13, 72, 1, 3, 14, 15, 17, 29, 51, 13, 72, 1, 3, 14, 15, 17, 29, 51, 13, 72, 1, 3, 14, 15, 17, 29, 51, 13, 72, 1, 3, 14, 15, 17, 29, 51, 13, 72, 1, 3, 14, 15, 17, 29, 51, 13, 72, 1, 3, 14, 15, 17, 29, 51, 13, 72, 1, 3, 14, 15, 17, 29, 51, 13, 72, 1, 3, 14, 15, 17, 29, 51, 13, 72, 1, 3, 14, 15, 17, 29, 51, 13, 72, 1, 3, 14, 15, 17, 29, 51, 13, 72, 1, 3, 14, 15, 17, 29, 51, 13, 72, 1, 3, 14, 15, 17, 29, 51, 13, 72, 1, 3, 14, 15, 17, 29, 51, 13, 72, 1, 3, 14, 15, 17, 29, 51, 13, 72, 1, 3, 14, 15, 17, 29, 51, 13, 72, 1, 3, 14, 15, 17, 29, 51, 13, 72, 1, 3, 14, 15, 17, 29, 51, 13, 72, 1, 3, 14, 15, 17, 29, 51, 13, 72, 1, 3, 14, 15, 17, 29, 51, 13, 72, 1, 3, 14, 15, 17, 29, 51, 13, 72, 1, 3, 14, 15, 17, 29, 51, 13, 72, 1, 3, 14, 15, 17, 29, 51, 13, 72, 1, 3, 14, 15, 17, 29, 51, 13, 72, 1, 3, 14, 15, 17, 29, 51, 13, 72, 1, 3, 14, 15, 17, 29, 51, 13, 72, 1, 3, 14, 15, 17, 29, 51, 13, 72, 1, 3, 14, 15, 17, 29, 51, 13, 72, 1, 3, 14, 15, 17, 29, 51, 13, 72, 1, 3, 14, 15, 17, 29, 51, 13, 72, 1, 3, 14, 15, 17, 29, 51, 13, 72, 1, 3, 14, 15, 17, 29, 51, 13, 72, 1, 3, 14, 15, 17, 29, 51, 13, 72, 1, 3, 14, 15, 17, 29, 51, 13, 72, 1, 3, 14, 15, 17, 29, 51, 13, 72, 1, 3, 14, 15, 17, 29, 51, 13, 72, 1, 3, 14, 15, 17, 29, 51, 13, 72, 1, 3, 14, 15, 17, 29, 51, 13, 72, 1, 3, 14, 15, 17, 29, 51, 13, 72, 1, 3, 14, 15, 17, 29, 51, 13, 72, 1, 3, 14, 15, 17, 29, 51, 13, 72, 1, 3, 14, 15, 17, 29, 51, 13, 72, 1, 3, 14, 15, 17, 29, 51, 13, 72, 1, 3, 14, 15, 17, 29, 51, 13, 72, 1, 3, 14, 15, 17, 29, 51, 13, 72, 1, 3, 14, 15, 17, 29, 51, 13, 72, 1, 3, 14, 15, 17, 29, 51, 13, 72, 1, 3, 14, 15, 17, 29, 51, 13, 72, 1, 3, 14, 15, 17, 29, 51, 13, 72, 1, 3, 14, 15, 17, 29, 51, 13, 72, 1, 3, 14, 15, 17, 29, 51, 13, 72, 1, 3, 14, 15, 17, 29, 51, 13, 72, 1, 3, 14, 15, 17, 29, 51, 13, 72, 1, 3, 14, 15, 17, 29, 51, 13, 72, 1, 3, 14, 15, 17, 29, 51, 13, 72, 1, 3, 14, 15, 17, 29, 51, 13, 72, 1, 3, 14, 15, 17, 29, 51, 13, 72, 1, 3, 14, 15, 17, 29, 51, 13, 72, 1, 3, 14, 15, 17, 29, 51, 13, 72, 1, 3, 14, 15, 17, 29, 51, 13, 72, 1, 3, 14, 15, 17, 29, 51, 13, 72, 1, 3, 14, 15, 17, 29, 51, 13, 72, 1, 3, 14, 15, 17, 29, 51, 13, 72, 1, 3, 14, 15, 17, 29, 51, 13, 72, 1, 3, 14, 15, 17, 29, 51, 13, 72, 1, 3, 14, 15, 17, 29, 51, 13, 72, 1, 3, 14, 15, 17, 29, 51, 13, 72, 1, 3, 14, 15, 17, 29, 51, 13, 72, 1, 3, 14, 15, 17, 29, 51, 13, 72, 1, 3, 14, 15, 17, 29, 51, 13, 72, 1, 3, 14, 15, 17, 29, 51, 13, 72, 1, 3, 14, 15, 17, 29, 51, 13, 72, 1, 3, 14, 15, 17, 29, 51, 13, 72, 1, 3, 14, 15, 17, 29, 51, 13, 72, 1, 3, 14, 15, 17, 29, 51, 13, 72, 1, 3, 14, 15, 17, 29, 51, 13, 72, 1, 3, 14, 15, 17, 29, 51, 13, 72, 1, 3, 14, 15, 17, 29, 51, 13, 72, 1, 3, 14, 15, 17, 29, 51, 13, 72, 1, 3, 14, 15, 17, 29, 51, 13, 72, 1, 3, 14, 15, 17, 29, 51, 13, 72, 1, 3, 14, 15, 17, 29, 51, 13, 72, 1, 3, 14, 15, 17, 29, 51, 13, 72, 1, 3, 14, 15, 17, 29, 51, 13, 72, 1, 3, 14, 15, 17, 29, 51, 13, 72, 1, 3, 14, 15, 17, 29, 51, 13, 72, 1, 3, 14, 15, 17, 29, 51, 13, 72, 1, 3, 14, 15, 17, 29, 51, 13, 72, 1, 3, 14, 15, 17, 29, 51, 13, 72, 1, 3, 14, 15, 17, 29, 51, 13, 72, 1, 3, 14, 15, 17, 29, 51, 13, 72, 1, 3, 14, 15, 17, 29, 51, 13, 72, 1, 3, 14, 15, 17, 29, 51, 13, 72, 1, 3, 14, 15, 17, 29, 51, 13, 72, 1, 3, 14, 15, 17, 29, 51, 13, 72, 1, 3, 14, 15, 17, 29, 51, 13, 72, 1, 3, 14, 15, 17, 29, 51, 13, 72, 1, 3, 14, 15, 17, 29, 51, 13, 72, 1, 3, 14, 15, 17, 29, 51, 13, 72, 1, 3, 14, 15, 17, 29, 51, 13, 72, 1, 3, 14, 15, 17, 29, 51, 13, 72, 1, 3, 14, 15, 17, 29, 51, 13, 72, 1, 3, 14, 15, 17, 29, 51, 13, 72, 1, 3, 14, 15, 17, 29, 51, 13, 72, 1, 3, 14, 15, 17, 29, 51, 13, 72, 1, 3, 14, 15, 17, 29, 51, 13, 72, 1, 3, 14, 15, 17, 29, 51, 13, 72, 1, 3, 14, 15, 17, 29, 51, 13, 72, 1, 3, 14, 15, 17, 29, 51, 13, 72, 1, 3, 14, 15, 17, 29, 51, 13, 72, 1, 3, 14, 15, 17, 29, 51, 13, 72, 1, 3, 14, 15, 17, 29, 51, 13, 72, 1, 3, 14, 15, 17, 29, 51, 13, 72, 1, 3, 14, 15, 17, 29, 51, 13, 72, 1, 3, 14, 15, 17, 29, 51, 13, 72, 1, 3, 14, 15, 17, 29, 51, 13, 72, 1, 3, 14, 15, 17, 29, 51, 13, 72, 1, 3, 14, 15, 17, 29, 51, 13, 72, 1, 3, 14, 15, 17, 29, 51, 13, 72, 1, 3, 14, 15, 17, 29, 51, 13, 72, 1, 3, 14, 15, 17, 29, 51, 13, 72, 1, 3, 14, 15, 17, 29, 51, 13, 72, 1, 3, 14, 15, 17, 29, 51, 13, 72, 1, 3, 14, 15, 17, 29, 51, 13, 72, 1, 3, 14, 15, 17, 29, 51, 13, 72, 1, 3, 14, 15, 17, 29, 51, 13, 72, 1, 3, 14, 15, 17, 29, 51, 13, 72, 1, 3, 14, 15, 17, 29, 51, 13, 72, 1, 3, 14, 15, 17, 29, 51, 13, 72, 1, 3, 14, 15, 17, 29, 51, 13, 72, 1, 3, 14, 15, 17, 29, 51, 13, 72, 1, 3, 14, 15, 17, 29, 51, 13, 72, 1, 3, 14, 15, 17, 29, 51, 13, 72, 1, 3, 14, 15, 17, 29, 51, 13, 72, 1, 3, 14, 15, 17, 29, 51, 13, 72, 1, 3, 14, 15, 17, 29, 51, 13, 72, 1, 3, 14, 15, 17, 29, 51, 13, 72, 1, 3, 14, 15, 17, 29, 51, 13, 72, 1, 3, 14, 15, 17, 29, 51, 13, 72, 1, 3, 14, 15, 17, 29, 51, 13, 72, 1, 3, 14, 15, 17, 29, 51, 13, 72, 1, 3, 14, 15, 17, 29, 51, 13, 72, 1, 3, 14, 15, 17, 29, 51, 13, 72, 1, 3, 14, 15, 17, 29, 51, 13, 72, 1, 3, 14, 15, 17, 29, 51, 13, 72, 1, 3, 14, 15, 17, 29, 51, 13, 72, 1, 3, 14, 15, 17, 29, 51, 13, 72, 1, 3, 14, 15, 17, 29, 51, 13, 72, 1, 3, 14, 15, 17, 29, 51, 13, 72, 1, 3, 14, 15, 17, 29, 51, 13, 72, 1, 3, 14, 15, 17, 29, 51, 13, 72, 1, 3, 14, 15, 17, 29, 51, 13, 72, 1, 3, 14, 15, 17, 29, 51, 13, 72, 1, 3, 14, 15, 17, 29, 51, 13, 72, 1, 3, 14, 15, 17, 29, 51, 13, 72, 1, 3, 14, 15, 17, 29, 51, 13, 72, 1, 3, 14, 15, 17, 29, 51, 13, 72, 1, 3, 14, 15, 17, '
Done reranking query 833. Elapsed time since start: 11881.79 seconds.
Done reranking query 834. Elapsed time since start: 11903.74 seconds.
Done reranking query 835. Elapsed time since start: 11911.41 seconds.
Done reranking query 836. Elapsed time since start: 11918.44 seconds.
Done reranking query 837. Elapsed time since start: 11927.82 seconds.
Done reranking query 838. Elapsed time since start: 11941.13 seconds.
Done reranking query 839. Elapsed time since start: 11951.21 seconds.
Done reranking query 840. Elapsed time since start: 11976.00 seconds.
Saved 840 reranked responses to Gemini_text-reranked-75-indices.json
Saved 840 reranked responses to Gemini_structured-reranked-75-indices.json
Done reranking query 841. Elapsed time since start: 11994.81 seconds.
Done reranking query 842. Elapsed time since start: 12003.04 seconds.
Done reranking query 843. Elapsed time since start: 12017.37 seconds.
Done reranking query 844. Elapsed time since start: 12024.21 seconds.
Done reranking query 845. Elapsed time since start: 12031.01 seconds.
Done reranking query 846. Elapsed time since start: 12038.11 seconds.
Done reranking query 847. Elapsed time since start: 12056.54 seconds.
Done reranking query 848. Elapsed time since start: 12063.29 seconds.
Done reranking query 849. Elapsed time since start: 12078.68 seconds.
Done reranking query 850. Elapsed time since start: 12093.69 seconds.
Done reranking query 851. Elapsed time since start: 12130.65 seconds.
Done reranking query 852. Elapsed time since start: 12151.39 seconds.
Done reranking query 853. Elapsed time since start: 12165.89 seconds.
Done reranking query 854. Elapsed time since start: 12175.01 seconds.
Done reranking query 855. Elapsed time since start: 12182.65 seconds.
Saved 855 reranked responses to Gemini_text-reranked-75-indices.json
Saved 855 reranked responses to Gemini_structured-reranked-75-indices.json
Done reranking query 856. Elapsed time since start: 12189.03 seconds.
Done reranking query 857. Elapsed time since start: 12199.27 seconds.
Done reranking query 858. Elapsed time since start: 12213.74 seconds.
Done reranking query 859. Elapsed time since start: 12226.27 seconds.
Done reranking query 860. Elapsed time since start: 12236.55 seconds.
Done reranking query 861. Elapsed time since start: 12245.21 seconds.
Done reranking query 862. Elapsed time since start: 12253.03 seconds.
Done reranking query 863. Elapsed time since start: 12263.10 seconds.
Done reranking query 864. Elapsed time since start: 12270.21 seconds.
Done reranking query 865. Elapsed time since start: 12297.21 seconds.
Done reranking query 866. Elapsed time since start: 12311.90 seconds.
Done reranking query 867. Elapsed time since start: 12328.59 seconds.
Done reranking query 868. Elapsed time since start: 12342.47 seconds.
Done reranking query 869. Elapsed time since start: 12361.80 seconds.
Done reranking query 870. Elapsed time since start: 12375.14 seconds.
Saved 870 reranked responses to Gemini_text-reranked-75-indices.json
Saved 870 reranked responses to Gemini_structured-reranked-75-indices.json
Done reranking query 871. Elapsed time since start: 12383.60 seconds.
Done reranking query 872. Elapsed time since start: 12393.08 seconds.
Done reranking query 873. Elapsed time since start: 12412.93 seconds.
Done reranking query 874. Elapsed time since start: 12426.88 seconds.
Done reranking query 875. Elapsed time since start: 12435.44 seconds.
Done reranking query 876. Elapsed time since start: 12452.55 seconds.
Done reranking query 877. Elapsed time since start: 12465.29 seconds.
Done reranking query 878. Elapsed time since start: 12480.21 seconds.
Done reranking query 879. Elapsed time since start: 12497.88 seconds.
Done reranking query 880. Elapsed time since start: 12511.63 seconds.
Done reranking query 881. Elapsed time since start: 12526.03 seconds.
Done reranking query 882. Elapsed time since start: 12534.62 seconds.
Done reranking query 883. Elapsed time since start: 12543.59 seconds.
Done reranking query 884. Elapsed time since start: 12562.28 seconds.
Done reranking query 885. Elapsed time since start: 12571.11 seconds.
Saved 885 reranked responses to Gemini_text-reranked-75-indices.json
Saved 885 reranked responses to Gemini_structured-reranked-75-indices.json
Done reranking query 886. Elapsed time since start: 12587.14 seconds.
Done reranking query 887. Elapsed time since start: 12595.83 seconds.
Done reranking query 888. Elapsed time since start: 12604.62 seconds.
Done reranking query 889. Elapsed time since start: 12611.95 seconds.
Done reranking query 890. Elapsed time since start: 12626.99 seconds.
Done reranking query 891. Elapsed time since start: 12636.02 seconds.
Done reranking query 892. Elapsed time since start: 12645.46 seconds.
Done reranking query 893. Elapsed time since start: 12661.23 seconds.
Done reranking query 894. Elapsed time since start: 12668.00 seconds.
Done reranking query 895. Elapsed time since start: 12683.87 seconds.
Done reranking query 896. Elapsed time since start: 12702.05 seconds.
Done reranking query 897. Elapsed time since start: 12709.58 seconds.
Done reranking query 898. Elapsed time since start: 12728.26 seconds.
Done reranking query 899. Elapsed time since start: 12742.51 seconds.
Done reranking query 900. Elapsed time since start: 12755.94 seconds.
Saved 900 reranked responses to Gemini_text-reranked-75-indices.json
Saved 900 reranked responses to Gemini_structured-reranked-75-indices.json
Done reranking query 901. Elapsed time since start: 12763.58 seconds.
Done reranking query 902. Elapsed time since start: 12771.91 seconds.
Done reranking query 903. Elapsed time since start: 12784.11 seconds.
Done reranking query 904. Elapsed time since start: 12792.49 seconds.
Done reranking query 905. Elapsed time since start: 12808.03 seconds.
Done reranking query 906. Elapsed time since start: 12817.89 seconds.
Done reranking query 907. Elapsed time since start: 12838.81 seconds.
Done reranking query 908. Elapsed time since start: 12851.83 seconds.
Done reranking query 909. Elapsed time since start: 12860.93 seconds.
Done reranking query 910. Elapsed time since start: 12875.53 seconds.
Done reranking query 911. Elapsed time since start: 12889.63 seconds.
Error parsing or validating JSON: Extra data: line 2 column 1 (char 298)
Failed to parse JSON. Raw response: '[8, 28, 5, 6, 7, 18, 4, 50, 64, 35, 36, 34, 49, 53, 39, 40, 0, 2, 32, 56, 63, 3, 11, 12, 13, 19, 24, 25, 26, 27, 29, 30, 31, 33, 37, 38, 42, 43, 45, 46, 47, 48, 51, 52, 54, 55, 57, 58, 59, 60, 61, 62, 65, 66, 67, 68, 69, 70, 71, 72, 73, 74, 1, 9, 10, 14, 15, 16, 17, 20, 21, 22, 23, 41, 44, 4, 49]
[8, 28, 5, 6, 7, 18, 4, 50, 64, 35, 36, 34, 49, 53, 39, 40, 0, 2, 32, 56, 63, 3, 11, 12, 13, 19, 24, 25, 26, 27, 29, 30, 31, 33, 37, 38, 42, 43, 45, 46, 47, 48, 51, 52, 54, 55, 57, 58, 59, 60, 61, 62, 65, 66, 67, 68, 69, 70, 71, 72, 73, 74, 1, 9, 10, 14, 15, 16, 17, 20, 21, 22, 23, 41, 44, 6, 49]
[8, 28, 5, 6, 7, 18, 4, 50, 64, 35, 36, 34, 49, 53, 39, 40, 0, 2, 32, 56, 63, 3, 11, 12, 13, 19, 24, 25, 26, 27, 29, 30, 31, 33, 37, 38, 42, 43, 45, 46, 47, 48, 51, 52, 54, 55, 57, 58, 59, 60, 61, 62, 65, 66, 67, 68, 69, 70, 71, 72, 73, 74, 1, 9, 10, 14, 15, 16, 17, 20, 21, 22, 23, 41, 44, 9, 49]
[8, 28, 5, 6, 7, 18, 4, 50, 64, 35, 36, 34, 49, 53, 39, 40, 0, 2, 32, 56, 63, 3, 11, 12, 13, 19, 24, 25, 26, 27, 29, 30, 31, 33, 37, 38, 42, 43, 45, 46, 47, 48, 51, 52, 54, 55, 57, 58, 59, 60, 61, 62, 65, 66, 67, 68, 69, 70, 71, 72, 73, 74, 1, 9, 10, 14, 15, 16, 17, 20, 21, 22, 23, 41, 44, 8, 49]
[8, 28, 5, 6, 7, 18, 4, 50, 64, 35, 36, 34, 49, 53, 39, 40, 0, 2, 32, 56, 63, 28, 3, 11, 12, 13, 19, 24, 25, 26, 27, 29, 30, 31, 33, 37, 38, 42, 43, 45, 46, 47, 48, 51, 52, 54, 55, 57, 58, 59, 60, 61, 62, 65, 66, 67, 68, 69, 70, 71, 72, 73, 74, 1, 9, 10, 14, 15, 16, 17, 20, 21, 22, 23, 41, 44]
[8, 28, 5, 6, 7, 18, 4, 50, 64, 35, 36, 34, 49, 53, 39, 40, 0, 2, 32, 56, 63, 8, 3, 11, 12, 13, 19, 24, 25, 26, 27, 29, 30, 31, 33, 37, 38, 42, 43, 45, 46, 47, 48, 51, 52, 54, 55, 57, 58, 59, 60, 61, 62, 65, 66, 67, 68, 69, 70, 71, 72, 73, 74, 1, 9, 10, 14, 15, 16, 17, 20, 21, 22, 23, 41, 44]
[8, 28, 5, 6, 7, 18, 4, 50, 64, 35, 36, 34, 49, 53, 39, 40, 0, 2, 32, 56, 63, 8, 3, 11, 12, 13, 19, 24, 25, 26, 27, 29, 30, 31, 33, 37, 38, 42, 43, 45, 46, 47, 48, 51, 52, 54, 55, 57, 58, 59, 60, 61, 62, 65, 66, 67, 68, 69, 70, 71, 72, 73, 74, 1, 9, 10, 14, 15, 16, 17, 20, 21, 22, 23, 41, 44]
[8, 28, 5, 6, 7, 18, 4, 50, 64, 35, 36, 34, 49, 53, 39, 40, 0, 2, 32, 56, 63, 8, 3, 11, 12, 13, 19, 24, 25, 26, 27, 29, 30, 31, 33, 37, 38, 42, 43, 45, 46, 47, 48, 51, 52, 54, 55, 57, 58, 59, 60, 61, 62, 65, 66, 67, 68, 69, 70, 71, 72, 73, 74, 1, 9, 10, 14, 15, 16, 17, 20, 21, 22, 23, 41, 44]
[8, 28, 5, 6, 7, 18, 4, 50, 64, 35, 36, 34, 49, 53, 39, 40, 0, 2, 32, 56, 63, 8, 3, 11, 12, 13, 19, 24, 25, 26, 27, 29, 30, 31, 33, 37, 38, 42, 43, 45, 46, 47, 48, 51, 52, 54, 55, 57, 58, 59, 60, 61, 62, 65, 66, 67, 68, 69, 70, 71, 72, 73, 74, 1, 9, 10, 14, 15, 16, 17, 20, 21, 22, 23, 41, 44]
[8, 28, 5, 6, 7, 18, 4, 50, 64, 35, 36, 34, 49, 53, 39, 40, 0, 2, 32, 56, 63, 8, 28, 3, 11, 12, 13, 19, 24, 25, 26, 27, 29, 30, 31, 33, 37, 38, 42, 43, 45, 46, 47, 48, 51, 52, 54, 55, 57, 58, 59, 60, 61, 62, 65, 66, 67, 68, 69, 70, 71, 72, 73, 74, 1, 9, 10, 14, 15, 16, 17, 20, 21, 22, 23, 41, 44]
[8, 28, 5, 6, 7, 18, 4, 50, 64, 35, 36, 34, 49, 53, 39, 40, 0, 2, 32, 56, 63, 8, 28, 3, 11, 12, 13, 19, 24, 25, 26, 27, 29, 30, 31, 33, 37, 38, 42, 43, 45, 46, 47, 48, 51, 52, 54, 55, 57, 58, 59, 60, 61, 62, 65, 66, 67, 68, 69, 70, 71, 72, 73, 74, 1, 9, 10, 14, 15, 16, 17, 20, 21, 22, 23, 41, 44]
[8, 28, 5, 6, 7, 18, 4, 50, 64, 35, 36, 34, 49, 53, 39, 40, 0, 2, 32, 56, 63, 8, 28, 3, 11, 12, 13, 19, 24, 25, 26, 27, 29, 30, 31, 33, 37, 38, 42, 43, 45, 46, 47, 48, 51, 52, 54, 55, 57, 58, 59, 60, 61, 62, 65, 66, 67, 68, 69, 70, 71, 72, 73, 74, 1, 9, 10, 14, 15, 16, 17, 20, 21, 22, 23, 41, 44]
[8, 28, 5, 6, 7, 18, 4, 50, 64, 35, 36, 34, 49, 53, 39, 40, 0, 2, 32, 56, 63, 8, 28, 3, 11, 12, 13, 19, 24, 25, 26, 27, 29, 30, 31, 33, 37, 38, 42, 43, 45, 46, 47, 48, 51, 52, 54, 55, 57, 58, 59, 60, 61, 62, 65, 66, 67, 68, 69, 70, 71, 72, 73, 74, 1, 9, 10, 14, 15, 16, 17, 20, 21, 22, 23, 41, 44]
[8, 28, 5, 6, 7, 18, 4, 50, 64, 35, 36, 34, 49, 53, 39, 40, 0, 2, 32, 56, 63, 8, 28, 3, 11, 12, 13, 19, 24, 25, 26, 27, 29, 30, 31, 33, 37, 38, 42, 43, 45, 46, 47, 48, 51, 52, 54, 55, 57, 58, 59, 60, 61, 62, 65, 66, 67, 68, 69, 70, 71, 72, 73, 74, 1, 9, 10, 14, 15, 16, 17, 20, 21, 22, 23, 41, 44]
[8, 28, 5, 6, 7, 18, 4, 50, 64, 35, 36, 34, 49, 53, 39, 40, 0, 2, 32, 56, 63, 8, 28, 3, 11, 12, 13, 19, 24, 25, 26, 27, 29, 30, 31, 33, 37, 38, 42, 43, 45, 46, 47, 48, 51, 52, 54, 55, 57, 58, 59, 60, 61, 62, 65, 66, 67, 68, 69, 70, 71, 72, 73, 74, 1, 9, 10, 14, 15, 16, 17, 20, 21, 22, 23, 41, 44]
[8, 28, 5, 6, 7, 18, 4, 50, 64, 35, 36, 34, 49, 53, 39, 40, 0, 2, 32, 56, 63, 8, 28, 3, 11, 12, 13, 19, 24, 25, 26, 27, 29, 30, 31, 33, 37, 38, 42, 43, 45, 46, 47, 48, 51, 52, 54, 55, 57, 58, 59, 60, 61, 62, 65, 66, 67, 68, 69, 70, 71, 72, 73, 74, 1, 9, 10, 14, 15, 16, 17, 20, 21, 22, 23, 41, 44]
[8, 28, 5, 6, 7, 18, 4, 50, 64, 35, 36, 34, 49, 53, 39, 40, 0, 2, 32, 56, 63, 8, 28, 3, 11, 12, 13, 19, 24, 25, 26, 27, 29, 30, 31, 33, 37, 38, 42, 43, 45, 46, 47, 48, 51, 52, 54, 55, 57, 58, 59, 60, 61, 62, 65, 66, 67, 68, 69, 70, 71, 72, 73, 74, 1, 9, 10, 14, 15, 16, 17, 20, 21, 22, 23, 41, 44]
[8, 28, 5, 6, 7, 18, 4, 50, 64, 35, 36, 34, 49, 53, 39, 40, 0, 2, 32, 56, 63, 8, 28, 3, 11, 12, 13, 19, 24, 25, 26, 27, 29, 30, 31, 33, 37, 38, 42, 43, 45, 46, 47, 48, 51, 52, 54, 55, 57, 58, 59, 60, 61, 62, 65, 66, 67, 68, 69, 70, 71, 72, 73, 74, 1, 9, 10, 14, 15, 16, 17, 20, 21, 22, 23, 41, 44]
[8, 28, 5, 6, 7, 18, 4, 50, 64, 35, 36, 34, 49, 53, 39, 40, 0, 2, 32, 56, 63, 8, 28, 3, 11, 12, 13, 19, 24, 25, 26, 27, 29, 30, 31, 33, 37, 38, 42, 43, 45, 46, 47, 48, 51, 52, 54, 55, 57, 58, 59, 60, 61, 62, 65, 66, 67, 68, 69, 70, 71, 72, 73, 74, 1, 9, 10, 14, 15, 16, 17, 20, 21, 22, 23, 41, 44]
[8, 28, 5, 6, 7, 18, 4, 50, 64, 35, 36, 34, 49, 53, 39, 40, 0, 2, 32, 56, 63, 8, 28, 3, 11, 12, 13, 19, 24, 25, 26, 27, 29, 30, 31, 33, 37, 38, 42, 43, 45, 46, 47, 48, 51, 52, 54, 55, 57, 58, 59, 60, 61, 62, 65, 66, 67, 68, 69, 70, 71, 72, 73, 74, 1, 9, 10, 14, 15, 16, 17, 20, 21, 22, 23, 41, 44]
[8, 28, 5, 6, 7, 18, 4, 50, 64, 35, 36, 34, 49, 53, 39, 40, 0, 2, 32, 56, 63, 8, 28, 3, 11, 12, 13, 19, 24, 25, 26, 27, 29, 30, 31, 33, 37, 38, 42, 43, 45, 46, 47, 48, 51, 52, 54, 55, 57, 58, 59, 60, 61, 62, 65, 66, 67, 68, 69, 70, 71, 72, 73, 74, 1, 9, 10, 14, 15, 16, 17, 20, 21, 22, 23, 41, 44]
[8, 28, 5, 6, 7, 18, 4, 50, 64, 35, 36, 34, 49, 53, 39, 40, 0, 2, 32, 56, 63, 8, 28, 3, 11, 12, 13, 19, 24, 25, 26, 27, 29, 30, 31, 33, 37, 38, 42, 43, 45, 46, 47, 48, 51, 52, 54, 55, 57, 58, 59, 60, 61, 62, 65, 66, 67, 68, 69, 70, 71, 72, 73, 74, 1, 9, 10, 14, 15, 16, 17, 20, 21, 22, 23, 41, 44]
[8, 28, 5, 6, 7, 18, 4, 50, 64, 35, 36, 34, 49, 53, 39, 40, 0, 2, 32, 56, 63, 8, 28, 3, 11, 12, 13, 19, 24, 25, 26, 27, 29, 30, 31, 33, 37, 38, 42, 43, 45, 46, 47, 48, 51, 52, 54, 55, 57, 58, 59, 60, 61, 62, 65, 66, 67, 68, 69, 70, 71, 72, 73, 74, 1, 9, 10, 14, 15, 16, 17, 20, 21, 22, 23, 41, 44]
[8, 28, 5, 6, 7, 18, 4, 50, 64, 35, 36, 34, 49, 53, 39, 40, 0, 2, 32, 56, 63, 8, 28, 3, 11, 12, 13, 19, 24, 25, 26, 27, 29, 30, 31, 33, 37, 38, 42, 43, 45, 46, 47, 48, 51, 52, 54, 55, 57, 58, 59, 60, 61, 62, 65, 66, 67, 68, 69, 70, 71, 72, 73, 74, 1, 9, 10, 14, 15, 16, 17, 20, 21, 22, 23, 41, 44]
[8, 28, 5, 6, 7, 18, 4, 50, 64, 35, 36, 34, 49, 53, 39, 40, 0, 2, 32, 56, 63, 8, 28, 3, 11, 12, 13, 19, 24, 25, 26, 27, 29, 30, 31, 33, 37, 38, 42, 43, 45, 46, 47, 48, 51, 52, 54, 55, 57, 58, 59, 60, 61, 62, 65, 66, 67, 68, 69, 70, 71, 72, 73, 74, 1, 9, 10, 14, 15, 16, 17, 20, 21, 22, 23, 41, 44]
[8, 28, 5, 6, 7, 18, 4, 50, 64, 35, 36, 34, 49, 53, 39, 40, 0, 2, 32, 56, 63, 8, 28, 3, 11, 12, 13, 19, 24, 25, 26, 27, 29, 30, 31, 33, 37, 38, 42, 43, 45, 46, 47, 48, 51, 52, 54, 55, 57, 58, 59, 60, 61, 62, 65, 66, 67, 68, 69, 70, 71, 72, 73, 74, 1, 9, 10, 14, 15, 16, 17, 20, 21, 22, 23, 41, 44]
[8, 28, 5, 6, 7, 18, 4, 50, 64, 35, 36, 34, 49, 53, 39, 40, 0, 2, 32, 56, 63, 8, 28, 3, 11, 12, 13, 19, 24, 25, 26, 27, 29, 30, 31, 33, 37, 38, 42, 43, 45, 46, 47, 48, 51, 52, 54, 55, 57, 58, 59, 60, 61, 62, 65, 66, 67, 68, 69, 70, 71, 72, 73, 74, 1, 9, 10, 14, 15, 16, 17, 20, 21, 22, 23, 41, 44]
[8, 28, 5, 6, 7, 18, 4, 50, 64, 35, 36, 34, 49, 53, 39, 40, 0, 2, 32, 56, 63, 8, 28, 3, 11, 12, 13, 19, 24, 25, 26, 27, 29, 30, 31, 33, 37, 38, 42, 43, 45, 46, 47, 48, 51, 52, 54, 55, 57, 58, 59, 60, 61, 62, 65, 66, 67, 68, 69, 70, 71, 72, 73, 74, 1, 9, 10, 14, 15, 16, 17, 20, 21, 22, 23, 41, 44]
[8, 28, 5, 6, 7, 18, 4, 50, 64, 35, 36, 34, 49, 53, 39, 40, 0, 2, 32, 56, 63, 8, 28, 3, 11, 12, 13, 19, 24, 25, 26, 27, 29, 30, 31, 33, 37, 38, 42, 43, 45, 46, 47, 48, 51, 52, 54, 55, 57, 58, 59, 60, 61, 62, 65, 66, 67, 68, 69, 70, 71, 72, 73, 74, 1, 9, 10, 14, 15, 16, 17, 20, 21, 22, 23, 41, 44]
[8, 28, 5, 6, 7, 18, 4, 50, 64, 35, 36, 34, 49, 53, 39, 40, 0, 2, 32, 56, 63, 8, 28, 3, 11, 12, 13, 19, 24, 25, 26, 27, 29, 30, 31, 33, 37, 38, 42, 43, 45, 46, 47, 48, 51, 52, 54, 55, 57, 58, 59, 60, 61, 62, 65, 66, 67, 68, 69, 70, 71, 72, 73, 74, 1, 9, 10, 14, 15, 16, 17, 20, 21, 22, 23, 41, 44]
[8, 28, 5, 6, 7, 18, 4, 50, 64, 35, 36, 34, 49, 53, 39, 40, 0, 2, 32, 56, 63, 8, 28, 3, 11, 12, 13, 19, 24, 25, 26, 27, 29, 30, 31, 33, 37, 38, 42, 43, 45, 46, 47, 48, 51, 52, 54, 55, 57, 58, 59, 60, 61, 62, 65, 66, 67, 68, 69, 70, 71, 72, 73, 74, 1, 9, 10, 14, 15, 16, 17, 20, 21, 22, 23, 41, 44]
[8, 28, 5, 6, 7, 18, 4, 50, 64, 35, 36, 34, 49, 53, 39, 40, 0, 2, 32, 56, 63, 8, 28, 3, 11, 12, 13, 19, 24, 25, 26, 27, 29, 30, 31, 33, 37, 38, 42, 43, 45, 46, 47, 48, 51, 52, 54, 55, 57, 58, 59, 60, 61, 62, 65, 66, 67, 68, 69, 70, 71, 72, 73, 74, 1, 9, 10, 14, 15, 16, 17, 20, 21, 22, 23, 41, 44]
[8, 28, 5, 6, 7, 18, 4, 50, 64, 35, 36, 34, 49, 53, 39, 40, 0, 2, 32, 56, 63, 8, 28, 3, 11, 12, 13, 19, 24, 25, 26, 27, 29, 30, 31, 33, 37, 38, 42, 43, 45, 46, 47, 48, 51, 52, 54, 55, 57, 58, 59, 60, 61, 62, 65, 66, 67, 68, 69, 70, 71, 72, 73, 74, 1, 9, 10, 14, 15, 16, 17, 20, 21, 22, 23, 41, 44]
[8, 28, 5, 6, 7, 18, 4, 50, 64, 35, 36, 34, 49, 53, 39, 40, 0, 2, 32, 56, 63, 8, 28, 3, 11, 12, 13, 19, 24, 25, 26, 27, 29, 30, 31, 33, 37, 38, 42, 43, 45, 46, 47, 48, 51, 52, 54, 55, 57, 58, 59, 60, 61, 62, 65, 66, 67, 68, 69, 70, 71, 72, 73, 74, 1, 9, 10, 14, 15, 16, 17, 20, 21, 22, 23, 41, 44]
[8, 28, 5, 6, 7, 18, 4, 50, 64, 35, 36, 34, 49, 53, 39, 40, 0, 2, 32, 56, 63, 8, 28, 3, 11, 12, 13, 19, 24, 25, 26, 27, 29, 30, 31, 33, 37, 38, 42, 43, 45, 46, 47, 48, 51, 52, 54, 55, 57, 58, 59, 60, 61, 62, 65, 66, 67, 68, 69, 70, 71, 72, 73, 74, 1, 9, 10, 14, 15, 16, 17, 20, 21, 22, 23, 41, 44]
[8, 28, 5, 6, 7, 18, 4, 50, 64, 35, 36, 34, 49, 53, 39, 40, 0, 2, 32, 56, 63, 8, 28, 3, 11, 12, 13, 19, 24, 25, 26, 27, 29, 30, 31, 33, 37, 38, 42, 43, 45, 46, 47, 48, 51, 52, 54, 55, 57, 58, 59, 60, 61, 62, 65, 66, 67, 68, 69, 70, 71, 72, 73, 74, 1, 9, 10, 14, 15, 16, 17, 20, 21, 22, 23, 41, 44]
[8, 28, 5, 6, 7, 18, 4, 50, 64, 35, 36, 34, 49, 53, 39, 40, 0, 2, 32, 56, 63, 8, 28, 3, 11, 12, 13, 19, 24, 25, 26, 27, 29, 30, 31, 33, 37, 38, 42, 43, 45, 46, 47, 48, 51, 52, 54, 55, 57, 58, 59, 60, 61, 62, 65, 66, 67, 68, 69, 70, 71, 72, 73, 74, 1, 9, 10, 14, 15, 16, 17, 20, 21, 22, 23, 41, 44]
[8, 28, 5, 6, 7, 18, 4, 50, 64, 35, 36, 34, 49, 53, 39, 40, 0, 2, 32, 56, 63, 8, 28, 3, 11, 12, 13, 19, 24, 25, 26, 27, 29, 30, 31, 33, 37, 38, 42, 43, 45, 46, 47, 48, 51, 52, 54, 55, 57, 58, 59, 60, 61, 62, 65, 66, 67, 68, 69, 70, 71, 72, 73, 74, 1, 9, 10, 14, 15, 16, 17, 20, 21, 22, 23, 41, 44]
[8, 28, 5, 6, 7, 18, 4, 50, 64, 35, 36, 34, 49, 53, 39, 40, 0, 2, 32, 56, 63, 8, 28, 3, 11, 12, 13, 19, 24, 25, 26, 27, 29, 30, 31, 33, 37, 38, 42, 43, 45, 46, 47, 48, 51, 52, 54, 55, 57, 58, 59, 60, 61, 62, 65, 66, 67, 68, 69, 70, 71, 72, 73, 74, 1, 9, 10, 14, 15, 16, 17, 20, 21, 22, 23, 41, 44]
[8, 28, 5, 6, 7, 18, 4, 50, 64, 35, 36, 34, 49, 53, 39, 40, 0, 2, 32, 56, 63, 8, 28, 3, 11, 12, 13, 19, 24, 25, 26, 27, 29, 30, 31, 33, 37, 38, 42, 43, 45, 46, 47, 48, 51, 52, 54, 55, 57, 58, 59, 60, 61, 62, 65, 66, 67, 68, 69, 70, 71, 72, 73, 74, 1, 9, 10, 14, 15, 16, 17, 20, 21, 22, 23, 41, 44]
[8, 28, 5, 6, 7, 18, 4, 50, 64, 35, 36, 34, 49, 53, 39, 40, 0, 2, 32, 56, 63, 8, 28, 3, 11, 12, 13, 19, 24, 25, 26, 27, 29, 30, 31, 33, 37, 38, 42, 43, 45, 46, 47, 48, 51, 52, 54, 55, 57, 58, 59, 60, 61, 62, 65, 66, 67, 68, 69, 70, 71, 72, 73, 74, 1, 9, 10, 14, 15, 16, 17, 20, 21, 22, 23, 41, 44]
[8, 28, 5, 6, 7, 18, 4, 50, 64, 35, 36, 34, 49, 53, 39, 40, 0, 2, 32, 56, 63, 8, 28, 3, 11, 12, 13, 19, 24, 25, 26, 27, 29, 30, 31, 33, 37, 38, 42, 43, 45, 46, 47, 48, 51, 52, 54, 55, 57, 58, 59, 60, 61, 62, 65, 66, 67, 68, 69, 70, 71, 72, 73, 74, 1, 9, 10, 14, 15, 16, 17, 20, 21, 22, 23, 41, 44]
[8, 28, 5, 6, 7, 18, 4, 50, 64, 35, 36, 34, 49, 53, 39, 40, 0, 2, 32, 56, 63, 8, 28, 3, 11, 12, 13, 19, 24, 25, 26, 27, 29, 30, 31, 33, 37, 38, 42, 43, 45, 46, 47, 48, 51, 52, 54, 55, 57, 58, 59, 60, 61, 62, 65, 66, 67, 68, 69, 70, 71, 72, 73, 74, 1, 9, 10, 14, 15,'
Done reranking query 912. Elapsed time since start: 12939.48 seconds.
Done reranking query 913. Elapsed time since start: 12958.42 seconds.
Done reranking query 914. Elapsed time since start: 12967.66 seconds.
Done reranking query 915. Elapsed time since start: 13015.32 seconds.
Saved 915 reranked responses to Gemini_text-reranked-75-indices.json
Saved 915 reranked responses to Gemini_structured-reranked-75-indices.json
Done reranking query 916. Elapsed time since start: 13029.50 seconds.
Error parsing or validating JSON: Expecting value: line 1 column 1 (char 0)
Failed to parse JSON. Raw response: '```python
chunks = ['and describe our ranking model. Next, we present the experimental framework and data. Evaluation results conclude the paper. Related Work Local coherence has been extensively studied within the modeling framework put forward by Centering Theory (Grosz et al., 1995; Walker et al., 1998; Strube and Hahn, 1999; Poesio et al., 2004; Kibble and Power, 2004) . One of the main assumptions underlying Centering is that a text segment which foregrounds a single entity is perceived to be more coherent than a segment in which multiple entities are discussed. The theory formalizes this intuition by introducing constraints on the distribution of discourse entities in coherent text. These constraints are formulated in terms of focus, the most salient entity in a discourse segment, and transition of focus between adjacent sentences. The theory also establishes constraints on the linguistic realization of focus, suggesting that it is more likely to appear in prominent syntactic positions (such as subject or object), and to', 'and describe our ranking model. Next, we present the experimental framework and data. Evaluation results conclude the paper. Related Work Local coherence has been extensively studied within the modeling framework put forward by Centering Theory (Grosz et al., 1995; Walker et al., 1998; Strube and Hahn, 1999; Poesio et al., 2004; Kibble and Power, 2004) . One of the main assumptions underlying Centering is that a text segment which foregrounds a single entity is perceived to be more coherent than a segment in which multiple entities are discussed. The theory formalizes this intuition by introducing constraints on the distribution of discourse entities in coherent text. These constraints are formulated in terms of focus, the most salient entity in a discourse segment, and transition of focus between adjacent sentences. The theory also establishes constraints on the linguistic realization of focus, suggesting that it is more likely to appear in prominent syntactic positions (such as subject or object), and to', 'This paper considers the problem of automatic assessment of local coherence. We present a novel entity-based representation of discourse which is inspired by Centering Theory and can be computed automatically from raw text. We view coherence assessment as a ranking learning problem and show that the proposed discourse representation supports the effective learning of a ranking function. Our experiments demonstrate that the induced model achieves significantly higher accuracy than a state-of-the-art coherence model. Introduction A key requirement for any system that produces text is the coherence of its output. Not surprisingly, a variety of coherence theories have been developed over the years (e.g., Mann and Thomson, 1988; Grosz et al. 1995) and their principles have found application in many symbolic text generation systems (e.g., Scott and de Souza, 1990 ; Kibble and Power, 2004) . The ability of these systems to generate high quality text, almost indistinguishable from human writing, makes the', 'This paper considers the problem of automatic assessment of local coherence. We present a novel entity-based representation of discourse which is inspired by Centering Theory and can be computed automatically from raw text. We view coherence assessment as a ranking learning problem and show that the proposed discourse representation supports the effective learning of a ranking function. Our experiments demonstrate that the induced model achieves significantly higher accuracy than a state-of-the-art coherence model. Introduction A key requirement for any system that produces text is the coherence of its output. Not surprisingly, a variety of coherence theories have been developed over the years (e.g., Mann and Thomson, 1988; Grosz et al. 1995) and their principles have found application in many symbolic text generation systems (e.g., Scott and de Souza, 1990 ; Kibble and Power, 2004) . The ability of these systems to generate high quality text, almost indistinguishable from human writing, makes the', 'a corpus based evaluation of Centering theory found that only 42% of pairs of adjacent sentences have at least one entity in common and hypothesized that discourse relations are responsible for creating local coherence in the remaining cases (Poesio et al., 2004) . At the same time, the work of Knott et al. (2001) has discussed several theoretical complications arising from the existence of the very common and semantically weak ELABO-RATION relation. These researchers propose that replacing ELABORATION by an account of entity coherence such as Centering will be most beneficial. But work in information ordering (Karamanis, 2007) has not been able to confirm such claims that better results can be obtained by combining entity coherence with discourse relations. Till recently, the absence of large corpora annotated for both discourse relations and coreference information has prohibited a detailed joint analysis of attentional and relational structure. We combine two recently released corpora: discourse relations', 'which captures text relatedness at the level of sentence-to-sentence transitions, and is essential for generating globally coherent text. The key premise of our work is that the distribution of entities in locally coherent texts exhibits certain regularities. This assumption is not arbitrary -some of these regularities have been recognized in Centering Theory (Grosz et al., 1995) and other entity-based theories of discourse. The algorithm introduced in the paper automatically abstracts a text into a set of entity transition sequences, a representation that reflects distributional, syntactic, and referential information about discourse entities. We argue that this representation of discourse allows the system to learn the properties of locally coherent texts opportunistically from a given corpus, without recourse to manual annotation or a predefined knowledge base. We view coherence assessment as a ranking problem and present an efficiently learnable model that orders alternative renderings of the same', 'which captures text relatedness at the level of sentence-to-sentence transitions, and is essential for generating globally coherent text. The key premise of our work is that the distribution of entities in locally coherent texts exhibits certain regularities. This assumption is not arbitrary -some of these regularities have been recognized in Centering Theory (Grosz et al., 1995) and other entity-based theories of discourse. The algorithm introduced in the paper automatically abstracts a text into a set of entity transition sequences, a representation that reflects distributional, syntactic, and referential information about discourse entities. We argue that this representation of discourse allows the system to learn the properties of locally coherent texts opportunistically from a given corpus, without recourse to manual annotation or a predefined knowledge base. We view coherence assessment as a ranking problem and present an efficiently learnable model that orders alternative renderings of the same', 'metrics on manually annotated corpora. For instance, Miltsakaki and Kukich (2000) annotate a corpus of student essays with transition information, and show that the distribution of transitions correlates with human grades. Karamanis et al. (2004) use a similar methodology to compare coherence metrics with respect to their usefulness for text planning in generation. The present work differs from these approaches in two key respects. First, our method does not require manual annotation of input texts. We do not aim to produce complete centering annotations; in-stead, our inference procedure is based on a discourse representation that preserves essential entity transition information, and can be computed automatically from raw text. Second, we learn patterns of entity distribution from a corpus, without attempting to directly implement or refine Centering constraints. The Coherence Model In this section we introduce our entity-based representation of discourse. We describe how it can be computed and how entity', 'metrics on manually annotated corpora. For instance, Miltsakaki and Kukich (2000) annotate a corpus of student essays with transition information, and show that the distribution of transitions correlates with human grades. Karamanis et al. (2004) use a similar methodology to compare coherence metrics with respect to their usefulness for text planning in generation. The present work differs from these approaches in two key respects. First, our method does not require manual annotation of input texts. We do not aim to produce complete centering annotations; in-stead, our inference procedure is based on a discourse representation that preserves essential entity transition information, and can be computed automatically from raw text. Second, we learn patterns of entity distribution from a corpus, without attempting to directly implement or refine Centering constraints. The Coherence Model In this section we introduce our entity-based representation of discourse. We describe how it can be computed and how entity', 'discourse (also called rhetorical or coherence) relations such as CONTRAST and CAUSE are inferred by the reader between adjacent units of text. The existence of richly annotated corpora and the development of automatic applications based on the theories have allowed empirical assessments of the validity and generality of these theories individually. Such work has also provided increasingly strong evidence that attentional and relational structures need to be taken into account simultaneously. The motivation behind such proposals have been the empirical findings that "weak" discourse relations such as ELABORATION are the most common type of relations, and that a large percentage of adjacent sentences in fact do not have any entities in common. In particular, a corpus based evaluation of Centering theory found that only 42% of pairs of adjacent sentences have at least one entity in common and hypothesized that discourse relations are responsible for creating local coherence in the remaining cases (Poesio et', 'any entities at all, and about 60% are related by weak discourse relations. We test the hypothesis from prior work that these two types of coherence are complementary to each other and taken together explain most local coherence. We find that the two types of coherence mechanisms are neither mutually exclusive nor do they explain all the data. Future work in discourse analysis will need to develop better understanding of how the two types of coherence interact.', "which we argue captures important patterns of sentence transitions. We re-conceptualize coherence assessment as a ranking task and show that our entity-based representation is well suited for learning an appropriate ranking function; we achieve good performance on text ordering and summary coherence evaluation. On the linguistic side, our results yield empirical support to some of Centering Theory's main claims. We show that coherent texts are characterized by transitions with particular properties which do not hold for all discourses. Our work, however, not only validates these findings, but also quantitatively measures the predictive power of various linguistic features for the task of coherence assessment. An important future direction lies in augmenting our entity-based model with lexico-semantic knowledge. One way to achieve this goal is to cluster entities based on their semantic relatedness, thereby cre-ating a grid representation over lexical chains (Morris and Hirst, 1991 ). An entirely different", "which we argue captures important patterns of sentence transitions. We re-conceptualize coherence assessment as a ranking task and show that our entity-based representation is well suited for learning an appropriate ranking function; we achieve good performance on text ordering and summary coherence evaluation. On the linguistic side, our results yield empirical support to some of Centering Theory's main claims. We show that coherent texts are characterized by transitions with particular properties which do not hold for all discourses. Our work, however, not only validates these findings, but also quantitatively measures the predictive power of various linguistic features for the task of coherence assessment. An important future direction lies in augmenting our entity-based model with lexico-semantic knowledge. One way to achieve this goal is to cluster entities based on their semantic relatedness, thereby cre-ating a grid representation over lexical chains (Morris and Hirst, 1991 ). An entirely different", 'sentences or generated clauses should be presented to the user. Most models attempting to capture local coherence between sentences were based on or inspired by centering theory (Grosz et al., 1995) , which postulated strong links between the center of attention in comprehension of adjacent sentences and syntactic position and form of reference. In a detailed study of information ordering in three very different corpora, (Karamanis et al., to appear) assessed the performance of various formulations of centering. Their results were somewhat unexpected, showing that while centering transition preferences were useful, the most successful strategy for information ordering was based on avoid-ing rough shifts, that is, sequences of sentences that share no entities in common. This supports previous findings that such types of transitions are associated with poorly written text and can be used to improve the accuracy of automatic grading of essays based on various non-discourse features (Miltsakaki and Kukich, 2000)', 'sentences or generated clauses should be presented to the user. Most models attempting to capture local coherence between sentences were based on or inspired by centering theory (Grosz et al., 1995) , which postulated strong links between the center of attention in comprehension of adjacent sentences and syntactic position and form of reference. In a detailed study of information ordering in three very different corpora, (Karamanis et al., to appear) assessed the performance of various formulations of centering. Their results were somewhat unexpected, showing that while centering transition preferences were useful, the most successful strategy for information ordering was based on avoid-ing rough shifts, that is, sequences of sentences that share no entities in common. This supports previous findings that such types of transitions are associated with poorly written text and can be used to improve the accuracy of automatic grading of essays based on various non-discourse features (Miltsakaki and Kukich, 2000)', 'our entity-based model with lexico-semantic knowledge. One way to achieve this goal is to cluster entities based on their semantic relatedness, thereby cre-ating a grid representation over lexical chains (Morris and Hirst, 1991 ). An entirely different approach is to develop fully lexicalized models, akin to traditional language models. Cache language models (Kuhn and Mori, 1990) seem particularly promising in this context. In the discourse literature, entity-based theories are primarily applied at the level of local coherence, while relational models, such as Rhetorical Structure Theory (Mann and Thomson, 1988; Marcu, 2000) , are used to model the global structure of discourse. We plan to investigate how to combine the two for improved prediction on both local and global levels, with the ultimate goal of handling longer texts. Acknowledgments The authors acknowledge the support of the National Science Foundation (Barzilay; CAREER grant IIS-0448168 and grant IIS-0415865) and EPSRC (Lapata; grant', 'our entity-based model with lexico-semantic knowledge. One way to achieve this goal is to cluster entities based on their semantic relatedness, thereby cre-ating a grid representation over lexical chains (Morris and Hirst, 1991 ). An entirely different approach is to develop fully lexicalized models, akin to traditional language models. Cache language models (Kuhn and Mori, 1990) seem particularly promising in this context. In the discourse literature, entity-based theories are primarily applied at the level of local coherence, while relational models, such as Rhetorical Structure Theory (Mann and Thomson, 1988; Marcu, 2000) , are used to model the global structure of discourse. We plan to investigate how to combine the two for improved prediction on both local and global levels, with the ultimate goal of handling longer texts. Acknowledgments The authors acknowledge the support of the National Science Foundation (Barzilay; CAREER grant IIS-0448168 and grant IIS-0415865) and EPSRC (Lapata; grant', 'automatic methods to predict the structure and coherence of texts. They include entity approaches for local coherence which track the repetition and syntactic realization of entities in adjacent sentences (Barzilay and Lapata, 2008; Elsner and Charniak, 2008) and content approaches for global coherence which view texts as a sequence of topics, each characterized by a particular distribution of lexical items (Barzilay and Lee, 2004; Fung and Ngai, 2006) . Other work has shown that co-occurrence of words (Lapata, 2003; Soricut and Marcu, 2006) and discourse relations (Pitler and Nenkova, 2008; Lin et al., 2011 ) also predict coherence. Early theories (Grosz and Sidner, 1986 ) posited that there are three factors which collectively con-tribute to coherence: intentional structure (purpose of discourse), attentional structure (what items are discussed) and the organization of discourse segments. The highly successful entity approaches capture attentional structure and content approaches are related to topic', 'automatic methods to predict the structure and coherence of texts. They include entity approaches for local coherence which track the repetition and syntactic realization of entities in adjacent sentences (Barzilay and Lapata, 2008; Elsner and Charniak, 2008) and content approaches for global coherence which view texts as a sequence of topics, each characterized by a particular distribution of lexical items (Barzilay and Lee, 2004; Fung and Ngai, 2006) . Other work has shown that co-occurrence of words (Lapata, 2003; Soricut and Marcu, 2006) and discourse relations (Pitler and Nenkova, 2008; Lin et al., 2011 ) also predict coherence. Early theories (Grosz and Sidner, 1986 ) posited that there are three factors which collectively con-tribute to coherence: intentional structure (purpose of discourse), attentional structure (what items are discussed) and the organization of discourse segments. The highly successful entity approaches capture attentional structure and content approaches are related to topic', 'We present a model for discourse coherence which combines the local entitybased approach of (Barzilay and Lapata, 2005) and the HMM-based content model of ( Barzilay and Lee, 2004) . Unlike the mixture model of (Soricut and Marcu, 2006) , we learn local and global features jointly, providing a better theoretical explanation of how they are useful. As the local component of our model we adapt (Barzilay and Lapata, 2005)  by relaxing independence assumptions so that it is effective when estimated generatively. Our model performs the ordering task competitively with (Soricut and Marcu, 2006) , and significantly better than either of the models it is based on. Introduction Models of coherent discourse are central to several tasks in natural language processing: such models have been used in text generation (Kibble and Power, 2004 ) and evaluation of human-produced text in educational applications (Miltsakaki and Kukich, 2004; Higgins et al., 2004) . Moreover, an accurate model can reveal information about', 'salience information into account consistently outperform models that do not. The effect of salience is less pronounced for the summarization task when it is combined with coreference information (Coreference + Salience). This is expected, since accurate identification of coreferring entities is prerequisite to deriving accurate salience models. However, as explained above, our automatic coreference tool introduces substantial noise in our representation. Once this noise is removed (see Syn-tax+Salience), the salience model has a clear advantage over the other models. Discussion and Conclusions In this paper we proposed a novel framework for representing and measuring text coherence. Central to this framework is the entity grid representation of discourse which we argue captures important patterns of sentence transitions. We re-conceptualize coherence assessment as a ranking task and show that our entity-based representation is well suited for learning an appropriate ranking function; we achieve good', 'salience information into account consistently outperform models that do not. The effect of salience is less pronounced for the summarization task when it is combined with coreference information (Coreference + Salience). This is expected, since accurate identification of coreferring entities is prerequisite to deriving accurate salience models. However, as explained above, our automatic coreference tool introduces substantial noise in our representation. Once this noise is removed (see Syn-tax+Salience), the salience model has a clear advantage over the other models. Discussion and Conclusions In this paper we proposed a novel framework for representing and measuring text coherence. Central to this framework is the entity grid representation of discourse which we argue captures important patterns of sentence transitions. We re-conceptualize coherence assessment as a ranking task and show that our entity-based representation is well suited for learning an appropriate ranking function; we achieve good', 'entity distribution from a corpus, without attempting to directly implement or refine Centering constraints. The Coherence Model In this section we introduce our entity-based representation of discourse. We describe how it can be computed and how entity transition patterns can be extracted. The latter constitute a rich feature space on which probabilistic inference is performed. Text Representation Each text is represented by an entity grid, a two-dimensional array that captures the distribution of discourse entities across text sentences. We follow Miltsakaki and Kukich (2000) in assuming that our unit of analysis is the traditional sentence (i.e., a main clause with accompanying subordinate and adjunct clauses). The rows of the grid correspond to sentences, while the columns correspond to discourse entities. By discourse entity we mean a class of coreferent noun phrases. For each occurrence of a discourse entity in the text, the corresponding grid cell contains information about its grammatical role in the', 'entity distribution from a corpus, without attempting to directly implement or refine Centering constraints. The Coherence Model In this section we introduce our entity-based representation of discourse. We describe how it can be computed and how entity transition patterns can be extracted. The latter constitute a rich feature space on which probabilistic inference is performed. Text Representation Each text is represented by an entity grid, a two-dimensional array that captures the distribution of discourse entities across text sentences. We follow Miltsakaki and Kukich (2000) in assuming that our unit of analysis is the traditional sentence (i.e., a main clause with accompanying subordinate and adjunct clauses). The rows of the grid correspond to sentences, while the columns correspond to discourse entities. By discourse entity we mean a class of coreferent noun phrases. For each occurrence of a discourse entity in the text, the corresponding grid cell contains information about its grammatical role in the', '3 An Alternative to Centering The Model The realization and the structure of my model departs significantly from the centering model: • The model consists of one construct with one operation: the list of salient discourse entities (S-list) with an insertion operation. • The S-list describes the attentional state of the hearer at any given point in processing a discourse. • The S-list contains some (not necessarily all) discourse entities which are realized in the current and the previous utterance. • The elements of the S-list are ranked according to their information status. The order among the elements provides directly the preference for the interpretation of anaphoric expressions. In contrast to the centering model, my model does not need a construct which looks back; it does not need transitions and transition ranking criteria. Instead of using the Cb to account for local coherence, in my model this is achieved by comparing the first element of the S-list with the preceding state. Strube & Hahn (1996)', '3 An Alternative to Centering The Model The realization and the structure of my model departs significantly from the centering model: • The model consists of one construct with one operation: the list of salient discourse entities (S-list) with an insertion operation. • The S-list describes the attentional state of the hearer at any given point in processing a discourse. • The S-list contains some (not necessarily all) discourse entities which are realized in the current and the previous utterance. • The elements of the S-list are ranked according to their information status. The order among the elements provides directly the preference for the interpretation of anaphoric expressions. In contrast to the centering model, my model does not need a construct which looks back; it does not need transitions and transition ranking criteria. Instead of using the Cb to account for local coherence, in my model this is achieved by comparing the first element of the S-list with the preceding state. Strube & Hahn (1996)', 'In fact, a long line of linguistics and computational linguistics tradition has proposed that several levels of structure contribute to the creation of coherent discourse. Among these, the attentional structure (Grosz et al., 1995) and the relational structure (Mann and Thompson, 1988) of text, are the most widely discussed in the literature. Centering theory (Grosz et al., 1995) is the dominant approach for describing and analyzing attentional structure. It assumes that readers of the text focus (center) their attention on a small number of salient discourse entities at a time and that there are preferred patterns for switching attention between entities mentioned in adjacent sentences. Relational structure theories, on the other hand, describe how certain discourse (also called rhetorical or coherence) relations such as CONTRAST and CAUSE are inferred by the reader between adjacent units of text. The existence of richly annotated corpora and the development of automatic applications based on the theories', 'results demonstrate the effectiveness of our entity-based ranking model within the general framework of coherence assessment. First, we evaluate the utility of the model in a text ordering task where our algorithm has to select a maximally coherent sentence order from a set of candidate permutations. Second, we compare the rankings produced by the model against human coherence judgments elicited for automatically generated summaries. In both experiments, our method yields a significant improvement over a state-of-the-art coherence model based on Latent Semantic Analysis (Foltz et al., 1998) . In the following section, we provide an overview of existing work on the automatic assessment of local coherence. Then, we introduce our entity-based representation, and describe our ranking model. Next, we present the experimental framework and data. Evaluation results conclude the paper. Related Work Local coherence has been extensively studied within the modeling framework put forward by Centering Theory (Grosz et', 'results demonstrate the effectiveness of our entity-based ranking model within the general framework of coherence assessment. First, we evaluate the utility of the model in a text ordering task where our algorithm has to select a maximally coherent sentence order from a set of candidate permutations. Second, we compare the rankings produced by the model against human coherence judgments elicited for automatically generated summaries. In both experiments, our method yields a significant improvement over a state-of-the-art coherence model based on Latent Semantic Analysis (Foltz et al., 1998) . In the following section, we provide an overview of existing work on the automatic assessment of local coherence. Then, we introduce our entity-based representation, and describe our ranking model. Next, we present the experimental framework and data. Evaluation results conclude the paper. Related Work Local coherence has been extensively studied within the modeling framework put forward by Centering Theory (Grosz et', 'for such phenomena as the following: • that arguments of a coherence relation can be stretched "long distance" by intervening material; • that multiple discourse cues can appear in a single sentence or even a single clause; • that when discourse cues appear in the middle of clauses, they contribute to coherence in more specific ways; • that coherence relations can vary in how and when they are realized lexically. One way of understanding the current work is that it extrapolates from lexically-based views of how structure and meaning are associated within a sentence to how aspects of discourse structure and meaning might be associated in similar ways. While the idea that discourse-level mechanisms might resemble intra-sentential mechanisms has long been an undercurrent within discourse research, we have come to believe that the framework of lexicalized grammar can be effecti\'.\'ely used to demonstrate the validity of this intuition. While we present the ideas in terms of one well-known formalism -Lexicalized', 'has become a main concern for many NLP tasks. This fact explains a new trend to develop accurate unsupervised systems that exploit simple but robust linguistic principles (Raghunathan et al., 2010) . In this work, we study the coherence of the predicate and argument realization in discourse. In particular, we have followed a similar approach to the one proposed by Dahl et al. (1987) who filled the arguments of anaphoric mentions of nominal predicates using previous mentions of the same predicate. We present an extension of this idea assuming that in a coherent document the different ocurrences of a predicate, including both verbal and nominal forms, tend to be mentions of the same event, and thus, they share the same argument fillers. Following this approach, we have developed a deterministic algorithm that obtains competitive results with respect to supervised methods. That is, our system can be applied to any predicate without training data. The main contributions of this work are the following: • We', 'in which the same entity was mentioned in subject position in two adjacent sentences, is negatively correlated with readability. In centering theory, this is considered the most coherent type of transition, keeping the same center of attention. Moreover, the feature most strongly correlated with readability is the S-N transition (0.31) in which the subject of one sentence does not appear at all in the following sen-6 http://www.cs.brown.edu/ melsner/manual.html 7 The Brown Coherence Toolkit identifies NPs as the same entity if they have identical head nouns. tence. Of course, it is difficult to interpret the entity grid features one by one, since they are interdependent and probably it is the interaction of features (relative proportions of transitions) that capture overall readability patterns. Discourse relations Discourse relations are believed to be a major factor in text coherence. We computed another language model which is over discourse relations instead of words. We treat each text as a bag of', 'in which the same entity was mentioned in subject position in two adjacent sentences, is negatively correlated with readability. In centering theory, this is considered the most coherent type of transition, keeping the same center of attention. Moreover, the feature most strongly correlated with readability is the S-N transition (0.31) in which the subject of one sentence does not appear at all in the following sen-6 http://www.cs.brown.edu/ melsner/manual.html 7 The Brown Coherence Toolkit identifies NPs as the same entity if they have identical head nouns. tence. Of course, it is difficult to interpret the entity grid features one by one, since they are interdependent and probably it is the interaction of features (relative proportions of transitions) that capture overall readability patterns. Discourse relations Discourse relations are believed to be a major factor in text coherence. We computed another language model which is over discourse relations instead of words. We treat each text as a bag of', 'segment, and transition of focus between adjacent sentences. The theory also establishes constraints on the linguistic realization of focus, suggesting that it is more likely to appear in prominent syntactic positions (such as subject or object), and to be referred to with anaphoric expressions. A great deal of research has attempted to translate principles of Centering Theory into a robust coherence metric (Miltsakaki and Kukich, 2000; Hasler, 2004; Karamanis et al., 2004) . Such a translation is challenging in several respects: one has to specify the "free parameters" of the system (Poesio et al., 2004) and to determine ways of combining the effects of various constraints. A common methodology that has emerged in this research is to develop and evaluate coherence metrics on manually annotated corpora. For instance, Miltsakaki and Kukich (2000) annotate a corpus of student essays with transition information, and show that the distribution of transitions correlates with human grades. Karamanis et al. (2004)', 'segment, and transition of focus between adjacent sentences. The theory also establishes constraints on the linguistic realization of focus, suggesting that it is more likely to appear in prominent syntactic positions (such as subject or object), and to be referred to with anaphoric expressions. A great deal of research has attempted to translate principles of Centering Theory into a robust coherence metric (Miltsakaki and Kukich, 2000; Hasler, 2004; Karamanis et al., 2004) . Such a translation is challenging in several respects: one has to specify the "free parameters" of the system (Poesio et al., 2004) and to determine ways of combining the effects of various constraints. A common methodology that has emerged in this research is to develop and evaluate coherence metrics on manually annotated corpora. For instance, Miltsakaki and Kukich (2000) annotate a corpus of student essays with transition information, and show that the distribution of transitions correlates with human grades. Karamanis et al. (2004)', 'Till recently, the absence of large corpora annotated for both discourse relations and coreference information has prohibited a detailed joint analysis of attentional and relational structure. We combine two recently released corpora: discourse relations from the Penn Discourse Treebank and coreference annotations from the OntoNotes corpus, to assess the prevalence and interplay between factors that create local coherence in newspaper text. Specifically, in our study we examine how three hypotheses formulated in prior work play out in the Wall Street Journal texts in our corpus: Hypothesis 1 Adjacent sentences that do not share entities are related by non-elaboration discourse relations [Poesio et al. (2004) Hypothesis 3 Almost all pairs of sentences in a coherent text either share entities or participate in nonelaboration discourse relation (Knott et al., 2001; Poesio et al., 2004) . None of these hypotheses are validated. We find that only 38.65% of pairs that do not share entities participate in "core"', 'Barzilay, 2005) , are designed to capture some ideas of Centering Theory (Grosz et al., 1995) , namely that adjacent utterances in a locally coherent discourses are likely to contain the same nouns, and that important nouns often appear in syntactically important roles such as subject or object. An entity grid represents a document as a matrix with a column for each entity, and a row for each sentence. The entry r i,j describes the syntactic role of entity j in sentence i: these roles are subject (S), object (O), or some other role (X) 1 . In addition there is a special marker (-) for nouns which do not appear at all in a given sentence. Each noun appears only once in a given row of the grid; if a noun appears multiple times, its grid symbol describes the most important of its syntactic roles: subject if possible, then object, or finally other. An example text is figure 1 , whose grid is figure 2. Nouns are also treated as salient or non-salient, another important concern of Centering Theory. We condition', 'earlier in the discourse. Here is an example five sentence paragraph with list relations but no entity repetition at all. In Ex. 10, as well as some others, a broad notion of entity coherence-bridging anaphora can be applied. Poesio et al. (2004) also note this fact, but also say that such instances are very difficult to annotate reliably. Our work is based on coreference annotations which can be marked with considerably high inter-annotator agreement. Conclusions The recent release of corpora annotated for coreference and discourse relations for the same texts have made possible to empirically assess claims about the interaction between two types of local coherence: relational and entity. We find that about half of the pairs of adjacent sentences do not share any entities at all, and about 60% are related by weak discourse relations. We test the hypothesis from prior work that these two', 'will consist mostly of gaps (see markets, earnings in Table 1). One would further expect that entities corresponding to dense columns are more often subjects or objects. These characteristics will be less pronounced in low-coherence texts. Inspired by Centering Theory, our analysis revolves around patterns of local entity transitions. A local entity transition is a sequence {S, O, X, -} n that represents entity occurrences and their syntactic roles in n adjacent sentences. Local transitions can be easily obtained from a grid as continuous subsequences of each column. Each transition will have a certain probability in a given grid. For instance, the probability of the transition [S -] in the grid from Table 1 is 0.08 (computed as a ratio of its frequency (i.e., six) divided by the total number of transitions of length two (i.e., 75)). Each text can thus be viewed as a distribution defined over transition types. We believe that considering all entity transitions may uncover new patterns relevant for coherence', 'will consist mostly of gaps (see markets, earnings in Table 1). One would further expect that entities corresponding to dense columns are more often subjects or objects. These characteristics will be less pronounced in low-coherence texts. Inspired by Centering Theory, our analysis revolves around patterns of local entity transitions. A local entity transition is a sequence {S, O, X, -} n that represents entity occurrences and their syntactic roles in n adjacent sentences. Local transitions can be easily obtained from a grid as continuous subsequences of each column. Each transition will have a certain probability in a given grid. For instance, the probability of the transition [S -] in the grid from Table 1 is 0.08 (computed as a ratio of its frequency (i.e., six) divided by the total number of transitions of length two (i.e., 75)). Each text can thus be viewed as a distribution defined over transition types. We believe that considering all entity transitions may uncover new patterns relevant for coherence', 'intentional structure (purpose of discourse), attentional structure (what items are discussed) and the organization of discourse segments. The highly successful entity approaches capture attentional structure and content approaches are related to topic segments but intentional structure has largely been neglected. Every discourse has a purpose: explaining a concept, narrating an event, critiquing an idea and so on. As a result each sentence in the article has a communicative goal and the sequence of goals helps the author achieve the discourse purpose. In this work, we introduce a model to capture coherence from the intentional structure dimension. Our key proposal is that syntactic patterns are a useful proxy for intentional structure. This idea is motivated from the fact that certain sentence types such as questions and definitions have distinguishable and unique syntactic structure. For example, consider the opening sentences of two descriptive articles 1 shown in Table 1 . Sentences (1a) and (2a) are', 'intentional structure (purpose of discourse), attentional structure (what items are discussed) and the organization of discourse segments. The highly successful entity approaches capture attentional structure and content approaches are related to topic segments but intentional structure has largely been neglected. Every discourse has a purpose: explaining a concept, narrating an event, critiquing an idea and so on. As a result each sentence in the article has a communicative goal and the sequence of goals helps the author achieve the discourse purpose. In this work, we introduce a model to capture coherence from the intentional structure dimension. Our key proposal is that syntactic patterns are a useful proxy for intentional structure. This idea is motivated from the fact that certain sentence types such as questions and definitions have distinguishable and unique syntactic structure. For example, consider the opening sentences of two descriptive articles 1 shown in Table 1 . Sentences (1a) and (2a) are', "in adjacent sentences are powerful features for predicting which discourse relation (cause, contrast, etc. ) holds between them. Cocco et al. (2011) show that significant associations exist between certain part of speech tags and sentence types such as explanation, dialog and argumentation. In our model, syntax is represented either as parse tree productions or a sequence of phrasal nodes augmented with part of speech tags. Our best performing method uses a Hidden Markov Model to learn the patterns in these syntactic items. Sections 3 and 5 discuss the representations and their specific implementations and relative advantages. Results show that syntax models can distinguish coherent and incoherent news articles from two domains with 75-90% accuracies over a 50% baseline. In addition, the syntax coherence scores turn out complementary to scores given by lexical and entity models. We also study our models' predictions on academic articles, a genre where intentional structure is widely studied. Sections in", "in adjacent sentences are powerful features for predicting which discourse relation (cause, contrast, etc. ) holds between them. Cocco et al. (2011) show that significant associations exist between certain part of speech tags and sentence types such as explanation, dialog and argumentation. In our model, syntax is represented either as parse tree productions or a sequence of phrasal nodes augmented with part of speech tags. Our best performing method uses a Hidden Markov Model to learn the patterns in these syntactic items. Sections 3 and 5 discuss the representations and their specific implementations and relative advantages. Results show that syntax models can distinguish coherent and incoherent news articles from two domains with 75-90% accuracies over a 50% baseline. In addition, the syntax coherence scores turn out complementary to scores given by lexical and entity models. We also study our models' predictions on academic articles, a genre where intentional structure is widely studied. Sections in", 'Two of the mechanisms for creating natural transitions between adjacent sentences in a text, resulting in local coherence, involve discourse relations and switches of focus of attention between discourse entities. These two aspects of local coherence have been traditionally discussed and studied separately. But some empirical studies have given strong evidence for the necessity of understanding how the two types of coherence-creating devices interact. Here we present a joint corpus study of discourse relations and entity coherence exhibited in news texts from the Wall Street Journal and test several hypotheses expressed in earlier work about their interaction. Introduction Coherent discourse is characterized by local properties that are crucial for comprehension. In fact, a long line of linguistics and computational linguistics tradition has proposed that several levels of structure contribute to the creation of coherent discourse. Among these, the attentional structure (Grosz et al., 1995) and the relational', 'combination. In our example, at depth-2, the quotation sentence gets the representation (w1=" , w2=SDT , w3=, , w4=" , w5=NPNNP , w6=VPVBD , w7=.) where the actual quote is omitted. Sentences that contain attributions are likely to appear more similar to each other when compared using this representation in contrast to representations derived from word or POS sequence. The depth-3 sequence is also indicated in the figure. The main verb of a sentence is central to its structure, so the parameter d is always set to be greater than that of the main verb and is tuned to optimize performance for coherence prediction. Implementing the model We adapt two models of coherence to operate over the two syntactic representations. Local co-occurrence model This model is a direct extension from our pilot study. It allows us to test the assumption that coherent discourse is characterized by syntactic regularities in adjacent sentences. We estimate the probabilities of pairs of syntactic items from adjacent sentences in the', 'combination. In our example, at depth-2, the quotation sentence gets the representation (w1=" , w2=SDT , w3=, , w4=" , w5=NPNNP , w6=VPVBD , w7=.) where the actual quote is omitted. Sentences that contain attributions are likely to appear more similar to each other when compared using this representation in contrast to representations derived from word or POS sequence. The depth-3 sequence is also indicated in the figure. The main verb of a sentence is central to its structure, so the parameter d is always set to be greater than that of the main verb and is tuned to optimize performance for coherence prediction. Implementing the model We adapt two models of coherence to operate over the two syntactic representations. Local co-occurrence model This model is a direct extension from our pilot study. It allows us to test the assumption that coherent discourse is characterized by syntactic regularities in adjacent sentences. We estimate the probabilities of pairs of syntactic items from adjacent sentences in the', "pronoun use the concept of evoked discourse entities. Haji~ov~i et al. (1992) assign the highest value to an evoked discourse entity. Also Lappin & Leass (1994) , who give the subject of the current sentence the highest weight, have an implicit notion of evokedness. The salience weight degrades from one sentence to another by a factor of two which implies that a repeatedly mentioned discourse entity gets a higher weight than a brand-new subject. Conclusions In this paper, I proposed a model for determining the hearer's attentional state which is based on the distinction between hearer-old and hearer-new discourse entities. I showed that my model, though it omits the backward-looking center and the centering transitions, does not lose any of the predictive power of the centering model with respect to anaphora resolution. In contrast to the centering model, my model includes a treatment for intrasentential anaphora and is sufficiently well specified to be applied to real texts. Its incremental character seems", "pronoun use the concept of evoked discourse entities. Haji~ov~i et al. (1992) assign the highest value to an evoked discourse entity. Also Lappin & Leass (1994) , who give the subject of the current sentence the highest weight, have an implicit notion of evokedness. The salience weight degrades from one sentence to another by a factor of two which implies that a repeatedly mentioned discourse entity gets a higher weight than a brand-new subject. Conclusions In this paper, I proposed a model for determining the hearer's attentional state which is based on the distinction between hearer-old and hearer-new discourse entities. I showed that my model, though it omits the backward-looking center and the centering transitions, does not lose any of the predictive power of the centering model with respect to anaphora resolution. In contrast to the centering model, my model includes a treatment for intrasentential anaphora and is sufficiently well specified to be applied to real texts. Its incremental character seems", "Ostendorf, 2005) 's list of features improves classification accuracy by 10%. Readability as coherence for competent language users In linguistics and natural language processing, the text properties rather than those of the reader are emphasized. Text coherence is defined as the ease with which a person (tacitly assumed to be a competent language user) understands a text. Coherent text is characterized by various types of cohesive links that facilitate text comprehension (Halliday and Hasan, 1976) . In recent work, considerable attention has been devoted to entity coherence in text quality, especially in relation to information ordering. In many applications such as text generation and summarization, systems need to decide the order in which selected sentences or generated clauses should be presented to the user. Most models attempting to capture local coherence between sentences were based on or inspired by centering theory (Grosz et al., 1995) , which postulated strong links between the center of", "Ostendorf, 2005) 's list of features improves classification accuracy by 10%. Readability as coherence for competent language users In linguistics and natural language processing, the text properties rather than those of the reader are emphasized. Text coherence is defined as the ease with which a person (tacitly assumed to be a competent language user) understands a text. Coherent text is characterized by various types of cohesive links that facilitate text comprehension (Halliday and Hasan, 1976) . In recent work, considerable attention has been devoted to entity coherence in text quality, especially in relation to information ordering. In many applications such as text generation and summarization, systems need to decide the order in which selected sentences or generated clauses should be presented to the user. Most models attempting to capture local coherence between sentences were based on or inspired by centering theory (Grosz et al., 1995) , which postulated strong links between the center of", 'each sentence, an entity is identified as the subject (S), object (O), other (X) (for example, part of a prepositional phrase), or not present (N). The probability of each transition type is computed. For example, an S-O transition occurs when an entity is the subject in one sentence then an object in the next; X-N transition occurs when an entity appears in non-subject or object position in one sentence and not present in the next, etc. 7 The entity coherence features are the probability of each of these pairs of transitions, for a total of 16 features (F 17−32 ; see complete results in Table 5 ). None of the entity grid features are significantly correlated with the readability ratings. One very interesting result is that the proportion of S-S transitions in which the same entity was mentioned in subject position in two adjacent sentences, is negatively correlated with readability. In centering theory, this is considered the most coherent type of transition, keeping the same center of attention. Moreover,', 'each sentence, an entity is identified as the subject (S), object (O), other (X) (for example, part of a prepositional phrase), or not present (N). The probability of each transition type is computed. For example, an S-O transition occurs when an entity is the subject in one sentence then an object in the next; X-N transition occurs when an entity appears in non-subject or object position in one sentence and not present in the next, etc. 7 The entity coherence features are the probability of each of these pairs of transitions, for a total of 16 features (F 17−32 ; see complete results in Table 5 ). None of the entity grid features are significantly correlated with the readability ratings. One very interesting result is that the proportion of S-S transitions in which the same entity was mentioned in subject position in two adjacent sentences, is negatively correlated with readability. In centering theory, this is considered the most coherent type of transition, keeping the same center of attention. Moreover,', 'language generation (Prasad et al., 2005) and question answering (Verberne et al., 2006) . These annotations include sentence segmentation into discourse units along with the linking of discourse units, both within and across sentence boundaries, into a labeled hierarchical structure. For example, the tree in Figure 1 shows a sentence-level discourse tree for the string "Prices have dropped but remain quite high, according to CEO Smith," which has three discourse segments, each labeled with either "Nucleus" or "Satellite" depending on how central the segment is to the coherence of the text. There are a number of corpora annotated with discourse structure, including the well-known RST Treebank (Carlson et al., 2002) ; the Discourse GraphBank (Wolf and Gibson, 2005) ; and the Penn Discourse Treebank (Miltsakaki et al., 2004) . While the annotation approaches differ across these corpora, the requirement of sentence segmentation into sub-sentential discourse units is shared across all approaches. These resources', 'classes of features as they represent a wide range of information -contextual, syntactic, and lexical -that have been shown to be helpful in previous works and tasks. We now discuss the four categories of features used in our framework. Figure 1 : Two types of discourse dependency structures. Top: fully embedded argument, bottom: shared argument. Contextual Features. Lee et al. (2006) showed that there are a variety of possible dependencies between pairs of discourse relations: independent, fully embedded argument, shared argument, properly contained argument, pure crossing, and partially overlapping argument. They argued that the last three cases -properly contained argument, pure crossing, and partially overlapping argument -can be factored out by appealing to discourse notions such as anaphora and attribution. Moreover, we also observed from the PDTB corpus that fully embedded argument and shared argument are the most common patterns, which are shown in Figure 1 . The top portion of Figure 1 shows a case', 'classes of features as they represent a wide range of information -contextual, syntactic, and lexical -that have been shown to be helpful in previous works and tasks. We now discuss the four categories of features used in our framework. Figure 1 : Two types of discourse dependency structures. Top: fully embedded argument, bottom: shared argument. Contextual Features. Lee et al. (2006) showed that there are a variety of possible dependencies between pairs of discourse relations: independent, fully embedded argument, shared argument, properly contained argument, pure crossing, and partially overlapping argument. They argued that the last three cases -properly contained argument, pure crossing, and partially overlapping argument -can be factored out by appealing to discourse notions such as anaphora and attribution. Moreover, we also observed from the PDTB corpus that fully embedded argument and shared argument are the most common patterns, which are shown in Figure 1 . The top portion of Figure 1 shows a case', 'for coherence prediction and also complements entity and lexical structure of discourse. This result raises interesting questions about how patterns captured by these different coherence metrics vary and how they can be combined usefully for predicting coherence. We plan to explore these ideas in future work. We also want to analyze genre differences to understand if the strength of these coherence dimensions varies with genre. Acknowledgements This work is partially supported by a Google research grant and NSF CAREER 0953445 award. HMM-prod and HMM-d-seq models using Viterbi decoding. Then the proportion of sentences from each state of the two models are added as features. We also add some fine-grained features from the local model. We represent sentences in the training set as either productions or d-sequence items and compute pairs of associated items (x i , x j ) from adjacent sentences using the same chi-square test as in our pilot study. The most significant (lowest pvalues) 30 pairs (each for', 'for coherence prediction and also complements entity and lexical structure of discourse. This result raises interesting questions about how patterns captured by these different coherence metrics vary and how they can be combined usefully for predicting coherence. We plan to explore these ideas in future work. We also want to analyze genre differences to understand if the strength of these coherence dimensions varies with genre. Acknowledgements This work is partially supported by a Google research grant and NSF CAREER 0953445 award. HMM-prod and HMM-d-seq models using Viterbi decoding. Then the proportion of sentences from each state of the two models are added as features. We also add some fine-grained features from the local model. We represent sentences in the training set as either productions or d-sequence items and compute pairs of associated items (x i , x j ) from adjacent sentences using the same chi-square test as in our pilot study. The most significant (lowest pvalues) 30 pairs (each for', "the test set is too small to draw final conclusions, but at least for the texts analyzed the preference for hearer-old discourse entities is more appropriate than the preference given by the BFP-algorithm. 5 Comparison to Related Approaches Kameyama's (1998) version of centering also omits the centering transitions. But she uses the Cb and a ranking over simplified transitions preventing the incremental application of her model.  The focus model (Sidner, 1983; Suri & McCoy, 1994) accounts for evoked discourse entities explicitly because it uses the discourse focus, which is determined by a successful anaphora resolution. Incremental processing is not a topic of these papers. Even models which use salience measures for determining the antecedents of pronoun use the concept of evoked discourse entities. Haji~ov~i et al. (1992) assign the highest value to an evoked discourse entity. Also Lappin & Leass (1994) , who give the subject of the current sentence the highest weight, have an implicit notion of", "the test set is too small to draw final conclusions, but at least for the texts analyzed the preference for hearer-old discourse entities is more appropriate than the preference given by the BFP-algorithm. 5 Comparison to Related Approaches Kameyama's (1998) version of centering also omits the centering transitions. But she uses the Cb and a ranking over simplified transitions preventing the incremental application of her model.  The focus model (Sidner, 1983; Suri & McCoy, 1994) accounts for evoked discourse entities explicitly because it uses the discourse focus, which is determined by a successful anaphora resolution. Incremental processing is not a topic of these papers. Even models which use salience measures for determining the antecedents of pronoun use the concept of evoked discourse entities. Haji~ov~i et al. (1992) assign the highest value to an evoked discourse entity. Also Lappin & Leass (1994) , who give the subject of the current sentence the highest weight, have an implicit notion of", 'We introduce a model of coherence which captures the intentional discourse structure in text. Our work is based on the hypothesis that syntax provides a proxy for the communicative goal of a sentence and therefore the sequence of sentences in a coherent discourse should exhibit detectable structural patterns. Results show that our method has high discriminating power for separating out coherent and incoherent news articles reaching accuracies of up to 90%. We also show that our syntactic patterns are correlated with manual annotations of intentional structure for academic conference articles and can successfully predict the coherence of abstract, introduction and related work sections of these articles. Introduction Recent studies have introduced successful automatic methods to predict the structure and coherence of texts. They include entity approaches for local coherence which track the repetition and syntactic realization of entities in adjacent sentences (Barzilay and Lapata, 2008; Elsner and Charniak,', 'We introduce a model of coherence which captures the intentional discourse structure in text. Our work is based on the hypothesis that syntax provides a proxy for the communicative goal of a sentence and therefore the sequence of sentences in a coherent discourse should exhibit detectable structural patterns. Results show that our method has high discriminating power for separating out coherent and incoherent news articles reaching accuracies of up to 90%. We also show that our syntactic patterns are correlated with manual annotations of intentional structure for academic conference articles and can successfully predict the coherence of abstract, introduction and related work sections of these articles. Introduction Recent studies have introduced successful automatic methods to predict the structure and coherence of texts. They include entity approaches for local coherence which track the repetition and syntactic realization of entities in adjacent sentences (Barzilay and Lapata, 2008; Elsner and Charniak,', "in common. This supports previous findings that such types of transitions are associated with poorly written text and can be used to improve the accuracy of automatic grading of essays based on various non-discourse features (Miltsakaki and Kukich, 2000) . In a more powerful generalization of centering, Barzilay and Lapata (2008) developed a novel approach which doesn't postulate a preference for any type of transition but rather computes a set of features that capture transitions of all kinds in the text and their relative proportion. Their entity coherence features prove to be very suitable for various tasks, notably for information ordering and reading difficulty level. Form of reference is also important in wellwritten text and appropriate choices lead to improved readability. Use of pronouns for reference to highly salient entities is perceived as more desirable than the use of definite noun phrases (Gordon et al., 1993; Krahmer and Theune, 2002) . The syntactic forms of first mention-when an entity is", "in common. This supports previous findings that such types of transitions are associated with poorly written text and can be used to improve the accuracy of automatic grading of essays based on various non-discourse features (Miltsakaki and Kukich, 2000) . In a more powerful generalization of centering, Barzilay and Lapata (2008) developed a novel approach which doesn't postulate a preference for any type of transition but rather computes a set of features that capture transitions of all kinds in the text and their relative proportion. Their entity coherence features prove to be very suitable for various tasks, notably for information ordering and reading difficulty level. Form of reference is also important in wellwritten text and appropriate choices lead to improved readability. Use of pronouns for reference to highly salient entities is perceived as more desirable than the use of definite noun phrases (Gordon et al., 1993; Krahmer and Theune, 2002) . The syntactic forms of first mention-when an entity is", "going) were identified from the parse trees heuristically by devising a set of 30 patterns that search for sequences of modals, auxiliaries and verbs. This is an attempt at capturing temporal coherence by encoding sequences of events and their morphology which indirectly indicates their tense. To give an example consider the text in Figure 3 . For the lemmatized version, sentence (1) will be represented by say, will, be, ask, and approve; for the tensed version, the relevant features will be said, will be asked, and to approve. Nouns. Centering Theory (CT, Grosz et al. 1995 ) is an entity-based theory of local coherence, which claims that certain entities mentioned in an utterance are more central than others and that this property constrains a speaker's use of certain referring expressions. The principles underlying CT (e.g., continuity, salience) are of interest to concept-to-text generation as they offer an entity-based model of text and sentence planning which is particularly suited for descriptional", "going) were identified from the parse trees heuristically by devising a set of 30 patterns that search for sequences of modals, auxiliaries and verbs. This is an attempt at capturing temporal coherence by encoding sequences of events and their morphology which indirectly indicates their tense. To give an example consider the text in Figure 3 . For the lemmatized version, sentence (1) will be represented by say, will, be, ask, and approve; for the tensed version, the relevant features will be said, will be asked, and to approve. Nouns. Centering Theory (CT, Grosz et al. 1995 ) is an entity-based theory of local coherence, which claims that certain entities mentioned in an utterance are more central than others and that this property constrains a speaker's use of certain referring expressions. The principles underlying CT (e.g., continuity, salience) are of interest to concept-to-text generation as they offer an entity-based model of text and sentence planning which is particularly suited for descriptional", "going) were identified from the parse trees heuristically by devising a set of 30 patterns that search for sequences of modals, auxiliaries and verbs. This is an attempt at capturing temporal coherence by encoding sequences of events and their morphology which indirectly indicates their tense. To give an example consider the text in Figure 3 . For the lemmatized version, sentence (1) will be represented by say, will, be, ask, and approve; for the tensed version, the relevant features will be said, will be asked, and to approve. Nouns. Centering Theory (CT, Grosz et al. 1995 ) is an entity-based theory of local coherence, which claims that certain entities mentioned in an utterance are more central than others and that this property constrains a speaker's use of certain referring expressions. The principles underlying CT (e.g., continuity, salience) are of interest to concept-to-text generation as they offer an entity-based model of text and sentence planning which is particularly suited for descriptional", 'Hearst, 1997) , which may be used to identify the subtopic structure of a text. Miltsakaki and Kukich (2000) have also addressed the issue of establishing the coherence of student essays, using the Rough Shift element of Centering Theory. Again, this previous work looks at the relatedness of adjacent text segments, and does not explore global aspects of text coherence. Hierarchical models of discourse have been applied to the question of coherence (Mann and Thompson, 1986) , but so far these have been more useful in language generation than in determining how coherent a given text is, or in identifying the specific problem, such as the breakdown of coherence in a document. Our approach differs in fundamental ways from this earlier work that deals with student writing. First, Foltz et al. (1998) , Wiemer-Hastings and Graesser (2000) , and Miltsakaki and Kukich (2000) assume that text coherence is linear. They calculate the similarity between adjacent segments of text. By contrast, our approach considers the', 'with the results of the centering algorithm (Brennan et al., 1987) with and without specifications for complex sentences (Kameyama, 1998) . A Look Back: Centering The centering model describes the relation between the focus of attention, the choices of referring expressions, and the perceived coherence of discourse. The model has been motivated with evidence from preferences for the antecedents of pronouns (Grosz et al., 1'
Done reranking query 917. Elapsed time since start: 13078.17 seconds.
Done reranking query 918. Elapsed time since start: 13091.88 seconds.
Done reranking query 919. Elapsed time since start: 13099.90 seconds.
Done reranking query 920. Elapsed time since start: 13107.10 seconds.
Done reranking query 921. Elapsed time since start: 13126.90 seconds.
Done reranking query 922. Elapsed time since start: 13144.82 seconds.
Done reranking query 923. Elapsed time since start: 13159.87 seconds.
Done reranking query 924. Elapsed time since start: 13176.33 seconds.
Done reranking query 925. Elapsed time since start: 13186.28 seconds.
Done reranking query 926. Elapsed time since start: 13192.23 seconds.
Done reranking query 927. Elapsed time since start: 13200.07 seconds.
Done reranking query 928. Elapsed time since start: 13227.18 seconds.
Done reranking query 929. Elapsed time since start: 13233.90 seconds.
Done reranking query 930. Elapsed time since start: 13246.43 seconds.
Saved 930 reranked responses to Gemini_text-reranked-75-indices.json
Saved 930 reranked responses to Gemini_structured-reranked-75-indices.json
Done reranking query 931. Elapsed time since start: 13263.43 seconds.
Done reranking query 932. Elapsed time since start: 13272.60 seconds.
Done reranking query 933. Elapsed time since start: 13279.08 seconds.
Done reranking query 934. Elapsed time since start: 13292.43 seconds.
Done reranking query 935. Elapsed time since start: 13307.00 seconds.
Done reranking query 936. Elapsed time since start: 13313.14 seconds.
Done reranking query 937. Elapsed time since start: 13328.72 seconds.
Done reranking query 938. Elapsed time since start: 13335.35 seconds.
Done reranking query 939. Elapsed time since start: 13349.49 seconds.
Done reranking query 940. Elapsed time since start: 13373.46 seconds.
Done reranking query 941. Elapsed time since start: 13387.65 seconds.
Error parsing or validating JSON: Expecting value: line 1 column 1 (char 0)
Failed to parse JSON. Raw response: '<output>
[1, 2, 0, 45, 44, 6, 8, 13, 4, 3, 40, 19, 20, 14, 15, 16, 17, 18, 47, 48, 23, 22, 23, 5, 46, 2, 0, 44, 45, 6, 8, 13, 4, 3, 40, 19, 20, 14, 15, 16, 17, 18, 47, 48, 23, 22, 23, 74, 73, 72, 71, 70, 69, 68, 67, 66, 65, 64, 63, 62, 61, 60, 59, 58, 57, 56, 55, 54, 53, 52, 51, 50, 49, 43, 42, 41, 39, 38, 37, 36, 35, 34, 33, 32, 31, 30, 29, 28, 27, 26, 25, 24, 21, 12, 11, 10, 9]
</output>'
Done reranking query 942. Elapsed time since start: 13401.84 seconds.
Done reranking query 943. Elapsed time since start: 13427.39 seconds.
Done reranking query 944. Elapsed time since start: 13441.08 seconds.
Done reranking query 945. Elapsed time since start: 13454.01 seconds.
Saved 945 reranked responses to Gemini_text-reranked-75-indices.json
Saved 945 reranked responses to Gemini_structured-reranked-75-indices.json
Done reranking query 946. Elapsed time since start: 13470.56 seconds.
Done reranking query 947. Elapsed time since start: 13478.25 seconds.
Done reranking query 948. Elapsed time since start: 13488.25 seconds.
Done reranking query 949. Elapsed time since start: 13499.84 seconds.
Done reranking query 950. Elapsed time since start: 13511.99 seconds.
Done reranking query 951. Elapsed time since start: 13519.87 seconds.
Done reranking query 952. Elapsed time since start: 13527.27 seconds.
Done reranking query 953. Elapsed time since start: 13544.48 seconds.
Done reranking query 954. Elapsed time since start: 13551.07 seconds.
Done reranking query 955. Elapsed time since start: 13569.60 seconds.
Done reranking query 956. Elapsed time since start: 13580.46 seconds.
Done reranking query 957. Elapsed time since start: 13589.76 seconds.
Done reranking query 958. Elapsed time since start: 13605.11 seconds.
Done reranking query 959. Elapsed time since start: 13654.79 seconds.
Done reranking query 960. Elapsed time since start: 13671.48 seconds.
Saved 960 reranked responses to Gemini_text-reranked-75-indices.json
Saved 960 reranked responses to Gemini_structured-reranked-75-indices.json
Done reranking query 961. Elapsed time since start: 13679.89 seconds.
Done reranking query 962. Elapsed time since start: 13686.01 seconds.
Done reranking query 963. Elapsed time since start: 13708.18 seconds.
Done reranking query 964. Elapsed time since start: 13716.15 seconds.
Done reranking query 965. Elapsed time since start: 13758.24 seconds.
Done reranking query 966. Elapsed time since start: 13765.81 seconds.
Done reranking query 967. Elapsed time since start: 13784.21 seconds.
Done reranking query 968. Elapsed time since start: 13802.38 seconds.
Done reranking query 969. Elapsed time since start: 13824.19 seconds.
Done reranking query 970. Elapsed time since start: 13836.23 seconds.
Done reranking query 971. Elapsed time since start: 13884.11 seconds.
Done reranking query 972. Elapsed time since start: 13892.01 seconds.
Done reranking query 973. Elapsed time since start: 13905.01 seconds.
Done reranking query 974. Elapsed time since start: 13923.77 seconds.
Done reranking query 975. Elapsed time since start: 13931.19 seconds.
Saved 975 reranked responses to Gemini_text-reranked-75-indices.json
Saved 975 reranked responses to Gemini_structured-reranked-75-indices.json
Done reranking query 976. Elapsed time since start: 13956.28 seconds.
Done reranking query 977. Elapsed time since start: 13968.98 seconds.
Done reranking query 978. Elapsed time since start: 13984.61 seconds.
Done reranking query 979. Elapsed time since start: 13998.70 seconds.
Done reranking query 980. Elapsed time since start: 14010.35 seconds.
Done reranking query 981. Elapsed time since start: 14018.12 seconds.
Done reranking query 982. Elapsed time since start: 14067.72 seconds.
Done reranking query 983. Elapsed time since start: 14076.01 seconds.
Done reranking query 984. Elapsed time since start: 14093.25 seconds.
Done reranking query 985. Elapsed time since start: 14101.78 seconds.
Done reranking query 986. Elapsed time since start: 14116.03 seconds.
Done reranking query 987. Elapsed time since start: 14128.93 seconds.
Done reranking query 988. Elapsed time since start: 14142.15 seconds.
Done reranking query 989. Elapsed time since start: 14150.07 seconds.
Done reranking query 990. Elapsed time since start: 14157.00 seconds.
Saved 990 reranked responses to Gemini_text-reranked-75-indices.json
Saved 990 reranked responses to Gemini_structured-reranked-75-indices.json
Done reranking query 991. Elapsed time since start: 14165.51 seconds.
Done reranking query 992. Elapsed time since start: 14177.84 seconds.
Done reranking query 993. Elapsed time since start: 14185.38 seconds.
Done reranking query 994. Elapsed time since start: 14192.60 seconds.
Done reranking query 995. Elapsed time since start: 14206.12 seconds.
Done reranking query 996. Elapsed time since start: 14213.24 seconds.
Done reranking query 997. Elapsed time since start: 14230.23 seconds.
Done reranking query 998. Elapsed time since start: 14242.81 seconds.
Done reranking query 999. Elapsed time since start: 14277.86 seconds.
Done reranking query 1000. Elapsed time since start: 14326.45 seconds.
Done reranking query 1001. Elapsed time since start: 14336.43 seconds.
Done reranking query 1002. Elapsed time since start: 14368.68 seconds.
Done reranking query 1003. Elapsed time since start: 14375.97 seconds.
Done reranking query 1004. Elapsed time since start: 14385.94 seconds.
Error parsing or validating JSON: Expecting value: line 1 column 1 (char 0)
Failed to parse JSON. Raw response: '```python
[73, 74, 71, 5, 4, 28, 29, 30, 46, 47, 48, 42, 43, 44, 41, 52, 0, 22, 11, 12, 1, 14, 57, 58, 59, 60, 61, 62, 63, 64, 65, 66, 67, 68, 69, 72, 49, 50, 20, 45, 2, 15, 31, 32, 33, 34, 35, 36, 8, 9, 10, 19, 23, 24, 25, 37, 38, 39, 65, 66, 65, 66, 65, 66, 65, 66, 65, 66, 65, 66, 65, 66, 65, 66, 65, 66, 65, 66, 65, 66, 65, 66, 65, 66, 65, 66, 65, 66, 65, 66, 65, 66, 65, 66, 65, 66, 65, 66, 65, 66, 65, 66, 65, 66, 65, 66, 65, 66, 65, 66, 65, 66, 65, 66, 65, 66, 65, 66, 65, 66, 65, 66, 65, 66, 65, 66, 65, 66, 65, 66, 65, 66, 65, 66, 65, 66, 65, 66, 65, 66, 65, 66, 65, 66, 65, 66, 65, 66, 65, 66, 65, 66, 65, 66, 65, 66, 65, 66, 65, 66, 65, 66, 65, 66, 65, 66, 65, 66, 65, 66, 65, 66, 65, 66, 65, 66, 65, 66, 65, 66, 65, 66, 65, 66, 65, 66, 65, 66, 65, 66, 65, 66, 65, 66, 65, 66, 65, 66, 65, 66, 65, 66, 65, 66, 65, 66, 65, 66, 65, 66, 65, 66, 65, 66, 65, 66, 65, 66, 65, 66, 65, 66, 65, 66, 65, 66, 65, 66, 65, 66, 65, 66, 65, 66, 65, 66, 65, 66, 65, 66, 65, 66, 65, 66, 65, 66, 65, 66, 65, 66, 65, 66, 65, 66, 65, 66, 65, 66, 65, 66, 65, 66, 65, 66, 65, 66, 65, 66, 65, 66, 65, 66, 65, 66, 65, 66, 65, 66, 65, 66, 65, 66, 65, 66, 65, 66, 65, 66, 65, 66, 65, 66, 65, 66, 65, 66, 65, 66, 65, 66, 65, 66, 65, 66, 65, 66, 65, 66, 65, 66, 65, 66, 65, 66, 65, 66, 65, 66, 65, 66, 65, 66, 65, 66, 65, 66, 65, 66, 65, 66, 65, 66, 65, 66, 65, 66, 65, 66, 65, 66, 65, 66, 65, 66, 65, 66, 65, 66, 65, 66, 65, 66, 65, 66, 65, 66, 65, 66, 65, 66, 65, 66, 65, 66, 65, 66, 65, 66, 65, 66, 65, 66, 65, 66, 65, 66, 65, 66, 65, 66, 65, 66, 65, 66, 65, 66, 65, 66, 65, 66, 65, 66, 65, 66, 65, 66, 65, 66, 65, 66, 65, 66, 65, 66, 65, 66, 65, 66, 65, 66, 65, 66, 65, 66, 65, 66, 65, 66, 65, 66, 65, 66, 65, 66, 65, 66, 65, 66, 65, 66, 65, 66, 65, 66, 65, 66, 65, 66, 65, 66, 65, 66, 65, 66, 65, 66, 65, 66, 65, 66, 65, 66, 65, 66, 65, 66, 65, 66, 65, 66, 65, 66, 65, 66, 65, 66, 65, 66, 65, 66, 65, 66, 65, 66, 65, 66, 65, 66, 65, 66, 65, 66, 65, 66, 65, 66, 65, 66, 65, 66, 65, 66, 65, 66, 65, 66, 65, 66, 65, 66, 65, 66, 65, 66, 65, 66, 65, 66, 65, 66, 65, 66, 65, 66, 65, 66, 65, 66, 65, 66, 65, 66, 65, 66, 65, 66, 65, 66, 65, 66, 65, 66, 65, 66, 65, 66, 65, 66, 65, 66, 65, 66, 65, 66, 65, 66, 65, 66, 65, 66, 65, 66, 65, 66, 65, 66, 65, 66, 65, 66, 65, 66, 65, 66, 65, 66, 65, 66, 65, 66, 65, 66, 65, 66, 65, 66, 65, 66, 65, 66, 65, 66, 65, 66, 65, 66, 65, 66, 65, 66, 65, 66, 65, 66, 65, 66, 65, 66, 65, 66, 65, 66, 65, 66, 65, 66, 65, 66, 65, 66, 65, 66, 65, 66, 65, 66, 65, 66, 65, 66, 65, 66, 65, 66, 65, 66, 65, 66, 65, 66, 65, 66, 65, 66, 65, 66, 65, 66, 65, 66, 65, 66, 65, 66, 65, 66, 65, 66, 65, 66, 65, 66, 65, 66, 65, 66, 65, 66, 65, 66, 65, 66, 65, 66, 65, 66, 65, 66, 65, 66, 65, 66, 65, 66, 65, 66, 65, 66, 65, 66, 65, 66, 65, 66, 65, 66, 65, 66, 65, 66, 65, 66, 65, 66, 65, 66, 65, 66, 65, 66, 65, 66, 65, 66, 65, 66, 65, 66, 65, 66, 65, 66, 65, 66, 65, 66, 65, 66, 65, 66, 65, 66, 65, 66, 65, 66, 65, 66, 65, 66, 65, 66, 65, 66, 65, 66, 65, 66, 65, 66, 65, 66, 65, 66, 65, 66, 65, 66, 65, 66, 65, 66, 65, 66, 65, 66, 65, 66, 65, 66, 65, 66, 65, 66, 65, 66, 65, 66, 65, 66, 65, 66, 65, 66, 65, 66, 65, 66, 65, 66, 65, 66, 65, 66, 65, 66, 65, 66, 65, 66, 65, 66, 65, 66, 65, 66, 65, 66, 65, 66, 65, 66, 65, 66, 65, 66, 65, 66, 65, 66, 65, 66, 65, 66, 65, 66, 65, 66, 65, 66, 65, 66, 65, 66, 65, 66, 65, 66, 65, 66, 65, 66, 65, 66, 65, 66, 65, 66, 65, 66, 65, 66, 65, 66, 65, 66, 65, 66, 65, 66, 65, 66, 65, 66, 65, 66, 65, 66, 65, 66, 65, 66, 65, 66, 65, 66, 65, 66, 65, 66, 65, 66, 65, 66, 65, 66, 65, 66, 65, 66, 65, 66, 65, 66, 65, 66, 65, 66, 65, 66, 65, 66, 65, 66, 65, 66, 65, 66, 65, 66, 65, 66, 65, 66, 65, 66, 65, 66, 65, 66, 65, 66, 65, 66, 65, 66, 65, 66, 65, 66, 65, 66, 65, 66, 65, 66, 65, 66, 65, 66, 65, 66, 65, 66, 65, 66, 65, 66, 65, 66, 65, 66, 65, 66, 65, 66, 65, 66, 65, 66, 65, 66, 65, 66, 65, 66, 65, 66, 65, 66, 65, 66, 65, 66, 65, 66, 65, 66, 65, 66, 65, 66, 65, 66, 65, 66, 65, 66, 65, 66, 65, 66, 65, 66, 65, 66, 65, 66, 65, 66, 65, 66, 65, 66, 65, 66, 65, 66, 65, 66, 65, 66, 65, 66, 65, 66, 65, 66, 65, 66, 65, 66, 65, 66, 65, 66, 65, 66, 65, 66, 65, 66, 65, 66, 65, 66, 65, 66, 65, 66, 65, 66, 65, 66, 65, 66, 65, 66, 65, 66, 65, 66, 65, 66, 65, 66, 65, 66, 65, 66, 65, 66, 65, 66, 65, 66, 65, 66, 65, 66, 65, 66, 65, 66, 65, 66, 65, 66, 65, 66, 65, 66, 65, 66, 65, 66, 65, 66, 65, 66, 65, 66, 65, 66, 65, 66, 65, 66, 65, 66, 65, 66, 65, 66, 65, 66, 65, 66, 65, 66, 65, 66, 65, 66, 65, 66, 65, 66, 65, 66, 65, 66, 65, 66, 65, 66, 65, 66, 65, 66, 65, 66, 65, 66, 65, 66, 65, 66, 65, 66, 65, 66, 65, 66, 65, 66, 65, 66, 65, 66, 65, 66, 65, 66, 65, 66, 65, 66, 65, 66, 65, 66, 65, 66, 65, 66, 65, 66, 65, 66, 65, 66, 65, 66, 65, 66, 65, 66, 65, 66, 65, 66, 65, 66, 65, 66, 65, 66, 65, 66, 65, 66, 65, 66, 65, 66, 65, 66, 65, 66, 65, 66, 65, 66, 65, 66, 65, 66, 65, 66, 65, 66, 65, 66, 65, 66, 65, 66, 65, 66, 65, 66, 65, 66, 65, 66, 65, 66, 65, 66, 65, 66, 65, 66, 65, 66, 65, 66, 65, 66, 65, 66, 65, 66, 65, 66, 65, 66, 65, 66, 65, 66, 65, 66, 65, 66, 65, 66, 65, 66, 65, 66, 65, 66, 65, 66, 65, 66, 65, 66, 65, 66, 65, 66, 65, 66, 65, 66, 65, 66, 65, 66, 65, 66, 65, 66, 65, 66, 65, 66, 65, 66, 65, 66, 65, 66, 65, 66, 65, 66, 65, 66, 65, 66, 65, 66, 65, 66, 65, 66, 65, 66, 65, 66, 65, 66, 65, 66, 65, 66, 65, 66, 65, 66, 65, 66, 65, 66, 65, 66, 65, 66, 65, 66, 65, 66, 65, 66, 65, 66, 65, 66, 65, 66, 65, 66, 65, 66, 65, 66, 65, 66, 65, 66, 65, 66, 65, 66, 65, 66, 65, 66, 65, 66, 65, 66, 65, 66, 65, 66, 65, 66, 65, 66, 65, 66, 65, 66, 65, 66, 65, 66, 65, 66, 65, 66, 65, 66, 65, 66, 65, 66, 65, 66, 65, 66, 65, 66, 65, 66, 65, 66, 65, 66, 65, 66, 65, 66, 65, 66, 65, 66, 65, 66, 65, 66, 65, 66, 65, 66, 65, 66, 65, 66, 65, 66, 65, 66, 65, 66, 65, 66, 65, 66, 65, 66, 65, 66, 65, 66, 65, 66, 65, 66, 65, 66, 65, 66, 65, 66, 65, 66, 65, 66, 65, 66, 65, 66, 65, 66, 65, 66, 65, 66, 65, 66, 65, 66, 65, 66, 65, 66, 65, 66, 65, 66, 65, 66, 65, 66, 65, 66, 65, 66, 65, 66, 65, 66, 65, 66, 65, 66, 65, 66, 65, 66, 65, 66, 65, 66, 65, 66, 65, 66, 65, 66, 65, 66, 65, 66, 65, 66, 65, 66, 65, 66, 65, 66, 65, 66, 65, 66, 65, 66, 65, 66, 65, 66, 65, 66, 65, 66, 65, 66, 65, 66, 65, 66, 65, 66, 65, 66, 65, 66, 65, 66, 65, 66, 65, 66, 65, 66, 65, 66, 65, 66, 65, 66, 65, 66, 65, 66, 65, 66, 65, 66, 65, 66, 65, 66, 65, 66, 65, 66, 65, 66, 65, 66, 65, 66, 65, 66, 65, 66, 65, 66, 65, 66, 65, 66, 65, 66, 65, 66, 65, 66, 65, 66, 65, 66, 65, 66, 65, 66, 65, 66, 65, 66, 65, 66, 65, 66, 65, 66, 65, 66, 65, 66, 65, 66, 65, 66, 65, 66, 65, 66, 65, 66, 65, 66, 65, 66, 65, 66, 65, 66, 65, 66, 65, 66, 65, 66, 65, 66, 65, 66, 65, 66, 65, 66, 65, 66, 65, 66, 65, 66, 65, 66, 65, 66, 65, 66, 65, 66, 65, 66, 65, 66, 65, 66, 65, 66, 65, 66, 65, 66, 65, 66, 65, 66, 65, 66, 65, 66, 65, 66, 65, 66, 65, 66, 65, 66, 65, 66, 65, 66, 65, 66, 65, 66, 65, 66, 65, 66, 65, 66, 65, 66, 65, 66, 65, 66, 65, 66, 65, 66, 65, 66, 65, 66, 65, 66, 65, 66, 65, 66, 65, 66, 65, 66, 65, 66, 65, 66, 65, 66, 65, 66, 65, 66, 65, 66, 65, 66, 65, 66, 65, 66, 65, 66, 65, 66, 65, 66, 65, 66, 65, 66, 65, 66, 65, 66, 65, 66, 65, 66, 65, 66, 65, 66, 65, 66, 65, 66, 65, 66, 65, 66, 65, 66, 65, 66, 65, 66, 65, 66, 65, 66, 65, 66, 65, 66, 65, 66, 65, 66, 65, 66, 65, 66, 65, 66, 65, 66, 65, 66, 65, 66, 65, 66, 65, 66, 65, 66, 65, 66, 65, 66, 65, 66, 65, 66, 65, 66, 65, 66, 65, 66, 65, 66, 65, 66, 65, 66, 65, 66, 65, 66, 65, 66, 65, 66, 65, 66, 65, 66, 65, 66, 65, 66, 65, 66, 65, 66, 65, 66, 65, 66, 65, 66, 65, 66, 65, 66, 65, 66, 65, 66, 65, 66, 65, 66, 65, 66, 65, 66, 65, 66, 65, 66, 65, 66, 65, 66, 65, 66, 65, 66, 65, 66, 65, 66, 65, 66, 65, 66, 65, 66, 65, 66, 65, 66, 65, 66, 65, 66, 65, 66, 65, 66, 65, 66, 65, 66, 65, 66, 65, 66, 65, 66, 65, 66, 65, 66, 65, 66, 65, 66, 65, 66, 65, 66, 65, 66, 65, 66, 65, 66, 65, 66, 65, 66, 65, 66, 65, 66, 65, 66, 65, 66, 65, 66, 65, 66, 65, 66, 65, 66, 65, 66, 65, 66, 65, 66, 65, 66, 65, 66, 65, 66, 65, 66, 65, 66, 65, 66, 65, 66, 65, 66, 65, 66, 65, 66, 65, 66, 65, 66, 65, 66, 65, 66, 65, 66, 65, 66, 65, 66, 65, 66, 65, 66, 65, 66, 65, 66, 65, 66, 65, 66, 65, 66, 65, 66, 65, 66, 65, 66, 65, 66, 65, 66, 65, 66, 65, 66, 65, 66, 65, 66, 65, 66, 65, 66, 65, 66, 65, 66, 65, 66, 65, 66, 65, 66, 65, 66, 65, 66, 65, 66, 65, 66, 65, 66, 65, 66, 65, 66, 65, 66, 65, 66, 65, 66, 65, 66, 65, 66, 65, 66, 65, 66, 65, 66, 65, 66, 65, 66, 65, 66, 65, 66, 65, 66, 65, 66, 65, 66, 65, 66, 65, 66, 65, 66, 65, 66, 65, 66, 65, 66, 65, 66, 65, 66, 65, 66, 65, 66, 65, 66, 65, 66, 65, 66, 65, 66, 65, 66, 65, 66, 65, 66, 65, 66, 65, 66, 65, 66, 65, 66, 65, 66, 65, 66, 65, 66, 65, 66, 65, 66, 65, 66, 65, 66, 65, 66, 65, 66, 65, 66, 65, 66, 65, 66, 65, 66, 65, 66, 65, 66, 65, 66, 65, 66, 65, 66, 65, 66, 65, 66, 65, 66, 65, 66, 65, 66, 65, 66, 65, 66, 65, 66, 65, 66, 65, 66, 65, 66, 65, 66, 65, 66, 65, 66, 65, 66, 65, 66, 65, 66, 65, 66, 65, 66, 65, 66, 65, 66, 65, 66, 65, 66, 65, 66, 65, 66, 65, 66, 65, 66, 65, 66, 65, 66, 65, 66, 65, 66, 65, 66, 65, 66, 65, 66, 65, 66, 65, 66, 65, 66, 65, 66, 65, 66, 65, 66, 65, 66, 65, 66, 65, 66, 65, 66, 65, 66, 65, 66, 65, 66, 65, 66, 65, 66, 65, 66, 65, 66, 65, 66, 65, 66, 65, 66, 65, 66, 65, 66, 65, 66, 65, 66, 65, 66, 65, 66, 65, 66, 65, 66, 65, 66, 65, 66, 65, 66, 65, 66, 65, 66, 65, 66, 65, 66, 65, 66, 65, 66, 65, 66, 65, 66, 65, 66, 65, 66, 65, 66, 65, 66, 65, 66, 65, 66, 65, 66, 65, 66, 65, 66, 65, 66, 65, 66, 65, 66, 65, 66, 65, 66, 65, 66, 65, 66, 65, 66, 65, 66, 65, 66, 65, 66, 65, 66, 65, 66, 65, 66, 65, 66, 65, 66, 65, 66, 65, 66, 65, 66, 65, 66, 65, 66, 65, 66, 65, 66, 65, 66, 65, 66, 65, 66, 65, 66, 65, 66, 65, 66, 65, 66, 65, 66, 65, 66, 65, 66, 65, 66, 65, 66, 65, 66, 65, 66, 65, 66, 65, 66, 65, 66, 65, 66, 65, 66, 65, 66, 65, 66, 65, 66, 65, 66, 65, 66, 65, 66, 65, 66, 65, 66, 65, 66, 65, 66, 65, 66, 65, 66, 65, 66, 65, 66, 65, 66, 65, 66, 65, 66, 65, 66, 65, 66, 65, 66, 65, 66, 65, 66, 65, 66, 65, 66, 65, 66, 65, 66, 65, 66, 65, 66, 65, 66, 65, 66, 65, 66, 65, 66, 65, 66, 65, 66, 65, 66, 65, 66, 65, 66, 65, 66, 65, 66, 65, 66, 65, 66, 65, 66, 65, 66, 65, 66, 65, 66, 65, 66, 65, 66, 65, 66, 65, 66, 65, 66, 65, 66, 65, 66, 65, 66, 65, 66, 65, 66, 65, 66, 65, 66, 65, 66, 65, 66, 65, 66, 65, 66, 65, 66, 65, 66, 65, 66, 65, 66, 65, 66, 65, 66, 65, 66, 65, 66, 65, 66, 65, 66, 65, 66, 65, 66, 65, 66, 65, 66, 65, 66, 65, 66, 65, 66, 65, 66, 65, 66, 65, 66, 65, 66, 65, 66, 65, 66, 65, 66, 65, 66, 65, 66, 65, 66, 65, 66, 65, 66, 65, 66, 65, 66, 65, 66, 65, 66, 65, 66, 65, 66, 65, 66, 65, 66, 65, 66, 65, 66, 65, 66, 65, 66, 65, 66, 65, 66, 65, 66, 65, 66, 65, 66, 65, 66, 65, 66, 65, 66, 65, 66, 65, 66, 65, 66, 65, 66, 65, 66, 65, 66, 65, 66, 65, 66, 65, 66, 65, 66, 65, 66, 65, 66, 65, 66, 65, 66, 65, 66, 65, 66, 65, 66, 65, 66, 65, 66, 65, 66, 65, 66, 65, 66, 65, 66, 65, 66, 65, 66, 65, 66, 65, 66, 65, 66, 65, 66, 65, 66, 65, 66, 65, 66, 65, 66, 65, 66, 65, 66, 65, 66, 65, 66, 65, 66, 65, 66, 65, 66, 65, 66, 65, 66, 65, 66, 65, 66, 65, 66, 65, 66, 65, 66, 65, 66, 65, 66, 65, 66, 65, 66, 65, 66, 65, 66, 65, 66, 65, 66, 65, 66, 65, 66, 65, 66, 65, 66, 65, 66, 65, 66, 65, 66, 65, 66, 65, 66, 65, 66, 65, 66, 65, 66, 65, 66, 65, 66, 65, 66, 65, 66, 65, 66, 65, 66, 65, 66, 65, 66, 65, 66, 65, 66, 65, 66, 65, 66, 65, 66, 65, 66, 65, 66, 65, 66, 65, 66, 65, 66, 65, 66, 65, 66, 65, 66, 65, 66, 65, 66, 65, 66, 65, 66, 65, 66, 65, 66, 65, 66, 65, 66, 65, 66, 65, 66, 65, 66, 65, 66, 65, 66, 65, 66, 65, 66, 65, 66, 65, 66, 65, 66, 65, 66, 65, 66, 65, 66, 65, 66, 65, 66, 65, 66, 65, 66, 65, 66, 65, 66, 65, 66, 65, 66, 65, 66, 65, 66, 65, 66, 65, 66, 65, 66, 65, 66, 65, 66, 65, 66, 65, 66, 65, 66, 65, 66, 65, 66, 65, 66, 65, 66, 65, 66, 65, 66, 65, 66, 65, 66, 65, 66, 65, 66, 65, 66, 65, 66, 65, 66, 65, 66, 65, 66, 65, 66, 65, 66, 65, 66, 65, 66, 65, 66, 65, 66, 65, 66, 65, 66, 65, 66, 65, 66, 65, 66, 65, 66, 65, 66, 65, 66, 65, 66, 65, 66, 65, 66, 65, 66, 65, 66, 65, 66, 65, 66, 65, 66, 65, 66, 65, 66, 65, 66, 65, 66, 65, 66, 65, 66, 65, 66, 65, 66, 65, 66, 65, 66, 65, 66, 65, 66, 65, 66, 65, 66, 65, 66, 65, 66, 65, 66, 65, 66, 65, 66, 65, 66, 65, 66, 65, 66, 65, 66, 65, 66, 65, 66, 65, 66, 65, 66, 65, 66, 65, 66, 65, 66, 65, 66, 65, 66, 65, 66, 65, 66, 65, 66, 65, 66, 65, 66, 65, 66, 65, 66, 65, 66, 65, 66, 65, 66, 65, 66, 65, 66, 65, 66, 65, 66, 65, 66, 65, 66, 65, 66, 65, 66, 65, 66, 65, 66, 65, 66, 65, 66, 65, 66, 65, 66, 65, 66, 65, 66, 65, 66, 65, 66, 65, 66, 65, 66, 65, 66, 65, 66, 65, '
Done reranking query 1005. Elapsed time since start: 14439.61 seconds.
Saved 1005 reranked responses to Gemini_text-reranked-75-indices.json
Saved 1005 reranked responses to Gemini_structured-reranked-75-indices.json
Done reranking query 1006. Elapsed time since start: 14447.77 seconds.
Done reranking query 1007. Elapsed time since start: 14455.50 seconds.
Done reranking query 1008. Elapsed time since start: 14474.86 seconds.
Done reranking query 1009. Elapsed time since start: 14496.09 seconds.
Done reranking query 1010. Elapsed time since start: 14511.14 seconds.
Done reranking query 1011. Elapsed time since start: 14517.44 seconds.
Done reranking query 1012. Elapsed time since start: 14565.26 seconds.
Done reranking query 1013. Elapsed time since start: 14579.50 seconds.
Done reranking query 1014. Elapsed time since start: 14585.59 seconds.
Done reranking query 1015. Elapsed time since start: 14598.23 seconds.
Done reranking query 1016. Elapsed time since start: 14615.47 seconds.
Done reranking query 1017. Elapsed time since start: 14626.80 seconds.
Done reranking query 1018. Elapsed time since start: 14636.08 seconds.
Done reranking query 1019. Elapsed time since start: 14643.87 seconds.
Done reranking query 1020. Elapsed time since start: 14651.20 seconds.
Saved 1020 reranked responses to Gemini_text-reranked-75-indices.json
Saved 1020 reranked responses to Gemini_structured-reranked-75-indices.json
Done reranking query 1021. Elapsed time since start: 14664.10 seconds.
Done reranking query 1022. Elapsed time since start: 14677.36 seconds.
Done reranking query 1023. Elapsed time since start: 14684.06 seconds.
Done reranking query 1024. Elapsed time since start: 14709.34 seconds.
Done reranking query 1025. Elapsed time since start: 14734.14 seconds.
Done reranking query 1026. Elapsed time since start: 14753.63 seconds.
Done reranking query 1027. Elapsed time since start: 14771.62 seconds.
Done reranking query 1028. Elapsed time since start: 14779.37 seconds.
Done reranking query 1029. Elapsed time since start: 14787.53 seconds.
Done reranking query 1030. Elapsed time since start: 14804.71 seconds.
Done reranking query 1031. Elapsed time since start: 14815.51 seconds.
Done reranking query 1032. Elapsed time since start: 14847.10 seconds.
Done reranking query 1033. Elapsed time since start: 14859.98 seconds.
Done reranking query 1034. Elapsed time since start: 14868.08 seconds.
Done reranking query 1035. Elapsed time since start: 14877.13 seconds.
Saved 1035 reranked responses to Gemini_text-reranked-75-indices.json
Saved 1035 reranked responses to Gemini_structured-reranked-75-indices.json
Done reranking query 1036. Elapsed time since start: 14892.39 seconds.
Done reranking query 1037. Elapsed time since start: 14906.23 seconds.
Done reranking query 1038. Elapsed time since start: 14922.99 seconds.
Done reranking query 1039. Elapsed time since start: 14940.93 seconds.
Done reranking query 1040. Elapsed time since start: 14960.28 seconds.
Done reranking query 1041. Elapsed time since start: 14974.65 seconds.
Done reranking query 1042. Elapsed time since start: 14981.84 seconds.
Done reranking query 1043. Elapsed time since start: 15031.91 seconds.
Done reranking query 1044. Elapsed time since start: 15039.91 seconds.
Done reranking query 1045. Elapsed time since start: 15053.57 seconds.
Done reranking query 1046. Elapsed time since start: 15059.62 seconds.
Done reranking query 1047. Elapsed time since start: 15072.54 seconds.
Done reranking query 1048. Elapsed time since start: 15080.06 seconds.
Done reranking query 1049. Elapsed time since start: 15099.33 seconds.
Done reranking query 1050. Elapsed time since start: 15106.56 seconds.
Saved 1050 reranked responses to Gemini_text-reranked-75-indices.json
Saved 1050 reranked responses to Gemini_structured-reranked-75-indices.json
Done reranking query 1051. Elapsed time since start: 15116.19 seconds.
Done reranking query 1052. Elapsed time since start: 15133.65 seconds.
Done reranking query 1053. Elapsed time since start: 15140.57 seconds.
Done reranking query 1054. Elapsed time since start: 15158.61 seconds.
Done reranking query 1055. Elapsed time since start: 15166.48 seconds.
Done reranking query 1056. Elapsed time since start: 15182.76 seconds.
Done reranking query 1057. Elapsed time since start: 15198.30 seconds.
Done reranking query 1058. Elapsed time since start: 15206.27 seconds.
Done reranking query 1059. Elapsed time since start: 15222.15 seconds.
Done reranking query 1060. Elapsed time since start: 15241.33 seconds.
Done reranking query 1061. Elapsed time since start: 15253.73 seconds.
Done reranking query 1062. Elapsed time since start: 15270.51 seconds.
Done reranking query 1063. Elapsed time since start: 15285.92 seconds.
Done reranking query 1064. Elapsed time since start: 15337.81 seconds.
Done reranking query 1065. Elapsed time since start: 15361.22 seconds.
Saved 1065 reranked responses to Gemini_text-reranked-75-indices.json
Saved 1065 reranked responses to Gemini_structured-reranked-75-indices.json
Done reranking query 1066. Elapsed time since start: 15367.80 seconds.
Done reranking query 1067. Elapsed time since start: 15374.47 seconds.
Done reranking query 1068. Elapsed time since start: 15393.55 seconds.
Done reranking query 1069. Elapsed time since start: 15410.31 seconds.
Done reranking query 1070. Elapsed time since start: 15427.65 seconds.
Done reranking query 1071. Elapsed time since start: 15464.07 seconds.
Done reranking query 1072. Elapsed time since start: 15479.50 seconds.
Done reranking query 1073. Elapsed time since start: 15487.25 seconds.
Done reranking query 1074. Elapsed time since start: 15501.03 seconds.
Done reranking query 1075. Elapsed time since start: 15516.83 seconds.
Done reranking query 1076. Elapsed time since start: 15523.19 seconds.
Done reranking query 1077. Elapsed time since start: 15530.43 seconds.
Done reranking query 1078. Elapsed time since start: 15540.28 seconds.
Done reranking query 1079. Elapsed time since start: 15559.11 seconds.
Done reranking query 1080. Elapsed time since start: 15568.32 seconds.
Saved 1080 reranked responses to Gemini_text-reranked-75-indices.json
Saved 1080 reranked responses to Gemini_structured-reranked-75-indices.json
Done reranking query 1081. Elapsed time since start: 15576.42 seconds.
Done reranking query 1082. Elapsed time since start: 15585.81 seconds.
Done reranking query 1083. Elapsed time since start: 15638.57 seconds.
Done reranking query 1084. Elapsed time since start: 15645.76 seconds.
Done reranking query 1085. Elapsed time since start: 15653.09 seconds.
Done reranking query 1086. Elapsed time since start: 15665.00 seconds.
Done reranking query 1087. Elapsed time since start: 15672.27 seconds.
Done reranking query 1088. Elapsed time since start: 15697.76 seconds.
Done reranking query 1089. Elapsed time since start: 15713.49 seconds.
Done reranking query 1090. Elapsed time since start: 15725.41 seconds.
Done reranking query 1091. Elapsed time since start: 15731.27 seconds.
Done reranking query 1092. Elapsed time since start: 15748.55 seconds.
Done reranking query 1093. Elapsed time since start: 15804.09 seconds.
Done reranking query 1094. Elapsed time since start: 15820.18 seconds.
Done reranking query 1095. Elapsed time since start: 15835.90 seconds.
Saved 1095 reranked responses to Gemini_text-reranked-75-indices.json
Saved 1095 reranked responses to Gemini_structured-reranked-75-indices.json
Done reranking query 1096. Elapsed time since start: 15844.97 seconds.
Done reranking query 1097. Elapsed time since start: 15860.80 seconds.
Done reranking query 1098. Elapsed time since start: 15875.03 seconds.
Done reranking query 1099. Elapsed time since start: 15926.34 seconds.
Done reranking query 1100. Elapsed time since start: 15932.94 seconds.
Done reranking query 1101. Elapsed time since start: 15950.14 seconds.
Done reranking query 1102. Elapsed time since start: 15967.33 seconds.
Done reranking query 1103. Elapsed time since start: 15990.22 seconds.
Done reranking query 1104. Elapsed time since start: 15996.79 seconds.
Done reranking query 1105. Elapsed time since start: 16015.39 seconds.
Done reranking query 1106. Elapsed time since start: 16022.28 seconds.
Done reranking query 1107. Elapsed time since start: 16031.74 seconds.
Done reranking query 1108. Elapsed time since start: 16045.16 seconds.
Done reranking query 1109. Elapsed time since start: 16059.18 seconds.
Done reranking query 1110. Elapsed time since start: 16066.66 seconds.
Saved 1110 reranked responses to Gemini_text-reranked-75-indices.json
Saved 1110 reranked responses to Gemini_structured-reranked-75-indices.json
Done reranking query 1111. Elapsed time since start: 16083.56 seconds.
Done reranking query 1112. Elapsed time since start: 16101.49 seconds.
Done reranking query 1113. Elapsed time since start: 16108.98 seconds.
Done reranking query 1114. Elapsed time since start: 16117.01 seconds.
Done reranking query 1115. Elapsed time since start: 16139.06 seconds.
Done reranking query 1116. Elapsed time since start: 16157.74 seconds.
Done reranking query 1117. Elapsed time since start: 16171.04 seconds.
Done reranking query 1118. Elapsed time since start: 16183.31 seconds.
Done reranking query 1119. Elapsed time since start: 16193.94 seconds.
Done reranking query 1120. Elapsed time since start: 16212.16 seconds.
Done reranking query 1121. Elapsed time since start: 16218.67 seconds.
Done reranking query 1122. Elapsed time since start: 16231.91 seconds.
Done reranking query 1123. Elapsed time since start: 16239.11 seconds.
Done reranking query 1124. Elapsed time since start: 16246.15 seconds.
Done reranking query 1125. Elapsed time since start: 16262.52 seconds.
Saved 1125 reranked responses to Gemini_text-reranked-75-indices.json
Saved 1125 reranked responses to Gemini_structured-reranked-75-indices.json
Done reranking query 1126. Elapsed time since start: 16280.98 seconds.
Done reranking query 1127. Elapsed time since start: 16287.65 seconds.
Done reranking query 1128. Elapsed time since start: 16337.63 seconds.
Done reranking query 1129. Elapsed time since start: 16351.96 seconds.
Done reranking query 1130. Elapsed time since start: 16369.89 seconds.
Done reranking query 1131. Elapsed time since start: 16385.80 seconds.
Done reranking query 1132. Elapsed time since start: 16392.28 seconds.
Done reranking query 1133. Elapsed time since start: 16433.25 seconds.
Done reranking query 1134. Elapsed time since start: 16448.54 seconds.
Done reranking query 1135. Elapsed time since start: 16465.49 seconds.
Done reranking query 1136. Elapsed time since start: 16472.89 seconds.
Done reranking query 1137. Elapsed time since start: 16484.94 seconds.
Done reranking query 1138. Elapsed time since start: 16492.83 seconds.
Done reranking query 1139. Elapsed time since start: 16506.59 seconds.
Done reranking query 1140. Elapsed time since start: 16528.46 seconds.
Saved 1140 reranked responses to Gemini_text-reranked-75-indices.json
Saved 1140 reranked responses to Gemini_structured-reranked-75-indices.json
Done reranking query 1141. Elapsed time since start: 16537.83 seconds.
Done reranking query 1142. Elapsed time since start: 16546.15 seconds.
Done reranking query 1143. Elapsed time since start: 16597.33 seconds.
Done reranking query 1144. Elapsed time since start: 16612.80 seconds.
Done reranking query 1145. Elapsed time since start: 16621.03 seconds.
Done reranking query 1146. Elapsed time since start: 16628.34 seconds.
Done reranking query 1147. Elapsed time since start: 16639.44 seconds.
Done reranking query 1148. Elapsed time since start: 16650.92 seconds.
Done reranking query 1149. Elapsed time since start: 16700.59 seconds.
Done reranking query 1150. Elapsed time since start: 16718.13 seconds.
Done reranking query 1151. Elapsed time since start: 16734.94 seconds.
Done reranking query 1152. Elapsed time since start: 16743.47 seconds.
Done reranking query 1153. Elapsed time since start: 16762.27 seconds.
Done reranking query 1154. Elapsed time since start: 16778.55 seconds.
Done reranking query 1155. Elapsed time since start: 16786.63 seconds.
Saved 1155 reranked responses to Gemini_text-reranked-75-indices.json
Saved 1155 reranked responses to Gemini_structured-reranked-75-indices.json
Done reranking query 1156. Elapsed time since start: 16794.40 seconds.
Done reranking query 1157. Elapsed time since start: 16801.32 seconds.
Done reranking query 1158. Elapsed time since start: 16819.27 seconds.
Done reranking query 1159. Elapsed time since start: 16855.48 seconds.
Done reranking query 1160. Elapsed time since start: 16863.91 seconds.
Done reranking query 1161. Elapsed time since start: 16878.06 seconds.
Done reranking query 1162. Elapsed time since start: 16895.88 seconds.
Done reranking query 1163. Elapsed time since start: 16902.56 seconds.
Done reranking query 1164. Elapsed time since start: 16915.31 seconds.
Done reranking query 1165. Elapsed time since start: 16935.25 seconds.
Done reranking query 1166. Elapsed time since start: 16964.59 seconds.
Done reranking query 1167. Elapsed time since start: 16972.24 seconds.
Done reranking query 1168. Elapsed time since start: 16989.52 seconds.
Done reranking query 1169. Elapsed time since start: 16998.55 seconds.
Done reranking query 1170. Elapsed time since start: 17011.85 seconds.
Saved 1170 reranked responses to Gemini_text-reranked-75-indices.json
Saved 1170 reranked responses to Gemini_structured-reranked-75-indices.json
Done reranking query 1171. Elapsed time since start: 17027.55 seconds.
Done reranking query 1172. Elapsed time since start: 17035.58 seconds.
Done reranking query 1173. Elapsed time since start: 17051.08 seconds.
Done reranking query 1174. Elapsed time since start: 17060.02 seconds.
Done reranking query 1175. Elapsed time since start: 17072.40 seconds.
Done reranking query 1176. Elapsed time since start: 17081.45 seconds.
Done reranking query 1177. Elapsed time since start: 17090.03 seconds.
Done reranking query 1178. Elapsed time since start: 17097.15 seconds.
Done reranking query 1179. Elapsed time since start: 17104.98 seconds.
Done reranking query 1180. Elapsed time since start: 17121.43 seconds.
Done reranking query 1181. Elapsed time since start: 17129.13 seconds.
Done reranking query 1182. Elapsed time since start: 17142.73 seconds.
Done reranking query 1183. Elapsed time since start: 17150.33 seconds.
Done reranking query 1184. Elapsed time since start: 17158.13 seconds.
Done reranking query 1185. Elapsed time since start: 17165.13 seconds.
Saved 1185 reranked responses to Gemini_text-reranked-75-indices.json
Saved 1185 reranked responses to Gemini_structured-reranked-75-indices.json
Done reranking query 1186. Elapsed time since start: 17177.27 seconds.
Done reranking query 1187. Elapsed time since start: 17184.27 seconds.
Done reranking query 1188. Elapsed time since start: 17192.58 seconds.
Done reranking query 1189. Elapsed time since start: 17199.72 seconds.
Done reranking query 1190. Elapsed time since start: 17208.63 seconds.
Done reranking query 1191. Elapsed time since start: 17222.97 seconds.
Done reranking query 1192. Elapsed time since start: 17236.38 seconds.
Done reranking query 1193. Elapsed time since start: 17244.28 seconds.
Done reranking query 1194. Elapsed time since start: 17266.57 seconds.
Done reranking query 1195. Elapsed time since start: 17283.01 seconds.
Done reranking query 1196. Elapsed time since start: 17297.61 seconds.
Done reranking query 1197. Elapsed time since start: 17305.73 seconds.
Done reranking query 1198. Elapsed time since start: 17313.57 seconds.
Done reranking query 1199. Elapsed time since start: 17321.59 seconds.
Done reranking query 1200. Elapsed time since start: 17340.63 seconds.
Saved 1200 reranked responses to Gemini_text-reranked-75-indices.json
Saved 1200 reranked responses to Gemini_structured-reranked-75-indices.json
Done reranking query 1201. Elapsed time since start: 17354.08 seconds.
Done reranking query 1202. Elapsed time since start: 17378.86 seconds.
Done reranking query 1203. Elapsed time since start: 17392.91 seconds.
Done reranking query 1204. Elapsed time since start: 17407.72 seconds.
Done reranking query 1205. Elapsed time since start: 17415.52 seconds.
Done reranking query 1206. Elapsed time since start: 17423.49 seconds.
Done reranking query 1207. Elapsed time since start: 17432.23 seconds.
Done reranking query 1208. Elapsed time since start: 17440.10 seconds.
Done reranking query 1209. Elapsed time since start: 17489.92 seconds.
Done reranking query 1210. Elapsed time since start: 17498.07 seconds.
Done reranking query 1211. Elapsed time since start: 17517.54 seconds.
Done reranking query 1212. Elapsed time since start: 17530.37 seconds.
Done reranking query 1213. Elapsed time since start: 17547.26 seconds.
Done reranking query 1214. Elapsed time since start: 17563.58 seconds.
Done reranking query 1215. Elapsed time since start: 17571.25 seconds.
Saved 1215 reranked responses to Gemini_text-reranked-75-indices.json
Saved 1215 reranked responses to Gemini_structured-reranked-75-indices.json
Done reranking query 1216. Elapsed time since start: 17577.87 seconds.
Done reranking query 1217. Elapsed time since start: 17595.41 seconds.
Done reranking query 1218. Elapsed time since start: 17636.64 seconds.
Done reranking query 1219. Elapsed time since start: 17650.03 seconds.
Done reranking query 1220. Elapsed time since start: 17661.89 seconds.
Done reranking query 1221. Elapsed time since start: 17671.90 seconds.
Done reranking query 1222. Elapsed time since start: 17684.10 seconds.
Done reranking query 1223. Elapsed time since start: 17698.68 seconds.
Done reranking query 1224. Elapsed time since start: 17717.54 seconds.
Done reranking query 1225. Elapsed time since start: 17727.59 seconds.
Done reranking query 1226. Elapsed time since start: 17736.88 seconds.
Done reranking query 1227. Elapsed time since start: 17747.51 seconds.
Done reranking query 1228. Elapsed time since start: 17764.13 seconds.
Done reranking query 1229. Elapsed time since start: 17778.48 seconds.
Done reranking query 1230. Elapsed time since start: 17792.41 seconds.
Saved 1230 reranked responses to Gemini_text-reranked-75-indices.json
Saved 1230 reranked responses to Gemini_structured-reranked-75-indices.json
Done reranking query 1231. Elapsed time since start: 17806.97 seconds.
Done reranking query 1232. Elapsed time since start: 17820.56 seconds.
Done reranking query 1233. Elapsed time since start: 17837.38 seconds.
Done reranking query 1234. Elapsed time since start: 17843.79 seconds.
Done reranking query 1235. Elapsed time since start: 17851.04 seconds.
Done reranking query 1236. Elapsed time since start: 17857.93 seconds.
Done reranking query 1237. Elapsed time since start: 17866.73 seconds.
Done reranking query 1238. Elapsed time since start: 17885.63 seconds.
Done reranking query 1239. Elapsed time since start: 17898.53 seconds.
Done reranking query 1240. Elapsed time since start: 17906.60 seconds.
Done reranking query 1241. Elapsed time since start: 17930.16 seconds.
Done reranking query 1242. Elapsed time since start: 17938.63 seconds.
Done reranking query 1243. Elapsed time since start: 17949.60 seconds.
Done reranking query 1244. Elapsed time since start: 17960.74 seconds.
Done reranking query 1245. Elapsed time since start: 17970.25 seconds.
Saved 1245 reranked responses to Gemini_text-reranked-75-indices.json
Saved 1245 reranked responses to Gemini_structured-reranked-75-indices.json
Saved all reranked responses to Gemini_text-reranked-75-indices.json
Saved all reranked responses to Gemini_structured-reranked-75-indices.json
[2025-04-10 10:59:44] Job completed. Proceeding to next job...
