[2025-04-09 07:52:46] Starting job with: target chunks=256, target overlaps=64, original chunks=1024, original overlaps=256, docs=35
Number of Retrieved Chunks: 1245
Number of Documents per Retrieved Chunks: 35
Done reranking query 1. Elapsed time since start: 15.57 seconds.
Done reranking query 2. Elapsed time since start: 30.03 seconds.
Done reranking query 3. Elapsed time since start: 44.10 seconds.
Done reranking query 4. Elapsed time since start: 54.14 seconds.
Done reranking query 5. Elapsed time since start: 63.45 seconds.
Done reranking query 6. Elapsed time since start: 76.41 seconds.
Done reranking query 7. Elapsed time since start: 99.43 seconds.
Done reranking query 8. Elapsed time since start: 111.80 seconds.
Done reranking query 9. Elapsed time since start: 122.26 seconds.
Done reranking query 10. Elapsed time since start: 133.62 seconds.
Done reranking query 11. Elapsed time since start: 142.64 seconds.
Done reranking query 12. Elapsed time since start: 170.55 seconds.
Done reranking query 13. Elapsed time since start: 181.72 seconds.
Done reranking query 14. Elapsed time since start: 194.29 seconds.
Done reranking query 15. Elapsed time since start: 205.75 seconds.
Saved 15 reranked responses to Gemini_text-reranked-35-indices.json
Saved 15 reranked responses to Gemini_structured-reranked-35-indices.json
Done reranking query 16. Elapsed time since start: 220.14 seconds.
Done reranking query 17. Elapsed time since start: 232.70 seconds.
Done reranking query 18. Elapsed time since start: 243.65 seconds.
Done reranking query 19. Elapsed time since start: 254.77 seconds.
Done reranking query 20. Elapsed time since start: 267.06 seconds.
Done reranking query 21. Elapsed time since start: 284.85 seconds.
Done reranking query 22. Elapsed time since start: 296.98 seconds.
Done reranking query 23. Elapsed time since start: 318.75 seconds.
Done reranking query 24. Elapsed time since start: 330.99 seconds.
Done reranking query 25. Elapsed time since start: 347.22 seconds.
Done reranking query 26. Elapsed time since start: 365.05 seconds.
Done reranking query 27. Elapsed time since start: 375.10 seconds.
Done reranking query 28. Elapsed time since start: 385.98 seconds.
Done reranking query 29. Elapsed time since start: 396.94 seconds.
Done reranking query 30. Elapsed time since start: 409.98 seconds.
Saved 30 reranked responses to Gemini_text-reranked-35-indices.json
Saved 30 reranked responses to Gemini_structured-reranked-35-indices.json
Done reranking query 31. Elapsed time since start: 418.80 seconds.
Done reranking query 32. Elapsed time since start: 432.43 seconds.
Done reranking query 33. Elapsed time since start: 451.94 seconds.
Done reranking query 34. Elapsed time since start: 462.76 seconds.
Done reranking query 35. Elapsed time since start: 472.69 seconds.
Done reranking query 36. Elapsed time since start: 483.70 seconds.
Done reranking query 37. Elapsed time since start: 495.89 seconds.
Done reranking query 38. Elapsed time since start: 509.85 seconds.
Done reranking query 39. Elapsed time since start: 520.51 seconds.
Done reranking query 40. Elapsed time since start: 535.88 seconds.
Done reranking query 41. Elapsed time since start: 550.42 seconds.
Done reranking query 42. Elapsed time since start: 559.45 seconds.
Done reranking query 43. Elapsed time since start: 571.29 seconds.
Done reranking query 44. Elapsed time since start: 582.70 seconds.
Done reranking query 45. Elapsed time since start: 592.25 seconds.
Saved 45 reranked responses to Gemini_text-reranked-35-indices.json
Saved 45 reranked responses to Gemini_structured-reranked-35-indices.json
Done reranking query 46. Elapsed time since start: 598.09 seconds.
Done reranking query 47. Elapsed time since start: 608.16 seconds.
Done reranking query 48. Elapsed time since start: 619.86 seconds.
Done reranking query 49. Elapsed time since start: 632.78 seconds.
Done reranking query 50. Elapsed time since start: 644.43 seconds.
Done reranking query 51. Elapsed time since start: 659.02 seconds.
Done reranking query 52. Elapsed time since start: 670.90 seconds.
Done reranking query 53. Elapsed time since start: 686.40 seconds.
Done reranking query 54. Elapsed time since start: 702.95 seconds.
Done reranking query 55. Elapsed time since start: 716.57 seconds.
Done reranking query 56. Elapsed time since start: 726.15 seconds.
Done reranking query 57. Elapsed time since start: 736.50 seconds.
Done reranking query 58. Elapsed time since start: 746.87 seconds.
Done reranking query 59. Elapsed time since start: 762.33 seconds.
Done reranking query 60. Elapsed time since start: 774.03 seconds.
Saved 60 reranked responses to Gemini_text-reranked-35-indices.json
Saved 60 reranked responses to Gemini_structured-reranked-35-indices.json
Done reranking query 61. Elapsed time since start: 786.75 seconds.
Done reranking query 62. Elapsed time since start: 796.10 seconds.
Done reranking query 63. Elapsed time since start: 815.73 seconds.
Done reranking query 64. Elapsed time since start: 825.74 seconds.
Done reranking query 65. Elapsed time since start: 843.00 seconds.
Done reranking query 66. Elapsed time since start: 856.29 seconds.
Done reranking query 67. Elapsed time since start: 865.84 seconds.
Done reranking query 68. Elapsed time since start: 879.07 seconds.
Done reranking query 69. Elapsed time since start: 888.78 seconds.
Done reranking query 70. Elapsed time since start: 904.65 seconds.
Done reranking query 71. Elapsed time since start: 914.77 seconds.
Done reranking query 72. Elapsed time since start: 931.08 seconds.
Done reranking query 73. Elapsed time since start: 941.10 seconds.
Done reranking query 74. Elapsed time since start: 970.80 seconds.
Done reranking query 75. Elapsed time since start: 982.61 seconds.
Saved 75 reranked responses to Gemini_text-reranked-35-indices.json
Saved 75 reranked responses to Gemini_structured-reranked-35-indices.json
Done reranking query 76. Elapsed time since start: 996.88 seconds.
Done reranking query 77. Elapsed time since start: 1008.84 seconds.
Done reranking query 78. Elapsed time since start: 1028.60 seconds.
Done reranking query 79. Elapsed time since start: 1042.40 seconds.
Done reranking query 80. Elapsed time since start: 1053.08 seconds.
Done reranking query 81. Elapsed time since start: 1065.04 seconds.
Done reranking query 82. Elapsed time since start: 1071.43 seconds.
Done reranking query 83. Elapsed time since start: 1080.86 seconds.
Done reranking query 84. Elapsed time since start: 1090.68 seconds.
Done reranking query 85. Elapsed time since start: 1107.03 seconds.
Done reranking query 86. Elapsed time since start: 1125.36 seconds.
Done reranking query 87. Elapsed time since start: 1137.52 seconds.
Done reranking query 88. Elapsed time since start: 1150.43 seconds.
Done reranking query 89. Elapsed time since start: 1164.26 seconds.
Done reranking query 90. Elapsed time since start: 1185.94 seconds.
Saved 90 reranked responses to Gemini_text-reranked-35-indices.json
Saved 90 reranked responses to Gemini_structured-reranked-35-indices.json
Done reranking query 91. Elapsed time since start: 1197.15 seconds.
Done reranking query 92. Elapsed time since start: 1209.91 seconds.
Done reranking query 93. Elapsed time since start: 1222.39 seconds.
Done reranking query 94. Elapsed time since start: 1234.42 seconds.
Done reranking query 95. Elapsed time since start: 1248.16 seconds.
Done reranking query 96. Elapsed time since start: 1258.60 seconds.
Done reranking query 97. Elapsed time since start: 1274.29 seconds.
Done reranking query 98. Elapsed time since start: 1288.00 seconds.
Done reranking query 99. Elapsed time since start: 1309.92 seconds.
Done reranking query 100. Elapsed time since start: 1346.84 seconds.
Done reranking query 101. Elapsed time since start: 1367.62 seconds.
Done reranking query 102. Elapsed time since start: 1408.23 seconds.
Done reranking query 103. Elapsed time since start: 1422.05 seconds.
Done reranking query 104. Elapsed time since start: 1436.55 seconds.
Done reranking query 105. Elapsed time since start: 1467.50 seconds.
Saved 105 reranked responses to Gemini_text-reranked-35-indices.json
Saved 105 reranked responses to Gemini_structured-reranked-35-indices.json
Done reranking query 106. Elapsed time since start: 1479.41 seconds.
Done reranking query 107. Elapsed time since start: 1490.64 seconds.
Done reranking query 108. Elapsed time since start: 1501.25 seconds.
Done reranking query 109. Elapsed time since start: 1512.47 seconds.
Done reranking query 110. Elapsed time since start: 1561.39 seconds.
Done reranking query 111. Elapsed time since start: 1573.19 seconds.
Done reranking query 112. Elapsed time since start: 1588.30 seconds.
Done reranking query 113. Elapsed time since start: 1602.35 seconds.
Done reranking query 114. Elapsed time since start: 1625.50 seconds.
Done reranking query 115. Elapsed time since start: 1635.52 seconds.
Done reranking query 116. Elapsed time since start: 1647.72 seconds.
Done reranking query 117. Elapsed time since start: 1657.97 seconds.
Done reranking query 118. Elapsed time since start: 1670.60 seconds.
Done reranking query 119. Elapsed time since start: 1683.98 seconds.
Done reranking query 120. Elapsed time since start: 1694.66 seconds.
Saved 120 reranked responses to Gemini_text-reranked-35-indices.json
Saved 120 reranked responses to Gemini_structured-reranked-35-indices.json
Done reranking query 121. Elapsed time since start: 1703.19 seconds.
Done reranking query 122. Elapsed time since start: 1719.91 seconds.
Done reranking query 123. Elapsed time since start: 1732.37 seconds.
Done reranking query 124. Elapsed time since start: 1748.92 seconds.
Done reranking query 125. Elapsed time since start: 1763.59 seconds.
Done reranking query 126. Elapsed time since start: 1777.10 seconds.
Done reranking query 127. Elapsed time since start: 1789.14 seconds.
Done reranking query 128. Elapsed time since start: 1800.12 seconds.
Done reranking query 129. Elapsed time since start: 1811.54 seconds.
Done reranking query 130. Elapsed time since start: 1828.93 seconds.
Done reranking query 131. Elapsed time since start: 1839.44 seconds.
Done reranking query 132. Elapsed time since start: 1858.05 seconds.
Done reranking query 133. Elapsed time since start: 1869.70 seconds.
Done reranking query 134. Elapsed time since start: 1883.61 seconds.
Done reranking query 135. Elapsed time since start: 1892.68 seconds.
Saved 135 reranked responses to Gemini_text-reranked-35-indices.json
Saved 135 reranked responses to Gemini_structured-reranked-35-indices.json
Done reranking query 136. Elapsed time since start: 1905.25 seconds.
Done reranking query 137. Elapsed time since start: 1920.03 seconds.
Done reranking query 138. Elapsed time since start: 1969.85 seconds.
Done reranking query 139. Elapsed time since start: 1982.52 seconds.
Done reranking query 140. Elapsed time since start: 1993.59 seconds.
Done reranking query 141. Elapsed time since start: 2005.52 seconds.
Done reranking query 142. Elapsed time since start: 2025.51 seconds.
Done reranking query 143. Elapsed time since start: 2039.05 seconds.
Done reranking query 144. Elapsed time since start: 2054.17 seconds.
Done reranking query 145. Elapsed time since start: 2068.11 seconds.
Done reranking query 146. Elapsed time since start: 2079.60 seconds.
Done reranking query 147. Elapsed time since start: 2096.48 seconds.
Done reranking query 148. Elapsed time since start: 2106.95 seconds.
Done reranking query 149. Elapsed time since start: 2129.40 seconds.
Done reranking query 150. Elapsed time since start: 2151.47 seconds.
Saved 150 reranked responses to Gemini_text-reranked-35-indices.json
Saved 150 reranked responses to Gemini_structured-reranked-35-indices.json
Done reranking query 151. Elapsed time since start: 2163.15 seconds.
Done reranking query 152. Elapsed time since start: 2170.87 seconds.
Done reranking query 153. Elapsed time since start: 2193.88 seconds.
Done reranking query 154. Elapsed time since start: 2203.29 seconds.
Done reranking query 155. Elapsed time since start: 2213.19 seconds.
Done reranking query 156. Elapsed time since start: 2228.02 seconds.
Done reranking query 157. Elapsed time since start: 2240.61 seconds.
Done reranking query 158. Elapsed time since start: 2254.89 seconds.
Done reranking query 159. Elapsed time since start: 2269.84 seconds.
Done reranking query 160. Elapsed time since start: 2300.76 seconds.
Done reranking query 161. Elapsed time since start: 2312.92 seconds.
Done reranking query 162. Elapsed time since start: 2333.78 seconds.
Done reranking query 163. Elapsed time since start: 2345.99 seconds.
Done reranking query 164. Elapsed time since start: 2360.70 seconds.
Done reranking query 165. Elapsed time since start: 2370.97 seconds.
Saved 165 reranked responses to Gemini_text-reranked-35-indices.json
Saved 165 reranked responses to Gemini_structured-reranked-35-indices.json
Done reranking query 166. Elapsed time since start: 2382.42 seconds.
Done reranking query 167. Elapsed time since start: 2399.48 seconds.
Done reranking query 168. Elapsed time since start: 2412.68 seconds.
Done reranking query 169. Elapsed time since start: 2423.43 seconds.
Done reranking query 170. Elapsed time since start: 2443.83 seconds.
Done reranking query 171. Elapsed time since start: 2454.75 seconds.
Done reranking query 172. Elapsed time since start: 2464.90 seconds.
Done reranking query 173. Elapsed time since start: 2477.31 seconds.
Done reranking query 174. Elapsed time since start: 2489.37 seconds.
Done reranking query 175. Elapsed time since start: 2498.27 seconds.
Done reranking query 176. Elapsed time since start: 2508.72 seconds.
Done reranking query 177. Elapsed time since start: 2517.76 seconds.
Done reranking query 178. Elapsed time since start: 2529.94 seconds.
Done reranking query 179. Elapsed time since start: 2549.78 seconds.
Done reranking query 180. Elapsed time since start: 2562.45 seconds.
Saved 180 reranked responses to Gemini_text-reranked-35-indices.json
Saved 180 reranked responses to Gemini_structured-reranked-35-indices.json
Done reranking query 181. Elapsed time since start: 2576.65 seconds.
Done reranking query 182. Elapsed time since start: 2598.61 seconds.
Done reranking query 183. Elapsed time since start: 2608.51 seconds.
Done reranking query 184. Elapsed time since start: 2618.75 seconds.
Done reranking query 185. Elapsed time since start: 2635.43 seconds.
Done reranking query 186. Elapsed time since start: 2643.57 seconds.
Done reranking query 187. Elapsed time since start: 2656.05 seconds.
Done reranking query 188. Elapsed time since start: 2668.38 seconds.
Done reranking query 189. Elapsed time since start: 2686.06 seconds.
Done reranking query 190. Elapsed time since start: 2699.54 seconds.
Done reranking query 191. Elapsed time since start: 2728.79 seconds.
Done reranking query 192. Elapsed time since start: 2741.66 seconds.
Done reranking query 193. Elapsed time since start: 2749.62 seconds.
Done reranking query 194. Elapsed time since start: 2767.12 seconds.
Done reranking query 195. Elapsed time since start: 2781.06 seconds.
Saved 195 reranked responses to Gemini_text-reranked-35-indices.json
Saved 195 reranked responses to Gemini_structured-reranked-35-indices.json
Done reranking query 196. Elapsed time since start: 2793.86 seconds.
Done reranking query 197. Elapsed time since start: 2805.36 seconds.
Done reranking query 198. Elapsed time since start: 2818.49 seconds.
Done reranking query 199. Elapsed time since start: 2844.29 seconds.
Done reranking query 200. Elapsed time since start: 2852.65 seconds.
Done reranking query 201. Elapsed time since start: 2865.31 seconds.
Done reranking query 202. Elapsed time since start: 2881.57 seconds.
Done reranking query 203. Elapsed time since start: 2892.37 seconds.
Done reranking query 204. Elapsed time since start: 2917.14 seconds.
Done reranking query 205. Elapsed time since start: 2933.37 seconds.
Done reranking query 206. Elapsed time since start: 2946.62 seconds.
Done reranking query 207. Elapsed time since start: 2962.37 seconds.
Done reranking query 208. Elapsed time since start: 2971.46 seconds.
Done reranking query 209. Elapsed time since start: 2983.42 seconds.
Done reranking query 210. Elapsed time since start: 2997.14 seconds.
Saved 210 reranked responses to Gemini_text-reranked-35-indices.json
Saved 210 reranked responses to Gemini_structured-reranked-35-indices.json
Done reranking query 211. Elapsed time since start: 3011.53 seconds.
Done reranking query 212. Elapsed time since start: 3018.55 seconds.
Done reranking query 213. Elapsed time since start: 3029.62 seconds.
Done reranking query 214. Elapsed time since start: 3041.51 seconds.
Done reranking query 215. Elapsed time since start: 3054.52 seconds.
Done reranking query 216. Elapsed time since start: 3064.17 seconds.
Done reranking query 217. Elapsed time since start: 3086.23 seconds.
Done reranking query 218. Elapsed time since start: 3117.09 seconds.
Done reranking query 219. Elapsed time since start: 3136.63 seconds.
Done reranking query 220. Elapsed time since start: 3150.21 seconds.
Done reranking query 221. Elapsed time since start: 3166.73 seconds.
Done reranking query 222. Elapsed time since start: 3174.90 seconds.
Done reranking query 223. Elapsed time since start: 3191.21 seconds.
Done reranking query 224. Elapsed time since start: 3203.04 seconds.
Done reranking query 225. Elapsed time since start: 3216.27 seconds.
Saved 225 reranked responses to Gemini_text-reranked-35-indices.json
Saved 225 reranked responses to Gemini_structured-reranked-35-indices.json
Done reranking query 226. Elapsed time since start: 3225.21 seconds.
Done reranking query 227. Elapsed time since start: 3242.75 seconds.
Done reranking query 228. Elapsed time since start: 3255.82 seconds.
Done reranking query 229. Elapsed time since start: 3264.95 seconds.
Done reranking query 230. Elapsed time since start: 3276.91 seconds.
Done reranking query 231. Elapsed time since start: 3290.38 seconds.
Done reranking query 232. Elapsed time since start: 3304.09 seconds.
Done reranking query 233. Elapsed time since start: 3317.77 seconds.
Done reranking query 234. Elapsed time since start: 3328.36 seconds.
Done reranking query 235. Elapsed time since start: 3341.25 seconds.
Done reranking query 236. Elapsed time since start: 3350.53 seconds.
Done reranking query 237. Elapsed time since start: 3363.30 seconds.
Done reranking query 238. Elapsed time since start: 3371.49 seconds.
Done reranking query 239. Elapsed time since start: 3383.60 seconds.
Done reranking query 240. Elapsed time since start: 3397.98 seconds.
Saved 240 reranked responses to Gemini_text-reranked-35-indices.json
Saved 240 reranked responses to Gemini_structured-reranked-35-indices.json
Done reranking query 241. Elapsed time since start: 3409.67 seconds.
Done reranking query 242. Elapsed time since start: 3430.87 seconds.
Done reranking query 243. Elapsed time since start: 3441.20 seconds.
Done reranking query 244. Elapsed time since start: 3455.19 seconds.
Done reranking query 245. Elapsed time since start: 3467.94 seconds.
Done reranking query 246. Elapsed time since start: 3487.61 seconds.
Done reranking query 247. Elapsed time since start: 3502.27 seconds.
Done reranking query 248. Elapsed time since start: 3517.71 seconds.
Done reranking query 249. Elapsed time since start: 3541.84 seconds.
Done reranking query 250. Elapsed time since start: 3559.31 seconds.
Done reranking query 251. Elapsed time since start: 3570.31 seconds.
Done reranking query 252. Elapsed time since start: 3579.45 seconds.
Done reranking query 253. Elapsed time since start: 3589.53 seconds.
Done reranking query 254. Elapsed time since start: 3600.23 seconds.
Done reranking query 255. Elapsed time since start: 3613.80 seconds.
Saved 255 reranked responses to Gemini_text-reranked-35-indices.json
Saved 255 reranked responses to Gemini_structured-reranked-35-indices.json
Done reranking query 256. Elapsed time since start: 3636.34 seconds.
Done reranking query 257. Elapsed time since start: 3649.06 seconds.
Done reranking query 258. Elapsed time since start: 3658.64 seconds.
Done reranking query 259. Elapsed time since start: 3671.28 seconds.
Done reranking query 260. Elapsed time since start: 3682.36 seconds.
Done reranking query 261. Elapsed time since start: 3693.23 seconds.
Done reranking query 262. Elapsed time since start: 3710.96 seconds.
Done reranking query 263. Elapsed time since start: 3723.14 seconds.
Done reranking query 264. Elapsed time since start: 3744.13 seconds.
Done reranking query 265. Elapsed time since start: 3757.40 seconds.
Done reranking query 266. Elapsed time since start: 3769.78 seconds.
Done reranking query 267. Elapsed time since start: 3780.20 seconds.
Done reranking query 268. Elapsed time since start: 3791.07 seconds.
Done reranking query 269. Elapsed time since start: 3801.65 seconds.
Done reranking query 270. Elapsed time since start: 3820.61 seconds.
Saved 270 reranked responses to Gemini_text-reranked-35-indices.json
Saved 270 reranked responses to Gemini_structured-reranked-35-indices.json
Done reranking query 271. Elapsed time since start: 3831.66 seconds.
Done reranking query 272. Elapsed time since start: 3846.42 seconds.
Done reranking query 273. Elapsed time since start: 3863.17 seconds.
Done reranking query 274. Elapsed time since start: 3879.14 seconds.
Done reranking query 275. Elapsed time since start: 3890.09 seconds.
Done reranking query 276. Elapsed time since start: 3903.11 seconds.
Done reranking query 277. Elapsed time since start: 3912.38 seconds.
Done reranking query 278. Elapsed time since start: 3925.28 seconds.
Done reranking query 279. Elapsed time since start: 3942.85 seconds.
Done reranking query 280. Elapsed time since start: 3952.39 seconds.
Done reranking query 281. Elapsed time since start: 3970.69 seconds.
Done reranking query 282. Elapsed time since start: 3993.35 seconds.
Done reranking query 283. Elapsed time since start: 4016.47 seconds.
Done reranking query 284. Elapsed time since start: 4035.61 seconds.
Done reranking query 285. Elapsed time since start: 4051.69 seconds.
Saved 285 reranked responses to Gemini_text-reranked-35-indices.json
Saved 285 reranked responses to Gemini_structured-reranked-35-indices.json
Done reranking query 286. Elapsed time since start: 4063.90 seconds.
Done reranking query 287. Elapsed time since start: 4074.35 seconds.
Done reranking query 288. Elapsed time since start: 4089.07 seconds.
Done reranking query 289. Elapsed time since start: 4099.45 seconds.
Done reranking query 290. Elapsed time since start: 4109.72 seconds.
Done reranking query 291. Elapsed time since start: 4121.66 seconds.
Done reranking query 292. Elapsed time since start: 4143.12 seconds.
Done reranking query 293. Elapsed time since start: 4155.27 seconds.
Done reranking query 294. Elapsed time since start: 4164.58 seconds.
Done reranking query 295. Elapsed time since start: 4175.86 seconds.
Done reranking query 296. Elapsed time since start: 4189.79 seconds.
Done reranking query 297. Elapsed time since start: 4196.93 seconds.
Done reranking query 298. Elapsed time since start: 4208.29 seconds.
Done reranking query 299. Elapsed time since start: 4220.15 seconds.
Done reranking query 300. Elapsed time since start: 4236.14 seconds.
Saved 300 reranked responses to Gemini_text-reranked-35-indices.json
Saved 300 reranked responses to Gemini_structured-reranked-35-indices.json
Done reranking query 301. Elapsed time since start: 4259.51 seconds.
Done reranking query 302. Elapsed time since start: 4269.46 seconds.
Done reranking query 303. Elapsed time since start: 4284.30 seconds.
Done reranking query 304. Elapsed time since start: 4293.74 seconds.
Done reranking query 305. Elapsed time since start: 4306.48 seconds.
Done reranking query 306. Elapsed time since start: 4317.88 seconds.
Done reranking query 307. Elapsed time since start: 4330.10 seconds.
Done reranking query 308. Elapsed time since start: 4343.74 seconds.
Done reranking query 309. Elapsed time since start: 4355.06 seconds.
Done reranking query 310. Elapsed time since start: 4365.31 seconds.
Done reranking query 311. Elapsed time since start: 4377.48 seconds.
Done reranking query 312. Elapsed time since start: 4385.51 seconds.
Done reranking query 313. Elapsed time since start: 4399.78 seconds.
Done reranking query 314. Elapsed time since start: 4416.22 seconds.
Done reranking query 315. Elapsed time since start: 4427.14 seconds.
Saved 315 reranked responses to Gemini_text-reranked-35-indices.json
Saved 315 reranked responses to Gemini_structured-reranked-35-indices.json
Done reranking query 316. Elapsed time since start: 4441.90 seconds.
Done reranking query 317. Elapsed time since start: 4457.37 seconds.
Done reranking query 318. Elapsed time since start: 4469.64 seconds.
Done reranking query 319. Elapsed time since start: 4480.06 seconds.
Done reranking query 320. Elapsed time since start: 4488.74 seconds.
Done reranking query 321. Elapsed time since start: 4510.07 seconds.
Done reranking query 322. Elapsed time since start: 4522.70 seconds.
Done reranking query 323. Elapsed time since start: 4538.36 seconds.
Done reranking query 324. Elapsed time since start: 4550.96 seconds.
Done reranking query 325. Elapsed time since start: 4564.92 seconds.
Done reranking query 326. Elapsed time since start: 4597.94 seconds.
Done reranking query 327. Elapsed time since start: 4610.90 seconds.
Done reranking query 328. Elapsed time since start: 4623.62 seconds.
Done reranking query 329. Elapsed time since start: 4643.61 seconds.
Done reranking query 330. Elapsed time since start: 4656.11 seconds.
Saved 330 reranked responses to Gemini_text-reranked-35-indices.json
Saved 330 reranked responses to Gemini_structured-reranked-35-indices.json
Done reranking query 331. Elapsed time since start: 4670.36 seconds.
Done reranking query 332. Elapsed time since start: 4685.09 seconds.
Done reranking query 333. Elapsed time since start: 4698.15 seconds.
Done reranking query 334. Elapsed time since start: 4718.34 seconds.
Done reranking query 335. Elapsed time since start: 4729.01 seconds.
Done reranking query 336. Elapsed time since start: 4743.58 seconds.
Done reranking query 337. Elapsed time since start: 4761.31 seconds.
Done reranking query 338. Elapsed time since start: 4770.83 seconds.
Done reranking query 339. Elapsed time since start: 4785.18 seconds.
Done reranking query 340. Elapsed time since start: 4793.83 seconds.
Done reranking query 341. Elapsed time since start: 4805.09 seconds.
Done reranking query 342. Elapsed time since start: 4815.70 seconds.
Done reranking query 343. Elapsed time since start: 4825.41 seconds.
Done reranking query 344. Elapsed time since start: 4837.44 seconds.
Done reranking query 345. Elapsed time since start: 4853.26 seconds.
Saved 345 reranked responses to Gemini_text-reranked-35-indices.json
Saved 345 reranked responses to Gemini_structured-reranked-35-indices.json
Done reranking query 346. Elapsed time since start: 4863.17 seconds.
Done reranking query 347. Elapsed time since start: 4878.67 seconds.
Done reranking query 348. Elapsed time since start: 4891.47 seconds.
Done reranking query 349. Elapsed time since start: 4901.28 seconds.
Done reranking query 350. Elapsed time since start: 4915.71 seconds.
Done reranking query 351. Elapsed time since start: 4925.31 seconds.
Done reranking query 352. Elapsed time since start: 4939.09 seconds.
Done reranking query 353. Elapsed time since start: 4955.90 seconds.
Done reranking query 354. Elapsed time since start: 4967.90 seconds.
Done reranking query 355. Elapsed time since start: 4979.31 seconds.
Done reranking query 356. Elapsed time since start: 4991.28 seconds.
Done reranking query 357. Elapsed time since start: 5007.00 seconds.
Done reranking query 358. Elapsed time since start: 5028.19 seconds.
Done reranking query 359. Elapsed time since start: 5043.64 seconds.
Done reranking query 360. Elapsed time since start: 5055.55 seconds.
Saved 360 reranked responses to Gemini_text-reranked-35-indices.json
Saved 360 reranked responses to Gemini_structured-reranked-35-indices.json
Done reranking query 361. Elapsed time since start: 5065.77 seconds.
Done reranking query 362. Elapsed time since start: 5078.10 seconds.
Done reranking query 363. Elapsed time since start: 5095.42 seconds.
Done reranking query 364. Elapsed time since start: 5104.13 seconds.
Done reranking query 365. Elapsed time since start: 5115.06 seconds.
Done reranking query 366. Elapsed time since start: 5125.98 seconds.
Done reranking query 367. Elapsed time since start: 5144.90 seconds.
Done reranking query 368. Elapsed time since start: 5156.16 seconds.
Done reranking query 369. Elapsed time since start: 5165.27 seconds.
Done reranking query 370. Elapsed time since start: 5175.93 seconds.
Done reranking query 371. Elapsed time since start: 5201.71 seconds.
Done reranking query 372. Elapsed time since start: 5210.53 seconds.
Done reranking query 373. Elapsed time since start: 5222.29 seconds.
Done reranking query 374. Elapsed time since start: 5244.59 seconds.
Done reranking query 375. Elapsed time since start: 5257.20 seconds.
Saved 375 reranked responses to Gemini_text-reranked-35-indices.json
Saved 375 reranked responses to Gemini_structured-reranked-35-indices.json
Done reranking query 376. Elapsed time since start: 5268.10 seconds.
Done reranking query 377. Elapsed time since start: 5282.43 seconds.
Done reranking query 378. Elapsed time since start: 5296.32 seconds.
Done reranking query 379. Elapsed time since start: 5310.78 seconds.
Done reranking query 380. Elapsed time since start: 5326.38 seconds.
Done reranking query 381. Elapsed time since start: 5339.33 seconds.
Done reranking query 382. Elapsed time since start: 5350.60 seconds.
Done reranking query 383. Elapsed time since start: 5364.89 seconds.
Done reranking query 384. Elapsed time since start: 5390.65 seconds.
Done reranking query 385. Elapsed time since start: 5401.94 seconds.
Done reranking query 386. Elapsed time since start: 5417.77 seconds.
Done reranking query 387. Elapsed time since start: 5427.30 seconds.
Done reranking query 388. Elapsed time since start: 5438.61 seconds.
Done reranking query 389. Elapsed time since start: 5452.51 seconds.
Done reranking query 390. Elapsed time since start: 5467.30 seconds.
Saved 390 reranked responses to Gemini_text-reranked-35-indices.json
Saved 390 reranked responses to Gemini_structured-reranked-35-indices.json
Done reranking query 391. Elapsed time since start: 5482.44 seconds.
Done reranking query 392. Elapsed time since start: 5495.37 seconds.
Done reranking query 393. Elapsed time since start: 5508.38 seconds.
Done reranking query 394. Elapsed time since start: 5522.57 seconds.
Done reranking query 395. Elapsed time since start: 5528.47 seconds.
Done reranking query 396. Elapsed time since start: 5538.11 seconds.
Done reranking query 397. Elapsed time since start: 5547.51 seconds.
Done reranking query 398. Elapsed time since start: 5560.04 seconds.
Done reranking query 399. Elapsed time since start: 5570.92 seconds.
Done reranking query 400. Elapsed time since start: 5585.54 seconds.
Done reranking query 401. Elapsed time since start: 5597.51 seconds.
Done reranking query 402. Elapsed time since start: 5609.08 seconds.
Done reranking query 403. Elapsed time since start: 5620.08 seconds.
Done reranking query 404. Elapsed time since start: 5629.11 seconds.
Done reranking query 405. Elapsed time since start: 5648.87 seconds.
Saved 405 reranked responses to Gemini_text-reranked-35-indices.json
Saved 405 reranked responses to Gemini_structured-reranked-35-indices.json
Done reranking query 406. Elapsed time since start: 5660.50 seconds.
Done reranking query 407. Elapsed time since start: 5671.69 seconds.
Done reranking query 408. Elapsed time since start: 5683.83 seconds.
Done reranking query 409. Elapsed time since start: 5710.94 seconds.
Done reranking query 410. Elapsed time since start: 5722.00 seconds.
Done reranking query 411. Elapsed time since start: 5741.83 seconds.
Done reranking query 412. Elapsed time since start: 5751.99 seconds.
Done reranking query 413. Elapsed time since start: 5764.76 seconds.
Done reranking query 414. Elapsed time since start: 5780.09 seconds.
Done reranking query 415. Elapsed time since start: 5789.27 seconds.
Done reranking query 416. Elapsed time since start: 5804.28 seconds.
Done reranking query 417. Elapsed time since start: 5817.35 seconds.
Done reranking query 418. Elapsed time since start: 5836.26 seconds.
Done reranking query 419. Elapsed time since start: 5851.73 seconds.
Done reranking query 420. Elapsed time since start: 5865.05 seconds.
Saved 420 reranked responses to Gemini_text-reranked-35-indices.json
Saved 420 reranked responses to Gemini_structured-reranked-35-indices.json
Done reranking query 421. Elapsed time since start: 5875.78 seconds.
Done reranking query 422. Elapsed time since start: 5886.43 seconds.
Done reranking query 423. Elapsed time since start: 5897.07 seconds.
Done reranking query 424. Elapsed time since start: 5908.11 seconds.
Done reranking query 425. Elapsed time since start: 5918.12 seconds.
Done reranking query 426. Elapsed time since start: 5929.76 seconds.
Done reranking query 427. Elapsed time since start: 5944.85 seconds.
Done reranking query 428. Elapsed time since start: 5956.86 seconds.
Done reranking query 429. Elapsed time since start: 5973.93 seconds.
Done reranking query 430. Elapsed time since start: 5992.13 seconds.
Done reranking query 431. Elapsed time since start: 6009.26 seconds.
Done reranking query 432. Elapsed time since start: 6023.99 seconds.
Done reranking query 433. Elapsed time since start: 6040.45 seconds.
Done reranking query 434. Elapsed time since start: 6048.31 seconds.
Done reranking query 435. Elapsed time since start: 6060.09 seconds.
Saved 435 reranked responses to Gemini_text-reranked-35-indices.json
Saved 435 reranked responses to Gemini_structured-reranked-35-indices.json
Done reranking query 436. Elapsed time since start: 6071.46 seconds.
Done reranking query 437. Elapsed time since start: 6083.97 seconds.
Done reranking query 438. Elapsed time since start: 6098.99 seconds.
Done reranking query 439. Elapsed time since start: 6107.95 seconds.
Done reranking query 440. Elapsed time since start: 6122.68 seconds.
Done reranking query 441. Elapsed time since start: 6136.76 seconds.
Done reranking query 442. Elapsed time since start: 6148.73 seconds.
Done reranking query 443. Elapsed time since start: 6163.75 seconds.
Done reranking query 444. Elapsed time since start: 6177.50 seconds.
Done reranking query 445. Elapsed time since start: 6190.38 seconds.
Done reranking query 446. Elapsed time since start: 6211.66 seconds.
Done reranking query 447. Elapsed time since start: 6233.22 seconds.
Done reranking query 448. Elapsed time since start: 6255.96 seconds.
Done reranking query 449. Elapsed time since start: 6288.87 seconds.
Done reranking query 450. Elapsed time since start: 6304.78 seconds.
Saved 450 reranked responses to Gemini_text-reranked-35-indices.json
Saved 450 reranked responses to Gemini_structured-reranked-35-indices.json
Done reranking query 451. Elapsed time since start: 6317.73 seconds.
Done reranking query 452. Elapsed time since start: 6332.65 seconds.
Done reranking query 453. Elapsed time since start: 6346.98 seconds.
Done reranking query 454. Elapsed time since start: 6358.46 seconds.
Done reranking query 455. Elapsed time since start: 6369.26 seconds.
Done reranking query 456. Elapsed time since start: 6389.36 seconds.
Done reranking query 457. Elapsed time since start: 6404.65 seconds.
Done reranking query 458. Elapsed time since start: 6415.23 seconds.
Done reranking query 459. Elapsed time since start: 6425.43 seconds.
Done reranking query 460. Elapsed time since start: 6438.35 seconds.
Done reranking query 461. Elapsed time since start: 6455.10 seconds.
Done reranking query 462. Elapsed time since start: 6472.23 seconds.
Done reranking query 463. Elapsed time since start: 6490.60 seconds.
Done reranking query 464. Elapsed time since start: 6500.42 seconds.
Done reranking query 465. Elapsed time since start: 6515.12 seconds.
Saved 465 reranked responses to Gemini_text-reranked-35-indices.json
Saved 465 reranked responses to Gemini_structured-reranked-35-indices.json
Done reranking query 466. Elapsed time since start: 6529.67 seconds.
Done reranking query 467. Elapsed time since start: 6540.23 seconds.
Done reranking query 468. Elapsed time since start: 6552.81 seconds.
Done reranking query 469. Elapsed time since start: 6567.21 seconds.
Done reranking query 470. Elapsed time since start: 6579.68 seconds.
Done reranking query 471. Elapsed time since start: 6628.56 seconds.
Done reranking query 472. Elapsed time since start: 6639.16 seconds.
Done reranking query 473. Elapsed time since start: 6655.20 seconds.
Done reranking query 474. Elapsed time since start: 6665.14 seconds.
Done reranking query 475. Elapsed time since start: 6710.64 seconds.
Done reranking query 476. Elapsed time since start: 6719.14 seconds.
Done reranking query 477. Elapsed time since start: 6729.69 seconds.
Done reranking query 478. Elapsed time since start: 6749.61 seconds.
Done reranking query 479. Elapsed time since start: 6759.21 seconds.
Done reranking query 480. Elapsed time since start: 6765.72 seconds.
Saved 480 reranked responses to Gemini_text-reranked-35-indices.json
Saved 480 reranked responses to Gemini_structured-reranked-35-indices.json
Done reranking query 481. Elapsed time since start: 6777.73 seconds.
Done reranking query 482. Elapsed time since start: 6787.53 seconds.
Done reranking query 483. Elapsed time since start: 6803.83 seconds.
Done reranking query 484. Elapsed time since start: 6817.07 seconds.
Done reranking query 485. Elapsed time since start: 6827.53 seconds.
Done reranking query 486. Elapsed time since start: 6837.44 seconds.
Done reranking query 487. Elapsed time since start: 6852.16 seconds.
Done reranking query 488. Elapsed time since start: 6865.75 seconds.
Done reranking query 489. Elapsed time since start: 6878.46 seconds.
Done reranking query 490. Elapsed time since start: 6900.38 seconds.
Done reranking query 491. Elapsed time since start: 6912.39 seconds.
Done reranking query 492. Elapsed time since start: 6925.97 seconds.
Done reranking query 493. Elapsed time since start: 6937.08 seconds.
Done reranking query 494. Elapsed time since start: 6950.53 seconds.
Done reranking query 495. Elapsed time since start: 6963.98 seconds.
Saved 495 reranked responses to Gemini_text-reranked-35-indices.json
Saved 495 reranked responses to Gemini_structured-reranked-35-indices.json
Done reranking query 496. Elapsed time since start: 6974.25 seconds.
Done reranking query 497. Elapsed time since start: 6989.10 seconds.
Done reranking query 498. Elapsed time since start: 7010.29 seconds.
Done reranking query 499. Elapsed time since start: 7046.10 seconds.
Done reranking query 500. Elapsed time since start: 7059.19 seconds.
Done reranking query 501. Elapsed time since start: 7072.96 seconds.
Done reranking query 502. Elapsed time since start: 7084.28 seconds.
Done reranking query 503. Elapsed time since start: 7097.30 seconds.
Done reranking query 504. Elapsed time since start: 7124.42 seconds.
Done reranking query 505. Elapsed time since start: 7158.26 seconds.
Done reranking query 506. Elapsed time since start: 7167.83 seconds.
Done reranking query 507. Elapsed time since start: 7188.03 seconds.
Done reranking query 508. Elapsed time since start: 7203.99 seconds.
Done reranking query 509. Elapsed time since start: 7224.79 seconds.
Done reranking query 510. Elapsed time since start: 7237.65 seconds.
Saved 510 reranked responses to Gemini_text-reranked-35-indices.json
Saved 510 reranked responses to Gemini_structured-reranked-35-indices.json
Done reranking query 511. Elapsed time since start: 7252.14 seconds.
Done reranking query 512. Elapsed time since start: 7268.39 seconds.
Done reranking query 513. Elapsed time since start: 7282.47 seconds.
Done reranking query 514. Elapsed time since start: 7293.78 seconds.
Done reranking query 515. Elapsed time since start: 7306.38 seconds.
Done reranking query 516. Elapsed time since start: 7313.59 seconds.
Done reranking query 517. Elapsed time since start: 7325.55 seconds.
Done reranking query 518. Elapsed time since start: 7342.52 seconds.
Done reranking query 519. Elapsed time since start: 7353.88 seconds.
Done reranking query 520. Elapsed time since start: 7364.40 seconds.
Done reranking query 521. Elapsed time since start: 7375.96 seconds.
Done reranking query 522. Elapsed time since start: 7387.68 seconds.
Done reranking query 523. Elapsed time since start: 7403.37 seconds.
Done reranking query 524. Elapsed time since start: 7413.72 seconds.
Done reranking query 525. Elapsed time since start: 7425.55 seconds.
Saved 525 reranked responses to Gemini_text-reranked-35-indices.json
Saved 525 reranked responses to Gemini_structured-reranked-35-indices.json
Done reranking query 526. Elapsed time since start: 7440.92 seconds.
Done reranking query 527. Elapsed time since start: 7455.62 seconds.
Done reranking query 528. Elapsed time since start: 7469.77 seconds.
Done reranking query 529. Elapsed time since start: 7482.16 seconds.
Done reranking query 530. Elapsed time since start: 7491.75 seconds.
Done reranking query 531. Elapsed time since start: 7503.06 seconds.
Done reranking query 532. Elapsed time since start: 7520.45 seconds.
Done reranking query 533. Elapsed time since start: 7531.56 seconds.
Done reranking query 534. Elapsed time since start: 7541.05 seconds.
Done reranking query 535. Elapsed time since start: 7554.26 seconds.
Done reranking query 536. Elapsed time since start: 7567.13 seconds.
Done reranking query 537. Elapsed time since start: 7579.96 seconds.
Done reranking query 538. Elapsed time since start: 7592.08 seconds.
Done reranking query 539. Elapsed time since start: 7603.47 seconds.
Done reranking query 540. Elapsed time since start: 7617.00 seconds.
Saved 540 reranked responses to Gemini_text-reranked-35-indices.json
Saved 540 reranked responses to Gemini_structured-reranked-35-indices.json
Done reranking query 541. Elapsed time since start: 7631.56 seconds.
Done reranking query 542. Elapsed time since start: 7647.28 seconds.
Done reranking query 543. Elapsed time since start: 7653.77 seconds.
Done reranking query 544. Elapsed time since start: 7663.55 seconds.
Done reranking query 545. Elapsed time since start: 7677.28 seconds.
Done reranking query 546. Elapsed time since start: 7690.42 seconds.
Done reranking query 547. Elapsed time since start: 7711.53 seconds.
Done reranking query 548. Elapsed time since start: 7736.74 seconds.
Done reranking query 549. Elapsed time since start: 7748.86 seconds.
Done reranking query 550. Elapsed time since start: 7762.22 seconds.
Done reranking query 551. Elapsed time since start: 7772.29 seconds.
Done reranking query 552. Elapsed time since start: 7786.96 seconds.
Done reranking query 553. Elapsed time since start: 7802.60 seconds.
Done reranking query 554. Elapsed time since start: 7819.87 seconds.
Done reranking query 555. Elapsed time since start: 7832.03 seconds.
Saved 555 reranked responses to Gemini_text-reranked-35-indices.json
Saved 555 reranked responses to Gemini_structured-reranked-35-indices.json
Done reranking query 556. Elapsed time since start: 7849.96 seconds.
Done reranking query 557. Elapsed time since start: 7866.88 seconds.
Done reranking query 558. Elapsed time since start: 7877.54 seconds.
Done reranking query 559. Elapsed time since start: 7890.23 seconds.
Done reranking query 560. Elapsed time since start: 7900.86 seconds.
Done reranking query 561. Elapsed time since start: 7917.14 seconds.
Done reranking query 562. Elapsed time since start: 7923.66 seconds.
Done reranking query 563. Elapsed time since start: 7948.89 seconds.
Done reranking query 564. Elapsed time since start: 7960.98 seconds.
Done reranking query 565. Elapsed time since start: 7974.58 seconds.
Done reranking query 566. Elapsed time since start: 7986.19 seconds.
Done reranking query 567. Elapsed time since start: 8000.31 seconds.
Done reranking query 568. Elapsed time since start: 8012.04 seconds.
Done reranking query 569. Elapsed time since start: 8032.21 seconds.
Done reranking query 570. Elapsed time since start: 8046.30 seconds.
Saved 570 reranked responses to Gemini_text-reranked-35-indices.json
Saved 570 reranked responses to Gemini_structured-reranked-35-indices.json
Done reranking query 571. Elapsed time since start: 8058.39 seconds.
Done reranking query 572. Elapsed time since start: 8071.15 seconds.
Done reranking query 573. Elapsed time since start: 8084.68 seconds.
Done reranking query 574. Elapsed time since start: 8095.36 seconds.
Done reranking query 575. Elapsed time since start: 8107.93 seconds.
Done reranking query 576. Elapsed time since start: 8123.47 seconds.
Done reranking query 577. Elapsed time since start: 8134.94 seconds.
Done reranking query 578. Elapsed time since start: 8165.65 seconds.
Done reranking query 579. Elapsed time since start: 8178.98 seconds.
Done reranking query 580. Elapsed time since start: 8198.01 seconds.
Done reranking query 581. Elapsed time since start: 8209.03 seconds.
Done reranking query 582. Elapsed time since start: 8220.82 seconds.
Done reranking query 583. Elapsed time since start: 8231.77 seconds.
Done reranking query 584. Elapsed time since start: 8244.43 seconds.
Done reranking query 585. Elapsed time since start: 8256.89 seconds.
Saved 585 reranked responses to Gemini_text-reranked-35-indices.json
Saved 585 reranked responses to Gemini_structured-reranked-35-indices.json
Done reranking query 586. Elapsed time since start: 8305.83 seconds.
Done reranking query 587. Elapsed time since start: 8323.66 seconds.
Done reranking query 588. Elapsed time since start: 8338.20 seconds.
Done reranking query 589. Elapsed time since start: 8349.52 seconds.
Done reranking query 590. Elapsed time since start: 8359.29 seconds.
Done reranking query 591. Elapsed time since start: 8370.78 seconds.
Done reranking query 592. Elapsed time since start: 8379.60 seconds.
Done reranking query 593. Elapsed time since start: 8388.93 seconds.
Done reranking query 594. Elapsed time since start: 8401.73 seconds.
Done reranking query 595. Elapsed time since start: 8416.31 seconds.
Done reranking query 596. Elapsed time since start: 8426.93 seconds.
Done reranking query 597. Elapsed time since start: 8440.44 seconds.
Done reranking query 598. Elapsed time since start: 8451.89 seconds.
Done reranking query 599. Elapsed time since start: 8470.90 seconds.
Done reranking query 600. Elapsed time since start: 8483.17 seconds.
Saved 600 reranked responses to Gemini_text-reranked-35-indices.json
Saved 600 reranked responses to Gemini_structured-reranked-35-indices.json
Done reranking query 601. Elapsed time since start: 8492.33 seconds.
Done reranking query 602. Elapsed time since start: 8507.08 seconds.
Done reranking query 603. Elapsed time since start: 8517.48 seconds.
Done reranking query 604. Elapsed time since start: 8532.17 seconds.
Done reranking query 605. Elapsed time since start: 8542.71 seconds.
Done reranking query 606. Elapsed time since start: 8564.55 seconds.
Done reranking query 607. Elapsed time since start: 8580.45 seconds.
Done reranking query 608. Elapsed time since start: 8594.86 seconds.
Done reranking query 609. Elapsed time since start: 8604.96 seconds.
Done reranking query 610. Elapsed time since start: 8616.20 seconds.
Done reranking query 611. Elapsed time since start: 8631.61 seconds.
Done reranking query 612. Elapsed time since start: 8640.50 seconds.
Done reranking query 613. Elapsed time since start: 8651.92 seconds.
Done reranking query 614. Elapsed time since start: 8666.75 seconds.
Done reranking query 615. Elapsed time since start: 8678.37 seconds.
Saved 615 reranked responses to Gemini_text-reranked-35-indices.json
Saved 615 reranked responses to Gemini_structured-reranked-35-indices.json
Done reranking query 616. Elapsed time since start: 8688.49 seconds.
Done reranking query 617. Elapsed time since start: 8705.09 seconds.
Done reranking query 618. Elapsed time since start: 8715.68 seconds.
Done reranking query 619. Elapsed time since start: 8726.04 seconds.
Done reranking query 620. Elapsed time since start: 8738.38 seconds.
Done reranking query 621. Elapsed time since start: 8751.43 seconds.
Done reranking query 622. Elapsed time since start: 8765.97 seconds.
Done reranking query 623. Elapsed time since start: 8778.06 seconds.
Done reranking query 624. Elapsed time since start: 8786.22 seconds.
Done reranking query 625. Elapsed time since start: 8795.98 seconds.
Done reranking query 626. Elapsed time since start: 8808.02 seconds.
Done reranking query 627. Elapsed time since start: 8820.43 seconds.
Done reranking query 628. Elapsed time since start: 8830.53 seconds.
Done reranking query 629. Elapsed time since start: 8850.84 seconds.
Done reranking query 630. Elapsed time since start: 8865.87 seconds.
Saved 630 reranked responses to Gemini_text-reranked-35-indices.json
Saved 630 reranked responses to Gemini_structured-reranked-35-indices.json
Done reranking query 631. Elapsed time since start: 8888.76 seconds.
Done reranking query 632. Elapsed time since start: 8903.44 seconds.
Done reranking query 633. Elapsed time since start: 8913.53 seconds.
Done reranking query 634. Elapsed time since start: 8929.02 seconds.
Done reranking query 635. Elapsed time since start: 8942.75 seconds.
Done reranking query 636. Elapsed time since start: 8956.34 seconds.
Done reranking query 637. Elapsed time since start: 8974.07 seconds.
Done reranking query 638. Elapsed time since start: 8990.29 seconds.
Done reranking query 639. Elapsed time since start: 9001.14 seconds.
Done reranking query 640. Elapsed time since start: 9022.10 seconds.
Done reranking query 641. Elapsed time since start: 9038.70 seconds.
Done reranking query 642. Elapsed time since start: 9052.05 seconds.
Done reranking query 643. Elapsed time since start: 9063.38 seconds.
Done reranking query 644. Elapsed time since start: 9073.18 seconds.
Done reranking query 645. Elapsed time since start: 9087.87 seconds.
Saved 645 reranked responses to Gemini_text-reranked-35-indices.json
Saved 645 reranked responses to Gemini_structured-reranked-35-indices.json
Done reranking query 646. Elapsed time since start: 9111.29 seconds.
Done reranking query 647. Elapsed time since start: 9123.47 seconds.
Done reranking query 648. Elapsed time since start: 9136.99 seconds.
Done reranking query 649. Elapsed time since start: 9153.32 seconds.
Done reranking query 650. Elapsed time since start: 9179.51 seconds.
Done reranking query 651. Elapsed time since start: 9192.89 seconds.
Done reranking query 652. Elapsed time since start: 9207.86 seconds.
Done reranking query 653. Elapsed time since start: 9214.02 seconds.
Done reranking query 654. Elapsed time since start: 9225.43 seconds.
Done reranking query 655. Elapsed time since start: 9236.17 seconds.
Done reranking query 656. Elapsed time since start: 9242.96 seconds.
Done reranking query 657. Elapsed time since start: 9255.65 seconds.
Done reranking query 658. Elapsed time since start: 9272.95 seconds.
Done reranking query 659. Elapsed time since start: 9283.64 seconds.
Done reranking query 660. Elapsed time since start: 9294.77 seconds.
Saved 660 reranked responses to Gemini_text-reranked-35-indices.json
Saved 660 reranked responses to Gemini_structured-reranked-35-indices.json
Done reranking query 661. Elapsed time since start: 9303.82 seconds.
Done reranking query 662. Elapsed time since start: 9338.82 seconds.
Done reranking query 663. Elapsed time since start: 9360.68 seconds.
Done reranking query 664. Elapsed time since start: 9385.66 seconds.
Done reranking query 665. Elapsed time since start: 9398.43 seconds.
Done reranking query 666. Elapsed time since start: 9411.81 seconds.
Done reranking query 667. Elapsed time since start: 9420.39 seconds.
Done reranking query 668. Elapsed time since start: 9432.32 seconds.
Done reranking query 669. Elapsed time since start: 9444.22 seconds.
Done reranking query 670. Elapsed time since start: 9456.15 seconds.
Done reranking query 671. Elapsed time since start: 9466.90 seconds.
Done reranking query 672. Elapsed time since start: 9480.43 seconds.
Done reranking query 673. Elapsed time since start: 9491.08 seconds.
Done reranking query 674. Elapsed time since start: 9501.81 seconds.
Done reranking query 675. Elapsed time since start: 9513.33 seconds.
Saved 675 reranked responses to Gemini_text-reranked-35-indices.json
Saved 675 reranked responses to Gemini_structured-reranked-35-indices.json
Done reranking query 676. Elapsed time since start: 9525.38 seconds.
Done reranking query 677. Elapsed time since start: 9536.14 seconds.
Done reranking query 678. Elapsed time since start: 9549.52 seconds.
Done reranking query 679. Elapsed time since start: 9558.20 seconds.
Done reranking query 680. Elapsed time since start: 9567.82 seconds.
Done reranking query 681. Elapsed time since start: 9577.13 seconds.
Done reranking query 682. Elapsed time since start: 9587.76 seconds.
Done reranking query 683. Elapsed time since start: 9600.85 seconds.
Done reranking query 684. Elapsed time since start: 9613.03 seconds.
Done reranking query 685. Elapsed time since start: 9627.51 seconds.
Done reranking query 686. Elapsed time since start: 9639.69 seconds.
Done reranking query 687. Elapsed time since start: 9651.33 seconds.
Done reranking query 688. Elapsed time since start: 9664.76 seconds.
Done reranking query 689. Elapsed time since start: 9695.10 seconds.
Done reranking query 690. Elapsed time since start: 9708.51 seconds.
Saved 690 reranked responses to Gemini_text-reranked-35-indices.json
Saved 690 reranked responses to Gemini_structured-reranked-35-indices.json
Done reranking query 691. Elapsed time since start: 9721.73 seconds.
Done reranking query 692. Elapsed time since start: 9734.46 seconds.
Done reranking query 693. Elapsed time since start: 9744.93 seconds.
Done reranking query 694. Elapsed time since start: 9757.93 seconds.
Done reranking query 695. Elapsed time since start: 9772.52 seconds.
Done reranking query 696. Elapsed time since start: 9788.32 seconds.
Done reranking query 697. Elapsed time since start: 9806.40 seconds.
Done reranking query 698. Elapsed time since start: 9822.46 seconds.
Done reranking query 699. Elapsed time since start: 9828.73 seconds.
Done reranking query 700. Elapsed time since start: 9839.85 seconds.
Done reranking query 701. Elapsed time since start: 9854.88 seconds.
Done reranking query 702. Elapsed time since start: 9867.92 seconds.
Done reranking query 703. Elapsed time since start: 9882.91 seconds.
Done reranking query 704. Elapsed time since start: 9905.86 seconds.
Done reranking query 705. Elapsed time since start: 9917.92 seconds.
Saved 705 reranked responses to Gemini_text-reranked-35-indices.json
Saved 705 reranked responses to Gemini_structured-reranked-35-indices.json
Done reranking query 706. Elapsed time since start: 9934.69 seconds.
Done reranking query 707. Elapsed time since start: 9948.63 seconds.
Done reranking query 708. Elapsed time since start: 9962.23 seconds.
Done reranking query 709. Elapsed time since start: 9974.00 seconds.
Done reranking query 710. Elapsed time since start: 9983.88 seconds.
Done reranking query 711. Elapsed time since start: 9993.91 seconds.
Done reranking query 712. Elapsed time since start: 10016.87 seconds.
Done reranking query 713. Elapsed time since start: 10030.11 seconds.
Done reranking query 714. Elapsed time since start: 10045.98 seconds.
Done reranking query 715. Elapsed time since start: 10057.45 seconds.
Done reranking query 716. Elapsed time since start: 10069.06 seconds.
Done reranking query 717. Elapsed time since start: 10089.67 seconds.
Done reranking query 718. Elapsed time since start: 10102.44 seconds.
Done reranking query 719. Elapsed time since start: 10113.96 seconds.
Done reranking query 720. Elapsed time since start: 10163.85 seconds.
Saved 720 reranked responses to Gemini_text-reranked-35-indices.json
Saved 720 reranked responses to Gemini_structured-reranked-35-indices.json
Done reranking query 721. Elapsed time since start: 10177.80 seconds.
Done reranking query 722. Elapsed time since start: 10188.72 seconds.
Done reranking query 723. Elapsed time since start: 10218.04 seconds.
Done reranking query 724. Elapsed time since start: 10240.19 seconds.
Done reranking query 725. Elapsed time since start: 10253.89 seconds.
Done reranking query 726. Elapsed time since start: 10267.91 seconds.
Done reranking query 727. Elapsed time since start: 10281.88 seconds.
Done reranking query 728. Elapsed time since start: 10290.91 seconds.
Done reranking query 729. Elapsed time since start: 10303.97 seconds.
Done reranking query 730. Elapsed time since start: 10316.15 seconds.
Done reranking query 731. Elapsed time since start: 10326.26 seconds.
Done reranking query 732. Elapsed time since start: 10345.34 seconds.
Done reranking query 733. Elapsed time since start: 10363.34 seconds.
Done reranking query 734. Elapsed time since start: 10375.02 seconds.
Done reranking query 735. Elapsed time since start: 10393.16 seconds.
Saved 735 reranked responses to Gemini_text-reranked-35-indices.json
Saved 735 reranked responses to Gemini_structured-reranked-35-indices.json
Done reranking query 736. Elapsed time since start: 10409.83 seconds.
Done reranking query 737. Elapsed time since start: 10420.99 seconds.
Done reranking query 738. Elapsed time since start: 10432.50 seconds.
Done reranking query 739. Elapsed time since start: 10449.41 seconds.
Done reranking query 740. Elapsed time since start: 10459.12 seconds.
Done reranking query 741. Elapsed time since start: 10468.76 seconds.
Done reranking query 742. Elapsed time since start: 10482.21 seconds.
Done reranking query 743. Elapsed time since start: 10492.98 seconds.
Done reranking query 744. Elapsed time since start: 10506.68 seconds.
Done reranking query 745. Elapsed time since start: 10517.91 seconds.
Done reranking query 746. Elapsed time since start: 10529.21 seconds.
Done reranking query 747. Elapsed time since start: 10542.07 seconds.
Done reranking query 748. Elapsed time since start: 10557.08 seconds.
Done reranking query 749. Elapsed time since start: 10569.08 seconds.
Done reranking query 750. Elapsed time since start: 10582.80 seconds.
Saved 750 reranked responses to Gemini_text-reranked-35-indices.json
Saved 750 reranked responses to Gemini_structured-reranked-35-indices.json
Done reranking query 751. Elapsed time since start: 10607.23 seconds.
Done reranking query 752. Elapsed time since start: 10620.57 seconds.
Done reranking query 753. Elapsed time since start: 10637.37 seconds.
Done reranking query 754. Elapsed time since start: 10670.99 seconds.
Done reranking query 755. Elapsed time since start: 10683.64 seconds.
Done reranking query 756. Elapsed time since start: 10696.23 seconds.
Done reranking query 757. Elapsed time since start: 10705.57 seconds.
Done reranking query 758. Elapsed time since start: 10717.71 seconds.
Done reranking query 759. Elapsed time since start: 10729.88 seconds.
Done reranking query 760. Elapsed time since start: 10744.76 seconds.
Done reranking query 761. Elapsed time since start: 10752.80 seconds.
Done reranking query 762. Elapsed time since start: 10759.94 seconds.
Done reranking query 763. Elapsed time since start: 10771.74 seconds.
Done reranking query 764. Elapsed time since start: 10785.80 seconds.
Done reranking query 765. Elapsed time since start: 10804.99 seconds.
Saved 765 reranked responses to Gemini_text-reranked-35-indices.json
Saved 765 reranked responses to Gemini_structured-reranked-35-indices.json
Done reranking query 766. Elapsed time since start: 10819.59 seconds.
Done reranking query 767. Elapsed time since start: 10832.74 seconds.
Done reranking query 768. Elapsed time since start: 10881.58 seconds.
Done reranking query 769. Elapsed time since start: 10891.69 seconds.
Done reranking query 770. Elapsed time since start: 10899.42 seconds.
Done reranking query 771. Elapsed time since start: 10908.85 seconds.
Done reranking query 772. Elapsed time since start: 10921.71 seconds.
Done reranking query 773. Elapsed time since start: 10934.34 seconds.
Done reranking query 774. Elapsed time since start: 10951.34 seconds.
Done reranking query 775. Elapsed time since start: 10962.88 seconds.
Done reranking query 776. Elapsed time since start: 10975.94 seconds.
Done reranking query 777. Elapsed time since start: 10991.44 seconds.
Done reranking query 778. Elapsed time since start: 11005.21 seconds.
Done reranking query 779. Elapsed time since start: 11016.52 seconds.
Done reranking query 780. Elapsed time since start: 11028.78 seconds.
Saved 780 reranked responses to Gemini_text-reranked-35-indices.json
Saved 780 reranked responses to Gemini_structured-reranked-35-indices.json
Done reranking query 781. Elapsed time since start: 11040.83 seconds.
Done reranking query 782. Elapsed time since start: 11051.84 seconds.
Done reranking query 783. Elapsed time since start: 11081.66 seconds.
Done reranking query 784. Elapsed time since start: 11091.72 seconds.
Done reranking query 785. Elapsed time since start: 11105.75 seconds.
Done reranking query 786. Elapsed time since start: 11118.71 seconds.
Done reranking query 787. Elapsed time since start: 11129.17 seconds.
Done reranking query 788. Elapsed time since start: 11140.45 seconds.
Done reranking query 789. Elapsed time since start: 11153.49 seconds.
Done reranking query 790. Elapsed time since start: 11165.61 seconds.
Done reranking query 791. Elapsed time since start: 11175.80 seconds.
Done reranking query 792. Elapsed time since start: 11186.80 seconds.
Done reranking query 793. Elapsed time since start: 11201.06 seconds.
Done reranking query 794. Elapsed time since start: 11216.57 seconds.
Done reranking query 795. Elapsed time since start: 11227.88 seconds.
Saved 795 reranked responses to Gemini_text-reranked-35-indices.json
Saved 795 reranked responses to Gemini_structured-reranked-35-indices.json
Done reranking query 796. Elapsed time since start: 11237.63 seconds.
Done reranking query 797. Elapsed time since start: 11249.89 seconds.
Done reranking query 798. Elapsed time since start: 11260.27 seconds.
Done reranking query 799. Elapsed time since start: 11270.22 seconds.
Done reranking query 800. Elapsed time since start: 11290.40 seconds.
Done reranking query 801. Elapsed time since start: 11301.62 seconds.
Done reranking query 802. Elapsed time since start: 11320.43 seconds.
Done reranking query 803. Elapsed time since start: 11337.10 seconds.
Done reranking query 804. Elapsed time since start: 11349.29 seconds.
Done reranking query 805. Elapsed time since start: 11360.40 seconds.
Done reranking query 806. Elapsed time since start: 11368.97 seconds.
Done reranking query 807. Elapsed time since start: 11389.67 seconds.
Done reranking query 808. Elapsed time since start: 11403.64 seconds.
Done reranking query 809. Elapsed time since start: 11423.41 seconds.
Done reranking query 810. Elapsed time since start: 11435.79 seconds.
Saved 810 reranked responses to Gemini_text-reranked-35-indices.json
Saved 810 reranked responses to Gemini_structured-reranked-35-indices.json
Done reranking query 811. Elapsed time since start: 11445.72 seconds.
Done reranking query 812. Elapsed time since start: 11459.61 seconds.
Done reranking query 813. Elapsed time since start: 11472.60 seconds.
Done reranking query 814. Elapsed time since start: 11487.78 seconds.
Done reranking query 815. Elapsed time since start: 11494.89 seconds.
Done reranking query 816. Elapsed time since start: 11515.96 seconds.
Done reranking query 817. Elapsed time since start: 11534.47 seconds.
Done reranking query 818. Elapsed time since start: 11549.70 seconds.
Done reranking query 819. Elapsed time since start: 11559.89 seconds.
Done reranking query 820. Elapsed time since start: 11580.36 seconds.
Done reranking query 821. Elapsed time since start: 11590.55 seconds.
Done reranking query 822. Elapsed time since start: 11602.47 seconds.
Done reranking query 823. Elapsed time since start: 11616.76 seconds.
Done reranking query 824. Elapsed time since start: 11628.11 seconds.
Done reranking query 825. Elapsed time since start: 11638.00 seconds.
Saved 825 reranked responses to Gemini_text-reranked-35-indices.json
Saved 825 reranked responses to Gemini_structured-reranked-35-indices.json
Done reranking query 826. Elapsed time since start: 11659.41 seconds.
Done reranking query 827. Elapsed time since start: 11671.35 seconds.
Done reranking query 828. Elapsed time since start: 11684.60 seconds.
Done reranking query 829. Elapsed time since start: 11697.88 seconds.
Done reranking query 830. Elapsed time since start: 11707.00 seconds.
Done reranking query 831. Elapsed time since start: 11720.16 seconds.
Done reranking query 832. Elapsed time since start: 11736.23 seconds.
Done reranking query 833. Elapsed time since start: 11756.07 seconds.
Done reranking query 834. Elapsed time since start: 11767.63 seconds.
Done reranking query 835. Elapsed time since start: 11778.61 seconds.
Done reranking query 836. Elapsed time since start: 11797.72 seconds.
Done reranking query 837. Elapsed time since start: 11811.18 seconds.
Done reranking query 838. Elapsed time since start: 11825.72 seconds.
Done reranking query 839. Elapsed time since start: 11840.58 seconds.
Done reranking query 840. Elapsed time since start: 11850.27 seconds.
Saved 840 reranked responses to Gemini_text-reranked-35-indices.json
Saved 840 reranked responses to Gemini_structured-reranked-35-indices.json
Done reranking query 841. Elapsed time since start: 11867.15 seconds.
Done reranking query 842. Elapsed time since start: 11877.67 seconds.
Done reranking query 843. Elapsed time since start: 11883.52 seconds.
Done reranking query 844. Elapsed time since start: 11894.18 seconds.
Done reranking query 845. Elapsed time since start: 11926.35 seconds.
Done reranking query 846. Elapsed time since start: 11951.34 seconds.
Done reranking query 847. Elapsed time since start: 11965.83 seconds.
Done reranking query 848. Elapsed time since start: 11975.36 seconds.
Done reranking query 849. Elapsed time since start: 11991.59 seconds.
Done reranking query 850. Elapsed time since start: 12001.09 seconds.
Done reranking query 851. Elapsed time since start: 12016.35 seconds.
Done reranking query 852. Elapsed time since start: 12029.02 seconds.
Done reranking query 853. Elapsed time since start: 12047.31 seconds.
Done reranking query 854. Elapsed time since start: 12057.84 seconds.
Done reranking query 855. Elapsed time since start: 12071.98 seconds.
Saved 855 reranked responses to Gemini_text-reranked-35-indices.json
Saved 855 reranked responses to Gemini_structured-reranked-35-indices.json
Done reranking query 856. Elapsed time since start: 12090.01 seconds.
Done reranking query 857. Elapsed time since start: 12109.62 seconds.
Done reranking query 858. Elapsed time since start: 12122.18 seconds.
Done reranking query 859. Elapsed time since start: 12154.39 seconds.
Done reranking query 860. Elapsed time since start: 12167.14 seconds.
Done reranking query 861. Elapsed time since start: 12184.59 seconds.
Done reranking query 862. Elapsed time since start: 12195.57 seconds.
Done reranking query 863. Elapsed time since start: 12205.89 seconds.
Done reranking query 864. Elapsed time since start: 12218.18 seconds.
Done reranking query 865. Elapsed time since start: 12231.04 seconds.
Done reranking query 866. Elapsed time since start: 12242.01 seconds.
Done reranking query 867. Elapsed time since start: 12253.96 seconds.
Done reranking query 868. Elapsed time since start: 12265.17 seconds.
Done reranking query 869. Elapsed time since start: 12276.59 seconds.
Done reranking query 870. Elapsed time since start: 12286.63 seconds.
Saved 870 reranked responses to Gemini_text-reranked-35-indices.json
Saved 870 reranked responses to Gemini_structured-reranked-35-indices.json
Done reranking query 871. Elapsed time since start: 12297.27 seconds.
Done reranking query 872. Elapsed time since start: 12311.27 seconds.
Done reranking query 873. Elapsed time since start: 12323.69 seconds.
Done reranking query 874. Elapsed time since start: 12332.58 seconds.
Done reranking query 875. Elapsed time since start: 12368.36 seconds.
Done reranking query 876. Elapsed time since start: 12380.30 seconds.
Done reranking query 877. Elapsed time since start: 12390.15 seconds.
Done reranking query 878. Elapsed time since start: 12399.66 seconds.
Done reranking query 879. Elapsed time since start: 12411.99 seconds.
Done reranking query 880. Elapsed time since start: 12423.47 seconds.
Done reranking query 881. Elapsed time since start: 12435.37 seconds.
Done reranking query 882. Elapsed time since start: 12450.50 seconds.
Done reranking query 883. Elapsed time since start: 12459.27 seconds.
Done reranking query 884. Elapsed time since start: 12471.87 seconds.
Done reranking query 885. Elapsed time since start: 12483.70 seconds.
Saved 885 reranked responses to Gemini_text-reranked-35-indices.json
Saved 885 reranked responses to Gemini_structured-reranked-35-indices.json
Done reranking query 886. Elapsed time since start: 12495.65 seconds.
Done reranking query 887. Elapsed time since start: 12507.74 seconds.
Done reranking query 888. Elapsed time since start: 12521.85 seconds.
Done reranking query 889. Elapsed time since start: 12531.40 seconds.
Done reranking query 890. Elapsed time since start: 12542.08 seconds.
Done reranking query 891. Elapsed time since start: 12567.43 seconds.
Done reranking query 892. Elapsed time since start: 12580.56 seconds.
Done reranking query 893. Elapsed time since start: 12590.80 seconds.
Done reranking query 894. Elapsed time since start: 12602.85 seconds.
Done reranking query 895. Elapsed time since start: 12611.36 seconds.
Done reranking query 896. Elapsed time since start: 12628.43 seconds.
Done reranking query 897. Elapsed time since start: 12654.43 seconds.
Done reranking query 898. Elapsed time since start: 12670.92 seconds.
Done reranking query 899. Elapsed time since start: 12682.54 seconds.
Done reranking query 900. Elapsed time since start: 12696.12 seconds.
Saved 900 reranked responses to Gemini_text-reranked-35-indices.json
Saved 900 reranked responses to Gemini_structured-reranked-35-indices.json
Done reranking query 901. Elapsed time since start: 12711.93 seconds.
Done reranking query 902. Elapsed time since start: 12723.02 seconds.
Done reranking query 903. Elapsed time since start: 12737.85 seconds.
Done reranking query 904. Elapsed time since start: 12760.27 seconds.
Done reranking query 905. Elapsed time since start: 12770.17 seconds.
Done reranking query 906. Elapsed time since start: 12781.75 seconds.
Done reranking query 907. Elapsed time since start: 12793.54 seconds.
Done reranking query 908. Elapsed time since start: 12842.64 seconds.
Done reranking query 909. Elapsed time since start: 12854.10 seconds.
Done reranking query 910. Elapsed time since start: 12866.41 seconds.
Done reranking query 911. Elapsed time since start: 12876.95 seconds.
Done reranking query 912. Elapsed time since start: 12893.77 seconds.
Done reranking query 913. Elapsed time since start: 12909.23 seconds.
Done reranking query 914. Elapsed time since start: 12919.02 seconds.
Done reranking query 915. Elapsed time since start: 12929.42 seconds.
Saved 915 reranked responses to Gemini_text-reranked-35-indices.json
Saved 915 reranked responses to Gemini_structured-reranked-35-indices.json
Done reranking query 916. Elapsed time since start: 12939.79 seconds.
Done reranking query 917. Elapsed time since start: 12953.02 seconds.
Done reranking query 918. Elapsed time since start: 12961.56 seconds.
Done reranking query 919. Elapsed time since start: 12970.56 seconds.
Done reranking query 920. Elapsed time since start: 12992.41 seconds.
Done reranking query 921. Elapsed time since start: 13004.23 seconds.
Done reranking query 922. Elapsed time since start: 13056.10 seconds.
Done reranking query 923. Elapsed time since start: 13072.50 seconds.
Done reranking query 924. Elapsed time since start: 13100.64 seconds.
Done reranking query 925. Elapsed time since start: 13118.67 seconds.
Done reranking query 926. Elapsed time since start: 13147.06 seconds.
Done reranking query 927. Elapsed time since start: 13173.11 seconds.
Done reranking query 928. Elapsed time since start: 13185.68 seconds.
Done reranking query 929. Elapsed time since start: 13197.48 seconds.
Done reranking query 930. Elapsed time since start: 13208.32 seconds.
Saved 930 reranked responses to Gemini_text-reranked-35-indices.json
Saved 930 reranked responses to Gemini_structured-reranked-35-indices.json
Done reranking query 931. Elapsed time since start: 13224.24 seconds.
Done reranking query 932. Elapsed time since start: 13234.21 seconds.
Done reranking query 933. Elapsed time since start: 13245.49 seconds.
Done reranking query 934. Elapsed time since start: 13276.51 seconds.
Error parsing or validating JSON: Expecting value: line 1 column 1 (char 0)
Failed to parse JSON. Raw response: '```python
[15, 30, 31, 8, 0, 11, 1, 7, 22, 13, 2, 5, 14, 21, 27, 12, 29, 17, 22, 7, 11, 1, 2, 5, 14, 21, 27, 12, 29, 3, 4, 6, 9, 10, 16, 18, 19, 20, 23, 24, 25, 26, 28, 32, 33, 34, 17, 3, 4, 6, 9, 10, 16, 18, 19, 20, 23, 24, 25, 26, 28, 32, 33, 34, 17, 3, 4, 6, 9, 10, 16, 18, 19, 20, 23, 24, 25, 26, 28, 32, 33, 34, 17, 3, 4, 6, 9, 10, 16, 18, 19, 20, 23, 24, 25, 26, 28, 32, 33, 34, 17, 3, 4, 6, 9, 10, 16, 18, 19, 20, 23, 24, 25, 26, 28, 32, 33, 34, 17, 3, 4, 6, 9, 10, 16, 18, 19, 20, 23, 24, 25, 26, 28, 32, 33, 34, 17, 3, 4, 6, 9, 10, 16, 18, 19, 20, 23, 24, 25, 26, 28, 32, 33, 34, 17, 3, 4, 6, 9, 10, 16, 18, 19, 20, 23, 24, 25, 26, 28, 32, 33, 34, 17, 3, 4, 6, 9, 10, 16, 18, 19, 20, 23, 24, 25, 26, 28, 32, 33, 34, 17, 3, 4, 6, 9, 10, 16, 18, 19, 20, 23, 24, 25, 26, 28, 32, 33, 34, 17, 3, 4, 6, 9, 10, 16, 18, 19, 20, 23, 24, 25, 26, 28, 32, 33, 34, 17, 3, 4, 6, 9, 10, 16, 18, 19, 20, 23, 24, 25, 26, 28, 32, 33, 34, 17, 3, 4, 6, 9, 10, 16, 18, 19, 20, 23, 24, 25, 26, 28, 32, 33, 34, 17, 3, 4, 6, 9, 10, 16, 18, 19, 20, 23, 24, 25, 26, 28, 32, 33, 34, 17, 3, 4, 6, 9, 10, 16, 18, 19, 20, 23, 24, 25, 26, 28, 32, 33, 34, 17, 3, 4, 6, 9, 10, 16, 18, 19, 20, 23, 24, 25, 26, 28, 32, 33, 34, 17, 3, 4, 6, 9, 10, 16, 18, 19, 20, 23, 24, 25, 26, 28, 32, 33, 34, 17, 3, 4, 6, 9, 10, 16, 18, 19, 20, 23, 24, 25, 26, 28, 32, 33, 34, 17, 3, 4, 6, 9, 10, 16, 18, 19, 20, 23, 24, 25, 26, 28, 32, 33, 34, 17, 3, 4, 6, 9, 10, 16, 18, 19, 20, 23, 24, 25, 26, 28, 32, 33, 34, 17, 3, 4, 6, 9, 10, 16, 18, 19, 20, 23, 24, 25, 26, 28, 32, 33, 34, 17, 3, 4, 6, 9, 10, 16, 18, 19, 20, 23, 24, 25, 26, 28, 32, 33, 34, 17, 3, 4, 6, 9, 10, 16, 18, 19, 20, 23, 24, 25, 26, 28, 32, 33, 34, 17, 3, 4, 6, 9, 10, 16, 18, 19, 20, 23, 24, 25, 26, 28, 32, 33, 34, 17, 3, 4, 6, 9, 10, 16, 18, 19, 20, 23, 24, 25, 26, 28, 32, 33, 34, 17, 3, 4, 6, 9, 10, 16, 18, 19, 20, 23, 24, 25, 26, 28, 32, 33, 34, 17, 3, 4, 6, 9, 10, 16, 18, 19, 20, 23, 24, 25, 26, 28, 32, 33, 34, 17, 3, 4, 6, 9, 10, 16, 18, 19, 20, 23, 24, 25, 26, 28, 32, 33, 34, 17, 3, 4, 6, 9, 10, 16, 18, 19, 20, 23, 24, 25, 26, 28, 32, 33, 34, 17, 3, 4, 6, 9, 10, 16, 18, 19, 20, 23, 24, 25, 26, 28, 32, 33, 34, 17, 3, 4, 6, 9, 10, 16, 18, 19, 20, 23, 24, 25, 26, 28, 32, 33, 34, 17, 3, 4, 6, 9, 10, 16, 18, 19, 20, 23, 24, 25, 26, 28, 32, 33, 34, 17, 3, 4, 6, 9, 10, 16, 18, 19, 20, 23, 24, 25, 26, 28, 32, 33, 34, 17, 3, 4, 6, 9, 10, 16, 18, 19, 20, 23, 24, 25, 26, 28, 32, 33, 34, 17, 3, 4, 6, 9, 10, 16, 18, 19, 20, 23, 24, 25, 26, 28, 32, 33, 34, 17, 3, 4, 6, 9, 10, 16, 18, 19, 20, 23, 24, 25, 26, 28, 32, 33, 34, 17, 3, 4, 6, 9, 10, 16, 18, 19, 20, 23, 24, 25, 26, 28, 32, 33, 34, 17, 3, 4, 6, 9, 10, 16, 18, 19, 20, 23, 24, 25, 26, 28, 32, 33, 34, 17, 3, 4, 6, 9, 10, 16, 18, 19, 20, 23, 24, 25, 26, 28, 32, 33, 34, 17, 3, 4, 6, 9, 10, 16, 18, 19, 20, 23, 24, 25, 26, 28, 32, 33, 34, 17, 3, 4, 6, 9, 10, 16, 18, 19, 20, 23, 24, 25, 26, 28, 32, 33, 34, 17, 3, 4, 6, 9, 10, 16, 18, 19, 20, 23, 24, 25, 26, 28, 32, 33, 34, 17, 3, 4, 6, 9, 10, 16, 18, 19, 20, 23, 24, 25, 26, 28, 32, 33, 34, 17, 3, 4, 6, 9, 10, 16, 18, 19, 20, 23, 24, 25, 26, 28, 32, 33, 34, 17, 3, 4, 6, 9, 10, 16, 18, 19, 20, 23, 24, 25, 26, 28, 32, 33, 34, 17, 3, 4, 6, 9, 10, 16, 18, 19, 20, 23, 24, 25, 26, 28, 32, 33, 34, 17, 3, 4, 6, 9, 10, 16, 18, 19, 20, 23, 24, 25, 26, 28, 32, 33, 34, 17, 3, 4, 6, 9, 10, 16, 18, 19, 20, 23, 24, 25, 26, 28, 32, 33, 34, 17, 3, 4, 6, 9, 10, 16, 18, 19, 20, 23, 24, 25, 26, 28, 32, 33, 34, 17, 3, 4, 6, 9, 10, 16, 18, 19, 20, 23, 24, 25, 26, 28, 32, 33, 34, 17, 3, 4, 6, 9, 10, 16, 18, 19, 20, 23, 24, 25, 26, 28, 32, 33, 34, 17, 3, 4, 6, 9, 10, 16, 18, 19, 20, 23, 24, 25, 26, 28, 32, 33, 34, 17, 3, 4, 6, 9, 10, 16, 18, 19, 20, 23, 24, 25, 26, 28, 32, 33, 34, 17, 3, 4, 6, 9, 10, 16, 18, 19, 20, 23, 24, 25, 26, 28, 32, 33, 34, 17, 3, 4, 6, 9, 10, 16, 18, 19, 20, 23, 24, 25, 26, 28, 32, 33, 34, 17, 3, 4, 6, 9, 10, 16, 18, 19, 20, 23, 24, 25, 26, 28, 32, 33, 34, 17, 3, 4, 6, 9, 10, 16, 18, 19, 20, 23, 24, 25, 26, 28, 32, 33, 34, 17, 3, 4, 6, 9, 10, 16, 18, 19, 20, 23, 24, 25, 26, 28, 32, 33, 34, 17, 3, 4, 6, 9, 10, 16, 18, 19, 20, 23, 24, 25, 26, 28, 32, 33, 34, 17, 3, 4, 6, 9, 10, 16, 18, 19, 20, 23, 24, 25, 26, 28, 32, 33, 34, 17, 3, 4, 6, 9, 10, 16, 18, 19, 20, 23, 24, 25, 26, 28, 32, 33, 34, 17, 3, 4, 6, 9, 10, 16, 18, 19, 20, 23, 24, 25, 26, 28, 32, 33, 34, 17, 3, 4, 6, 9, 10, 16, 18, 19, 20, 23, 24, 25, 26, 28, 32, 33, 34, 17, 3, 4, 6, 9, 10, 16, 18, 19, 20, 23, 24, 25, 26, 28, 32, 33, 34, 17, 3, 4, 6, 9, 10, 16, 18, 19, 20, 23, 24, 25, 26, 28, 32, 33, 34, 17, 3, 4, 6, 9, 10, 16, 18, 19, 20, 23, 24, 25, 26, 28, 32, 33, 34, 17, 3, 4, 6, 9, 10, 16, 18, 19, 20, 23, 24, 25, 26, 28, 32, 33, 34, 17, 3, 4, 6, 9, 10, 16, 18, 19, 20, 23, 24, 25, 26, 28, 32, 33, 34, 17, 3, 4, 6, 9, 10, 16, 18, 19, 20, 23, 24, 25, 26, 28, 32, 33, 34, 17, 3, 4, 6, 9, 10, 16, 18, 19, 20, 23, 24, 25, 26, 28, 32, 33, 34, 17, 3, 4, 6, 9, 10, 16, 18, 19, 20, 23, 24, 25, 26, 28, 32, 33, 34, 17, 3, 4, 6, 9, 10, 16, 18, 19, 20, 23, 24, 25, 26, 28, 32, 33, 34, 17, 3, 4, 6, 9, 10, 16, 18, 19, 20, 23, 24, 25, 26, 28, 32, 33, 34, 17, 3, 4, 6, 9, 10, 16, 18, 19, 20, 23, 24, 25, 26, 28, 32, 33, 34, 17, 3, 4, 6, 9, 10, 16, 18, 19, 20, 23, 24, 25, 26, 28, 32, 33, 34, 17, 3, 4, 6, 9, 10, 16, 18, 19, 20, 23, 24, 25, 26, 28, 32, 33, 34, 17, 3, 4, 6, 9, 10, 16, 18, 19, 20, 23, 24, 25, 26, 28, 32, 33, 34, 17, 3, 4, 6, 9, 10, 16, 18, 19, 20, 23, 24, 25, 26, 28, 32, 33, 34, 17, 3, 4, 6, 9, 10, 16, 18, 19, 20, 23, 24, 25, 26, 28, 32, 33, 34, 17, 3, 4, 6, 9, 10, 16, 18, 19, 20, 23, 24, 25, 26, 28, 32, 33, 34, 17, 3, 4, 6, 9, 10, 16, 18, 19, 20, 23, 24, 25, 26, 28, 32, 33, 34, 17, 3, 4, 6, 9, 10, 16, 18, 19, 20, 23, 24, 25, 26, 28, 32, 33, 34, 17, 3, 4, 6, 9, 10, 16, 18, 19, 20, 23, 24, 25, 26, 28, 32, 33, 34, 17, 3, 4, 6, 9, 10, 16, 18, 19, 20, 23, 24, 25, 26, 28, 32, 33, 34, 17, 3, 4, 6, 9, 10, 16, 18, 19, 20, 23, 24, 25, 26, 28, 32, 33, 34, 17, 3, 4, 6, 9, 10, 16, 18, 19, 20, 23, 24, 25, 26, 28, 32, 33, 34, 17, 3, 4, 6, 9, 10, 16, 18, 19, 20, 23, 24, 25, 26, 28, 32, 33, 34, 17, 3, 4, 6, 9, 10, 16, 18, 19, 20, 23, 24, 25, 26, 28, 32, 33, 34, 17, 3, 4, 6, 9, 10, 16, 18, 19, 20, 23, 24, 25, 26, 28, 32, 33, 34, 17, 3, 4, 6, 9, 10, 16, 18, 19, 20, 23, 24, 25, 26, 28, 32, 33, 34, 17, 3, 4, 6, 9, 10, 16, 18, 19, 20, 23, 24, 25, 26, 28, 32, 33, 34, 17, 3, 4, 6, 9, 10, 16, 18, 19, 20, 23, 24, 25, 26, 28, 32, 33, 34, 17, 3, 4, 6, 9, 10, 16, 18, 19, 20, 23, 24, 25, 26, 28, 32, 33, 34, 17, 3, 4, 6, 9, 10, 16, 18, 19, 20, 23, 24, 25, 26, 28, 32, 33, 34, 17, 3, 4, 6, 9, 10, 16, 18, 19, 20, 23, 24, 25, 26, 28, 32, 33, 34, 17, 3, 4, 6, 9, 10, 16, 18, 19, 20, 23, 24, 25, 26, 28, 32, 33, 34, 17, 3, 4, 6, 9, 10, 16, 18, 19, 20, 23, 24, 25, 26, 28, 32, 33, 34, 17, 3, 4, 6, 9, 10, 16, 18, 19, 20, 23, 24, 25, 26, 28, 32, 33, 34, 17, 3, 4, 6, 9, 10, 16, 18, 19, 20, 23, 24, 25, 26, 28, 32, 33, 34, 17, 3, 4, 6, 9, 10, 16, 18, 19, 20, 23, 24, 25, 26, 28, 32, 33, 34, 17, 3, 4, 6, 9, 10, 16, 18, 19, 20, 23, 24, 25, 26, 28, 32, 33, 34, 17, 3, 4, 6, 9, 10, 16, 18, 19, 20, 23, 24, 25, 26, 28, 32, 33, 34, 17, 3, 4, 6, 9, 10, 16, 18, 19, 20, 23, 24, 25, 26, 28, 32, 33, 34, 17, 3, 4, 6, 9, 10, 16, 18, 19, 20, 23, 24, 25, 26, 28, 32, 33, 34, 17, 3, 4, 6, 9, 10, 16, 18, 19, 20, 23, 24, 25, 26, 28, 32, 33, 34, 17, 3, 4, 6, 9, 10, 16, 18, 19, 20, 23, 24, 25, 26, 28, 32, 33, 34, 17, 3, 4, 6, 9, 10, 16, 18, 19, 20, 23, 24, 25, 26, 28, 32, 33, 34, 17, 3, 4, 6, 9, 10, 16, 18, 19, 20, 23, 24, 25, 26, 28, 32, 33, 34, 17, 3, 4, 6, 9, 10, 16, 18, 19, 20, 23, 24, 25, 26, 28, 32, 33, 34, 17, 3, 4, 6, 9, 10, 16, 18, 19, 20, 23, 24, 25, 26, 28, 32, 33, 34, 17, 3, 4, 6, 9, 10, 16, 18, 19, 20, 23, 24, 25, 26, 28, 32, 33, 34, 17, 3, 4, 6, 9, 10, 16, 18, 19, 20, 23, 24, 25, 26, 28, 32, 33, 34, 17, 3, 4, 6, 9, 10, 16, 18, 19, 20, 23, 24, 25, 26, 28, 32, 33, 34, 17, 3, 4, 6, 9, 10, 16, 18, 19, 20, 23, 24, 25, 26, 28, 32, 33, 34, 17, 3, 4, 6, 9, 10, 16, 18, 19, 20, 23, 24, 25, 26, 28, 32, 33, 34, 17, 3, 4, 6, 9, 10, 16, 18, 19, 20, 23, 24, 25, 26, 28, 32, 33, 34, 17, 3, 4, 6, 9, 10, 16, 18, 19, 20, 23, 24, 25, 26, 28, 32, 33, 34, 17, 3, 4, 6, 9, 10, 16, 18, 19, 20, 23, 24, 25, 26, 28, 32, 33, 34, 17, 3, 4, 6, 9, 10, 16, 18, 19, 20, 23, 24, 25, 26, 28, 32, 33, 34, 17, 3, 4, 6, 9, 10, 16, 18, 19, 20, 23, 24, 25, 26, 28, 32, 33, 34, 17, 3, 4, 6, 9, 10, 16, 18, 19, 20, 23, 24, 25, 26, 28, 32, 33, 34, 17, 3, 4, 6, 9, 10, 16, 18, 19, 20, 23, 24, 25, 26, 28, 32, 33, 34, 17, 3, 4, 6, 9, 10, 16, 18, 19, 20, 23, 24, 25, 26, 28, 32, 33, 34, 17, 3, 4, 6, 9, 10, 16, 18, 19, 20, 23, 24, 25, 26, 28, 32, 33, 34, 17, 3, 4, 6, 9, 10, 16, 18, 19, 20, 23, 24, 25, 26, 28, 32, 33, 34, 17, 3, 4, 6, 9, 10, 16, 18, 19, 20, 23, 24, 25, 26, 28, 32, 33, 34, 17, 3, 4, 6, 9, 10, 16, 18, 19, 20, 23, 24, 25, 26, 28, 32, 33, 34, 17, 3, 4, 6, 9, 10, 16, 18, 19, 20, 23, 24, 25, 26, 28, 32, 33, 34, 17, 3, 4, 6, 9, 10, 16, 18, 19, 20, 23, 24, 25, 26, 28, 32, 33, 34, 17, 3, 4, 6, 9, 10, 16, 18, 19, 20, 23, 24, 25, 26, 28, 32, 33, 34, 17, 3, 4, 6, 9, 10, 16, 18, 19, 20, 23, 24, 25, 26, 28, 32, 33, 34, 17, 3, 4, 6, 9, 10, 16, 18, 19, 20, 23, 24, 25, 26, 28, 32, 33, 34, 17, 3, 4, 6, 9, 10, 16, 18, 19, 20, 23, 24, 25, 26, 28, 32, 33, 34, 17, 3, 4, 6, 9, 10, 16, 18, 19, 20, 23, 24, 25, 26, 28, 32, 33, 34, 17, 3, 4, 6, 9, 10, 16, 18, 19, 20, 23, 24, 25, 26, 28, 32, 33, 34, 17, 3, 4, 6, 9, 10, 16, 18, 19, 20, 23, 24, 25, 26, 28, 32, 33, 34, 17, 3, 4, 6, 9, 10, 16, 18, 19, 20, 23, 24, 25, 26, 28, 32, 33, 34, 17, 3, 4, 6, 9, 10, 16, 18, 19, 20, 23, 24, 25, 26, 28, 32, 33, 34, 17, 3, 4, 6, 9, 10, 16, 18, 19, 20, 23, 24, 25, 26, 28, 32, 33, 34, 17, 3, 4, 6, 9, 10, 16, 18, 19, 20, 23, 24, 25, 26, 28, 32, 33, 34, 17, 3, 4, 6, 9, 10, 16, 18, 19, 20, 23, 24, 25, 26, 28, 32, 33, 34, 17, 3, 4, 6, 9, 10, 16, 18, 19, 20, 23, 24, 25, 26, 28, 32, 33, 34, 17, 3, 4, 6, 9, 10, 16, 18, 19, 20, 23, 24, 25, 26, 28, 32, 33, 34, 17, 3, 4, 6, 9, 10, 16, 18, 19, 20, 23, 24, 25, 26, 28, 32, 33, 34, 17, 3, 4, 6, 9, 10, 16, 18, 19, 20, 23, 24, 25, 26, 28, 32, 33, 34, 17, 3, 4, 6, 9, 10, 16, 18, 19, 20, 23, 24, 25, 26, 28, 32, 33, 34, 17, 3, 4, 6, 9, 10, 16, 18, 19, 20, 23, 24, 25, 26, 28, 32, 33, 34, 17, 3, 4, 6, 9, 10, 16, 18, 19, 20, 23, 24, 25, 26, 28, 32, 33, 34, 17, 3, 4, 6, 9, 10, 16, 18, 19, 20, 23, 24, 25, 26, 28, 32, 33, 34, 17, 3, 4, 6, 9, 10, 16, 18, 19, 20, 23, 24, 25, 26, 28, 32, 33, 34, 17, 3, 4, 6, 9, 10, 16, 18, 19, 20, 23, 24, 25, 26, 28, 32, 33, 34, 17, 3, 4, 6, 9, 10, 16, 18, 19, 20, 23, 24, 25, 26, 28, 32, 33, 34, 17, 3, 4, 6, 9, 10, 16, 18, 19, 20, 23, 24, 25, 26, 28, 32, 33, 34, 17, 3, 4, 6, 9, 10, 16, 18, 19, 20, 23, 24, 25, 26, 28, 32, 33, 34, 17, 3, 4, 6, 9, 10, 16, 18, 19, 20, 23, 24, 25, 26, 28, 32, 33, 34, 17, 3, 4, 6, 9, 10, 16, 18, 19, 20, 23, 24, 25, 26, 28, 32, 33, 34, 17, 3, 4, 6, 9, 10, 16, 18, 19, 20, 23, 24, 25, 26, 28, 32, 33, 34, 17, 3, 4, 6, 9, 10, 16, 18, 19, 20, 23, 24, 25, 26, 28, 32, 33, 34, 17, 3, 4, 6, 9, 10, 16, 18, 19, 20, 23, 24, 25, 26, 28, 32, 33, 34, 17, 3, 4, 6, 9, 10, 16, 18, 19, 20, 23, 24, 25, 26, 28, 32, 33, 34, 17, 3, 4, 6, 9, 10, 16, 18, 19, 20, 23, 24, 25, 26, 28, 32, 33, 34, 17, 3, 4, 6, 9, 10, 16, 18, 19, 20, 23, 24, 25, 26, 28, 32, 33, 34, 17, 3, 4, 6, 9, 10, 16, 18, 19, 20, 23, 24, 25, 26, 28, 32, 33, 34, 17, 3, 4, 6, 9, 10, 16, 18, 19, 20, 23, 24, 25, 26, 28, 32, 33, 34, 17, 3, 4, 6, 9, 10, 16, 18, 19, 20, 23, 24, 25, 26, 28, 32, 33, 34, 17, 3, 4, 6, 9, 10, 16, 18, 19, 20, 23, 24, 25, 26, 28, 32, 33, 34, 17, 3, 4, 6, 9, 10, 16, 18, 19, 20, 23, 24, 25, 26, 28, 32, 33, 34, 17, 3, 4, 6, 9, 10, 16, 18, 19, 20, 23, 24, 25, 26, 28, 32, 33, 34, 17, 3, 4, 6, 9, 10, 16, 18, 19, 20, 23, 24, 25, 26, 28, 32, 33, 34, 17, 3, 4, 6, 9, 10, 16, 18, 19, 20, 23, 24, 25, 26, 28, 32, 33, 34, 17, 3, 4, 6, 9, 10, 16, 18, 19, 20, 23, 24, 25, 26, 28, 32, 33, 34, 17, 3, 4, 6, 9, 10, 16, 18, 19, 20, 23, 24, 25, 26, 28, 32, 33, 34, 17, 3, 4, 6, 9, 10, 16, 18, 19, 20, 23, 24, 25, 26, 28, 32, 33, 34, 17, 3, 4, 6, 9, 10, 16, 18, 19, 20, 23, 24, 25, 26, 28, 32, 33, 34, 17, 3, 4, 6, 9, 10, 16, 18, 19, 20, 23, 24, 25, 26, 28, 32, 33, 34, 17, 3, 4, 6, 9, 10, 16, 18, 19, 20, 23, 24, 25, 26, 28, 32, 33, 34, 17, 3, 4, 6, 9, 10, 16, 18, 19, 20, 23, 24, 25, 26, 28, 32, 33, 34, 17, 3, 4, 6, 9, 10, 16, 18, 19, 20, 23, 24, 25, 26, 28, 32, 33, 34, 17, 3, 4, 6, 9, 10, 16, 18, 19, 20, 23, 24, 25, 26, 28, 32, 33, 34, 17, 3, 4, 6, 9, 10, 16, 18, 19, 20, 23, 24, 25, 26, 28, 32, 33, 34, 17, 3, 4, 6, 9, 10, 16, 18, 19, 20, 23, 24, 25, 26, 28, 32, 33, 34, 17, 3, 4, 6, 9, 10, 16, 18, 19, 20, 23, 24, 25, 26, 28, 32, 33, 34, 17, 3, 4, 6, 9, 10, 16, 18, 19, 20, 23, 24, 25, 26, 28, 32, 33, 34, 17, 3, 4, 6, 9, 10, 16, 18, 19, 20, 23, 24, 25, 26, 28, 32, 33, 34, 17, 3, 4, 6, 9, 10, 16, 18, 19, 20, 23, 24, 25, 26, 28, 32, 33, 34, 17, 3, 4, 6, 9, 10, 16, 18, 19, 20, 23, 24, 25, 26, 28, 32, 33, 34, 17, 3, 4, 6, 9, 10, 16, 18, 19, 20, 23, 24, 25, 26, 28, 32, 33, 34, 17, 3, 4, 6, 9, 10, 16, 18, '
Done reranking query 935. Elapsed time since start: 13325.88 seconds.
Done reranking query 936. Elapsed time since start: 13334.91 seconds.
Done reranking query 937. Elapsed time since start: 13346.68 seconds.
Done reranking query 938. Elapsed time since start: 13355.67 seconds.
Done reranking query 939. Elapsed time since start: 13367.87 seconds.
Done reranking query 940. Elapsed time since start: 13378.47 seconds.
Done reranking query 941. Elapsed time since start: 13390.31 seconds.
Done reranking query 942. Elapsed time since start: 13407.66 seconds.
Done reranking query 943. Elapsed time since start: 13423.30 seconds.
Done reranking query 944. Elapsed time since start: 13433.88 seconds.
Done reranking query 945. Elapsed time since start: 13446.24 seconds.
Saved 945 reranked responses to Gemini_text-reranked-35-indices.json
Saved 945 reranked responses to Gemini_structured-reranked-35-indices.json
Done reranking query 946. Elapsed time since start: 13459.21 seconds.
Done reranking query 947. Elapsed time since start: 13469.21 seconds.
Done reranking query 948. Elapsed time since start: 13482.94 seconds.
Done reranking query 949. Elapsed time since start: 13531.14 seconds.
Done reranking query 950. Elapsed time since start: 13546.21 seconds.
Done reranking query 951. Elapsed time since start: 13562.44 seconds.
Done reranking query 952. Elapsed time since start: 13574.14 seconds.
Done reranking query 953. Elapsed time since start: 13590.69 seconds.
Done reranking query 954. Elapsed time since start: 13599.63 seconds.
Done reranking query 955. Elapsed time since start: 13619.57 seconds.
Done reranking query 956. Elapsed time since start: 13631.48 seconds.
Done reranking query 957. Elapsed time since start: 13643.24 seconds.
Done reranking query 958. Elapsed time since start: 13656.24 seconds.
Done reranking query 959. Elapsed time since start: 13668.80 seconds.
Done reranking query 960. Elapsed time since start: 13679.23 seconds.
Saved 960 reranked responses to Gemini_text-reranked-35-indices.json
Saved 960 reranked responses to Gemini_structured-reranked-35-indices.json
Done reranking query 961. Elapsed time since start: 13699.33 seconds.
Done reranking query 962. Elapsed time since start: 13710.82 seconds.
Done reranking query 963. Elapsed time since start: 13725.34 seconds.
Done reranking query 964. Elapsed time since start: 13737.95 seconds.
Done reranking query 965. Elapsed time since start: 13759.08 seconds.
Done reranking query 966. Elapsed time since start: 13771.62 seconds.
Done reranking query 967. Elapsed time since start: 13785.38 seconds.
Done reranking query 968. Elapsed time since start: 13804.81 seconds.
Done reranking query 969. Elapsed time since start: 13814.52 seconds.
Done reranking query 970. Elapsed time since start: 13825.86 seconds.
Done reranking query 971. Elapsed time since start: 13835.36 seconds.
Done reranking query 972. Elapsed time since start: 13845.14 seconds.
Done reranking query 973. Elapsed time since start: 13857.89 seconds.
Done reranking query 974. Elapsed time since start: 13867.65 seconds.
Done reranking query 975. Elapsed time since start: 13874.74 seconds.
Saved 975 reranked responses to Gemini_text-reranked-35-indices.json
Saved 975 reranked responses to Gemini_structured-reranked-35-indices.json
Done reranking query 976. Elapsed time since start: 13888.25 seconds.
Done reranking query 977. Elapsed time since start: 13898.70 seconds.
Done reranking query 978. Elapsed time since start: 13909.27 seconds.
Done reranking query 979. Elapsed time since start: 13919.06 seconds.
Done reranking query 980. Elapsed time since start: 13929.44 seconds.
Done reranking query 981. Elapsed time since start: 13943.44 seconds.
Done reranking query 982. Elapsed time since start: 13955.13 seconds.
Done reranking query 983. Elapsed time since start: 13969.58 seconds.
Done reranking query 984. Elapsed time since start: 13981.51 seconds.
Done reranking query 985. Elapsed time since start: 13992.57 seconds.
Done reranking query 986. Elapsed time since start: 14002.87 seconds.
Done reranking query 987. Elapsed time since start: 14013.23 seconds.
Done reranking query 988. Elapsed time since start: 14027.44 seconds.
Done reranking query 989. Elapsed time since start: 14040.11 seconds.
Done reranking query 990. Elapsed time since start: 14050.81 seconds.
Saved 990 reranked responses to Gemini_text-reranked-35-indices.json
Saved 990 reranked responses to Gemini_structured-reranked-35-indices.json
Done reranking query 991. Elapsed time since start: 14060.12 seconds.
Done reranking query 992. Elapsed time since start: 14077.19 seconds.
Done reranking query 993. Elapsed time since start: 14089.50 seconds.
Done reranking query 994. Elapsed time since start: 14104.34 seconds.
Done reranking query 995. Elapsed time since start: 14126.80 seconds.
Done reranking query 996. Elapsed time since start: 14138.00 seconds.
Done reranking query 997. Elapsed time since start: 14151.33 seconds.
Done reranking query 998. Elapsed time since start: 14165.16 seconds.
Done reranking query 999. Elapsed time since start: 14176.64 seconds.
Done reranking query 1000. Elapsed time since start: 14188.67 seconds.
Done reranking query 1001. Elapsed time since start: 14197.83 seconds.
Done reranking query 1002. Elapsed time since start: 14211.01 seconds.
Done reranking query 1003. Elapsed time since start: 14223.17 seconds.
Done reranking query 1004. Elapsed time since start: 14237.13 seconds.
Done reranking query 1005. Elapsed time since start: 14248.90 seconds.
Saved 1005 reranked responses to Gemini_text-reranked-35-indices.json
Saved 1005 reranked responses to Gemini_structured-reranked-35-indices.json
Done reranking query 1006. Elapsed time since start: 14262.40 seconds.
Done reranking query 1007. Elapsed time since start: 14272.00 seconds.
Done reranking query 1008. Elapsed time since start: 14284.55 seconds.
Done reranking query 1009. Elapsed time since start: 14299.31 seconds.
Done reranking query 1010. Elapsed time since start: 14331.64 seconds.
Done reranking query 1011. Elapsed time since start: 14343.25 seconds.
Done reranking query 1012. Elapsed time since start: 14355.29 seconds.
Done reranking query 1013. Elapsed time since start: 14376.13 seconds.
Done reranking query 1014. Elapsed time since start: 14388.95 seconds.
Done reranking query 1015. Elapsed time since start: 14403.05 seconds.
Done reranking query 1016. Elapsed time since start: 14416.18 seconds.
Done reranking query 1017. Elapsed time since start: 14429.97 seconds.
Done reranking query 1018. Elapsed time since start: 14441.22 seconds.
Done reranking query 1019. Elapsed time since start: 14450.81 seconds.
Done reranking query 1020. Elapsed time since start: 14462.61 seconds.
Saved 1020 reranked responses to Gemini_text-reranked-35-indices.json
Saved 1020 reranked responses to Gemini_structured-reranked-35-indices.json
Done reranking query 1021. Elapsed time since start: 14495.37 seconds.
Done reranking query 1022. Elapsed time since start: 14509.79 seconds.
Done reranking query 1023. Elapsed time since start: 14520.39 seconds.
Done reranking query 1024. Elapsed time since start: 14538.05 seconds.
Done reranking query 1025. Elapsed time since start: 14554.01 seconds.
Done reranking query 1026. Elapsed time since start: 14564.14 seconds.
Done reranking query 1027. Elapsed time since start: 14574.97 seconds.
Done reranking query 1028. Elapsed time since start: 14590.86 seconds.
Done reranking query 1029. Elapsed time since start: 14603.01 seconds.
Done reranking query 1030. Elapsed time since start: 14617.16 seconds.
Done reranking query 1031. Elapsed time since start: 14635.83 seconds.
Done reranking query 1032. Elapsed time since start: 14647.43 seconds.
Done reranking query 1033. Elapsed time since start: 14659.60 seconds.
Done reranking query 1034. Elapsed time since start: 14670.80 seconds.
Done reranking query 1035. Elapsed time since start: 14684.67 seconds.
Saved 1035 reranked responses to Gemini_text-reranked-35-indices.json
Saved 1035 reranked responses to Gemini_structured-reranked-35-indices.json
Done reranking query 1036. Elapsed time since start: 14701.99 seconds.
Done reranking query 1037. Elapsed time since start: 14714.70 seconds.
Done reranking query 1038. Elapsed time since start: 14727.72 seconds.
Done reranking query 1039. Elapsed time since start: 14737.95 seconds.
Done reranking query 1040. Elapsed time since start: 14762.86 seconds.
Done reranking query 1041. Elapsed time since start: 14776.39 seconds.
Done reranking query 1042. Elapsed time since start: 14791.21 seconds.
Done reranking query 1043. Elapsed time since start: 14802.55 seconds.
Done reranking query 1044. Elapsed time since start: 14823.62 seconds.
Done reranking query 1045. Elapsed time since start: 14837.33 seconds.
Done reranking query 1046. Elapsed time since start: 14848.64 seconds.
Done reranking query 1047. Elapsed time since start: 14900.87 seconds.
Done reranking query 1048. Elapsed time since start: 14910.11 seconds.
Done reranking query 1049. Elapsed time since start: 14919.50 seconds.
Done reranking query 1050. Elapsed time since start: 14935.18 seconds.
Saved 1050 reranked responses to Gemini_text-reranked-35-indices.json
Saved 1050 reranked responses to Gemini_structured-reranked-35-indices.json
Done reranking query 1051. Elapsed time since start: 14948.22 seconds.
Done reranking query 1052. Elapsed time since start: 14978.02 seconds.
Done reranking query 1053. Elapsed time since start: 14991.59 seconds.
Done reranking query 1054. Elapsed time since start: 15003.92 seconds.
Done reranking query 1055. Elapsed time since start: 15016.58 seconds.
Done reranking query 1056. Elapsed time since start: 15027.04 seconds.
Done reranking query 1057. Elapsed time since start: 15048.79 seconds.
Done reranking query 1058. Elapsed time since start: 15066.40 seconds.
Done reranking query 1059. Elapsed time since start: 15076.49 seconds.
Done reranking query 1060. Elapsed time since start: 15090.92 seconds.
Done reranking query 1061. Elapsed time since start: 15108.36 seconds.
Done reranking query 1062. Elapsed time since start: 15129.08 seconds.
Done reranking query 1063. Elapsed time since start: 15147.03 seconds.
Done reranking query 1064. Elapsed time since start: 15162.19 seconds.
Done reranking query 1065. Elapsed time since start: 15172.16 seconds.
Saved 1065 reranked responses to Gemini_text-reranked-35-indices.json
Saved 1065 reranked responses to Gemini_structured-reranked-35-indices.json
Done reranking query 1066. Elapsed time since start: 15189.98 seconds.
Done reranking query 1067. Elapsed time since start: 15205.32 seconds.
Done reranking query 1068. Elapsed time since start: 15220.14 seconds.
Done reranking query 1069. Elapsed time since start: 15233.07 seconds.
Done reranking query 1070. Elapsed time since start: 15243.82 seconds.
Done reranking query 1071. Elapsed time since start: 15254.68 seconds.
Done reranking query 1072. Elapsed time since start: 15274.21 seconds.
Done reranking query 1073. Elapsed time since start: 15296.14 seconds.
Done reranking query 1074. Elapsed time since start: 15310.66 seconds.
Done reranking query 1075. Elapsed time since start: 15320.36 seconds.
Done reranking query 1076. Elapsed time since start: 15332.62 seconds.
Done reranking query 1077. Elapsed time since start: 15349.72 seconds.
Done reranking query 1078. Elapsed time since start: 15361.92 seconds.
Done reranking query 1079. Elapsed time since start: 15379.50 seconds.
Done reranking query 1080. Elapsed time since start: 15387.91 seconds.
Saved 1080 reranked responses to Gemini_text-reranked-35-indices.json
Saved 1080 reranked responses to Gemini_structured-reranked-35-indices.json
Done reranking query 1081. Elapsed time since start: 15401.95 seconds.
Done reranking query 1082. Elapsed time since start: 15413.40 seconds.
Done reranking query 1083. Elapsed time since start: 15422.64 seconds.
Done reranking query 1084. Elapsed time since start: 15432.09 seconds.
Done reranking query 1085. Elapsed time since start: 15443.93 seconds.
Done reranking query 1086. Elapsed time since start: 15455.95 seconds.
Done reranking query 1087. Elapsed time since start: 15466.19 seconds.
Done reranking query 1088. Elapsed time since start: 15479.68 seconds.
Done reranking query 1089. Elapsed time since start: 15512.40 seconds.
Done reranking query 1090. Elapsed time since start: 15522.16 seconds.
Done reranking query 1091. Elapsed time since start: 15528.40 seconds.
Done reranking query 1092. Elapsed time since start: 15539.08 seconds.
Done reranking query 1093. Elapsed time since start: 15559.23 seconds.
Done reranking query 1094. Elapsed time since start: 15567.05 seconds.
Done reranking query 1095. Elapsed time since start: 15578.18 seconds.
Saved 1095 reranked responses to Gemini_text-reranked-35-indices.json
Saved 1095 reranked responses to Gemini_structured-reranked-35-indices.json
Done reranking query 1096. Elapsed time since start: 15589.10 seconds.
Done reranking query 1097. Elapsed time since start: 15600.18 seconds.
Done reranking query 1098. Elapsed time since start: 15613.83 seconds.
Done reranking query 1099. Elapsed time since start: 15624.30 seconds.
Done reranking query 1100. Elapsed time since start: 15633.68 seconds.
Done reranking query 1101. Elapsed time since start: 15647.98 seconds.
Done reranking query 1102. Elapsed time since start: 15657.74 seconds.
Done reranking query 1103. Elapsed time since start: 15672.86 seconds.
Done reranking query 1104. Elapsed time since start: 15686.72 seconds.
Done reranking query 1105. Elapsed time since start: 15698.09 seconds.
Done reranking query 1106. Elapsed time since start: 15720.47 seconds.
Done reranking query 1107. Elapsed time since start: 15733.62 seconds.
Done reranking query 1108. Elapsed time since start: 15742.99 seconds.
Done reranking query 1109. Elapsed time since start: 15758.07 seconds.
Done reranking query 1110. Elapsed time since start: 15772.29 seconds.
Saved 1110 reranked responses to Gemini_text-reranked-35-indices.json
Saved 1110 reranked responses to Gemini_structured-reranked-35-indices.json
Done reranking query 1111. Elapsed time since start: 15786.05 seconds.
Done reranking query 1112. Elapsed time since start: 15798.66 seconds.
Done reranking query 1113. Elapsed time since start: 15805.74 seconds.
Done reranking query 1114. Elapsed time since start: 15817.41 seconds.
Done reranking query 1115. Elapsed time since start: 15828.13 seconds.
Done reranking query 1116. Elapsed time since start: 15840.37 seconds.
Done reranking query 1117. Elapsed time since start: 15850.57 seconds.
Done reranking query 1118. Elapsed time since start: 15861.82 seconds.
Done reranking query 1119. Elapsed time since start: 15876.15 seconds.
Done reranking query 1120. Elapsed time since start: 15886.15 seconds.
Done reranking query 1121. Elapsed time since start: 15935.02 seconds.
Done reranking query 1122. Elapsed time since start: 15949.67 seconds.
Done reranking query 1123. Elapsed time since start: 15959.67 seconds.
Done reranking query 1124. Elapsed time since start: 15979.41 seconds.
Done reranking query 1125. Elapsed time since start: 15994.50 seconds.
Saved 1125 reranked responses to Gemini_text-reranked-35-indices.json
Saved 1125 reranked responses to Gemini_structured-reranked-35-indices.json
Done reranking query 1126. Elapsed time since start: 16007.10 seconds.
Done reranking query 1127. Elapsed time since start: 16018.25 seconds.
Done reranking query 1128. Elapsed time since start: 16034.30 seconds.
Done reranking query 1129. Elapsed time since start: 16046.99 seconds.
Done reranking query 1130. Elapsed time since start: 16063.28 seconds.
Done reranking query 1131. Elapsed time since start: 16081.21 seconds.
Done reranking query 1132. Elapsed time since start: 16095.11 seconds.
Done reranking query 1133. Elapsed time since start: 16104.46 seconds.
Done reranking query 1134. Elapsed time since start: 16129.70 seconds.
Done reranking query 1135. Elapsed time since start: 16161.22 seconds.
Done reranking query 1136. Elapsed time since start: 16174.49 seconds.
Done reranking query 1137. Elapsed time since start: 16186.64 seconds.
Done reranking query 1138. Elapsed time since start: 16198.63 seconds.
Done reranking query 1139. Elapsed time since start: 16210.39 seconds.
Done reranking query 1140. Elapsed time since start: 16223.66 seconds.
Saved 1140 reranked responses to Gemini_text-reranked-35-indices.json
Saved 1140 reranked responses to Gemini_structured-reranked-35-indices.json
Done reranking query 1141. Elapsed time since start: 16236.76 seconds.
Done reranking query 1142. Elapsed time since start: 16245.94 seconds.
Done reranking query 1143. Elapsed time since start: 16255.07 seconds.
Done reranking query 1144. Elapsed time since start: 16273.49 seconds.
Done reranking query 1145. Elapsed time since start: 16283.62 seconds.
Done reranking query 1146. Elapsed time since start: 16299.37 seconds.
Done reranking query 1147. Elapsed time since start: 16309.02 seconds.
Done reranking query 1148. Elapsed time since start: 16321.56 seconds.
Done reranking query 1149. Elapsed time since start: 16334.15 seconds.
Done reranking query 1150. Elapsed time since start: 16343.77 seconds.
Done reranking query 1151. Elapsed time since start: 16356.48 seconds.
Done reranking query 1152. Elapsed time since start: 16372.56 seconds.
Done reranking query 1153. Elapsed time since start: 16386.63 seconds.
Done reranking query 1154. Elapsed time since start: 16397.85 seconds.
Done reranking query 1155. Elapsed time since start: 16408.25 seconds.
Saved 1155 reranked responses to Gemini_text-reranked-35-indices.json
Saved 1155 reranked responses to Gemini_structured-reranked-35-indices.json
Done reranking query 1156. Elapsed time since start: 16421.01 seconds.
Done reranking query 1157. Elapsed time since start: 16434.29 seconds.
Done reranking query 1158. Elapsed time since start: 16449.77 seconds.
Done reranking query 1159. Elapsed time since start: 16465.03 seconds.
Done reranking query 1160. Elapsed time since start: 16475.51 seconds.
Done reranking query 1161. Elapsed time since start: 16486.86 seconds.
Done reranking query 1162. Elapsed time since start: 16498.42 seconds.
Done reranking query 1163. Elapsed time since start: 16509.44 seconds.
Done reranking query 1164. Elapsed time since start: 16520.46 seconds.
Done reranking query 1165. Elapsed time since start: 16531.85 seconds.
Done reranking query 1166. Elapsed time since start: 16546.70 seconds.
Done reranking query 1167. Elapsed time since start: 16562.12 seconds.
Done reranking query 1168. Elapsed time since start: 16575.47 seconds.
Done reranking query 1169. Elapsed time since start: 16593.83 seconds.
Done reranking query 1170. Elapsed time since start: 16605.79 seconds.
Saved 1170 reranked responses to Gemini_text-reranked-35-indices.json
Saved 1170 reranked responses to Gemini_structured-reranked-35-indices.json
Done reranking query 1171. Elapsed time since start: 16617.27 seconds.
Done reranking query 1172. Elapsed time since start: 16632.61 seconds.
Done reranking query 1173. Elapsed time since start: 16642.21 seconds.
Done reranking query 1174. Elapsed time since start: 16657.95 seconds.
Done reranking query 1175. Elapsed time since start: 16677.18 seconds.
Done reranking query 1176. Elapsed time since start: 16691.39 seconds.
Done reranking query 1177. Elapsed time since start: 16704.76 seconds.
Done reranking query 1178. Elapsed time since start: 16718.65 seconds.
Done reranking query 1179. Elapsed time since start: 16731.02 seconds.
Done reranking query 1180. Elapsed time since start: 16740.59 seconds.
Done reranking query 1181. Elapsed time since start: 16751.20 seconds.
Done reranking query 1182. Elapsed time since start: 16760.94 seconds.
Done reranking query 1183. Elapsed time since start: 16771.50 seconds.
Done reranking query 1184. Elapsed time since start: 16786.04 seconds.
Done reranking query 1185. Elapsed time since start: 16808.42 seconds.
Saved 1185 reranked responses to Gemini_text-reranked-35-indices.json
Saved 1185 reranked responses to Gemini_structured-reranked-35-indices.json
Done reranking query 1186. Elapsed time since start: 16832.11 seconds.
Done reranking query 1187. Elapsed time since start: 16857.18 seconds.
Done reranking query 1188. Elapsed time since start: 16865.73 seconds.
Done reranking query 1189. Elapsed time since start: 16877.60 seconds.
Done reranking query 1190. Elapsed time since start: 16891.67 seconds.
Done reranking query 1191. Elapsed time since start: 16903.16 seconds.
Done reranking query 1192. Elapsed time since start: 16919.16 seconds.
Done reranking query 1193. Elapsed time since start: 16934.68 seconds.
Done reranking query 1194. Elapsed time since start: 16954.24 seconds.
Done reranking query 1195. Elapsed time since start: 16965.34 seconds.
Done reranking query 1196. Elapsed time since start: 16984.76 seconds.
Done reranking query 1197. Elapsed time since start: 17000.85 seconds.
Done reranking query 1198. Elapsed time since start: 17011.02 seconds.
Done reranking query 1199. Elapsed time since start: 17029.20 seconds.
Done reranking query 1200. Elapsed time since start: 17037.49 seconds.
Saved 1200 reranked responses to Gemini_text-reranked-35-indices.json
Saved 1200 reranked responses to Gemini_structured-reranked-35-indices.json
Done reranking query 1201. Elapsed time since start: 17048.56 seconds.
Done reranking query 1202. Elapsed time since start: 17064.27 seconds.
Done reranking query 1203. Elapsed time since start: 17074.88 seconds.
Done reranking query 1204. Elapsed time since start: 17088.53 seconds.
Done reranking query 1205. Elapsed time since start: 17099.24 seconds.
Done reranking query 1206. Elapsed time since start: 17128.80 seconds.
Done reranking query 1207. Elapsed time since start: 17139.47 seconds.
Done reranking query 1208. Elapsed time since start: 17152.94 seconds.
Done reranking query 1209. Elapsed time since start: 17167.46 seconds.
Done reranking query 1210. Elapsed time since start: 17184.25 seconds.
Done reranking query 1211. Elapsed time since start: 17197.77 seconds.
Done reranking query 1212. Elapsed time since start: 17208.77 seconds.
Done reranking query 1213. Elapsed time since start: 17227.35 seconds.
Done reranking query 1214. Elapsed time since start: 17242.03 seconds.
Done reranking query 1215. Elapsed time since start: 17253.31 seconds.
Saved 1215 reranked responses to Gemini_text-reranked-35-indices.json
Saved 1215 reranked responses to Gemini_structured-reranked-35-indices.json
Done reranking query 1216. Elapsed time since start: 17261.79 seconds.
Done reranking query 1217. Elapsed time since start: 17278.94 seconds.
Done reranking query 1218. Elapsed time since start: 17295.46 seconds.
Done reranking query 1219. Elapsed time since start: 17308.56 seconds.
Done reranking query 1220. Elapsed time since start: 17322.28 seconds.
Done reranking query 1221. Elapsed time since start: 17332.05 seconds.
Done reranking query 1222. Elapsed time since start: 17343.56 seconds.
Done reranking query 1223. Elapsed time since start: 17353.85 seconds.
Done reranking query 1224. Elapsed time since start: 17366.30 seconds.
Done reranking query 1225. Elapsed time since start: 17379.11 seconds.
Done reranking query 1226. Elapsed time since start: 17391.75 seconds.
Done reranking query 1227. Elapsed time since start: 17407.79 seconds.
Done reranking query 1228. Elapsed time since start: 17418.08 seconds.
Done reranking query 1229. Elapsed time since start: 17433.50 seconds.
Done reranking query 1230. Elapsed time since start: 17443.56 seconds.
Saved 1230 reranked responses to Gemini_text-reranked-35-indices.json
Saved 1230 reranked responses to Gemini_structured-reranked-35-indices.json
Done reranking query 1231. Elapsed time since start: 17454.19 seconds.
Done reranking query 1232. Elapsed time since start: 17468.32 seconds.
Done reranking query 1233. Elapsed time since start: 17482.34 seconds.
Done reranking query 1234. Elapsed time since start: 17494.07 seconds.
Done reranking query 1235. Elapsed time since start: 17505.06 seconds.
Done reranking query 1236. Elapsed time since start: 17514.58 seconds.
Done reranking query 1237. Elapsed time since start: 17526.54 seconds.
Done reranking query 1238. Elapsed time since start: 17538.46 seconds.
Done reranking query 1239. Elapsed time since start: 17549.93 seconds.
Done reranking query 1240. Elapsed time since start: 17563.45 seconds.
Done reranking query 1241. Elapsed time since start: 17577.11 seconds.
Done reranking query 1242. Elapsed time since start: 17586.94 seconds.
Done reranking query 1243. Elapsed time since start: 17599.07 seconds.
Done reranking query 1244. Elapsed time since start: 17609.05 seconds.
Done reranking query 1245. Elapsed time since start: 17619.78 seconds.
Saved 1245 reranked responses to Gemini_text-reranked-35-indices.json
Saved 1245 reranked responses to Gemini_structured-reranked-35-indices.json
Saved all reranked responses to Gemini_text-reranked-35-indices.json
Saved all reranked responses to Gemini_structured-reranked-35-indices.json
[2025-04-09 12:46:31] Job completed. Proceeding to next job...
