True
12.1
90100
[]
GPU load successful.
GPU: cuda
JSON file loaded from /home/ubuntu/Infly-Chroma-Bread Pipeline/cleaned_global_train_eval_context_list.json
Embedding model loaded: infly/inf-retriever-v1-1.5b
Number of Chunks: 1024
Number of Overlaps: 256
Initializing text splitter...
Initializing ChromaDB...
Everything can be found in: 1024-256_vectorstore
Insert of existing embedding ID: 0
Insert of existing embedding ID: 1
Insert of existing embedding ID: 2
Insert of existing embedding ID: 3
Insert of existing embedding ID: 4
Insert of existing embedding ID: 5
Insert of existing embedding ID: 6
Insert of existing embedding ID: 7
Insert of existing embedding ID: 8
Insert of existing embedding ID: 9
Insert of existing embedding ID: 10
Insert of existing embedding ID: 11
Insert of existing embedding ID: 12
Insert of existing embedding ID: 13
Insert of existing embedding ID: 14
Insert of existing embedding ID: 15
Insert of existing embedding ID: 16
Insert of existing embedding ID: 17
Insert of existing embedding ID: 18
Insert of existing embedding ID: 19
Insert of existing embedding ID: 20
Insert of existing embedding ID: 21
Insert of existing embedding ID: 22
Insert of existing embedding ID: 23
Insert of existing embedding ID: 24
Insert of existing embedding ID: 25
Insert of existing embedding ID: 26
Insert of existing embedding ID: 27
Insert of existing embedding ID: 28
Insert of existing embedding ID: 29
Insert of existing embedding ID: 30
Insert of existing embedding ID: 31
Insert of existing embedding ID: 32
Insert of existing embedding ID: 33
Insert of existing embedding ID: 34
Insert of existing embedding ID: 35
Insert of existing embedding ID: 36
Insert of existing embedding ID: 37
Insert of existing embedding ID: 38
Insert of existing embedding ID: 39
Insert of existing embedding ID: 40
Insert of existing embedding ID: 41
Insert of existing embedding ID: 42
Insert of existing embedding ID: 43
Insert of existing embedding ID: 44
Insert of existing embedding ID: 45
Insert of existing embedding ID: 46
Insert of existing embedding ID: 47
Insert of existing embedding ID: 48
Insert of existing embedding ID: 49
Insert of existing embedding ID: 50
Insert of existing embedding ID: 51
Insert of existing embedding ID: 52
Insert of existing embedding ID: 53
Insert of existing embedding ID: 54
Insert of existing embedding ID: 55
Insert of existing embedding ID: 56
Insert of existing embedding ID: 57
Insert of existing embedding ID: 58
Insert of existing embedding ID: 59
Insert of existing embedding ID: 60
Insert of existing embedding ID: 61
Insert of existing embedding ID: 62
Insert of existing embedding ID: 63
Insert of existing embedding ID: 64
Insert of existing embedding ID: 65
Insert of existing embedding ID: 66
Insert of existing embedding ID: 67
Insert of existing embedding ID: 68
Insert of existing embedding ID: 69
Insert of existing embedding ID: 70
Insert of existing embedding ID: 71
Insert of existing embedding ID: 72
Insert of existing embedding ID: 73
Insert of existing embedding ID: 74
Insert of existing embedding ID: 75
Insert of existing embedding ID: 76
Insert of existing embedding ID: 77
Insert of existing embedding ID: 78
Insert of existing embedding ID: 79
Insert of existing embedding ID: 80
Insert of existing embedding ID: 81
Insert of existing embedding ID: 82
Insert of existing embedding ID: 83
Insert of existing embedding ID: 84
Insert of existing embedding ID: 85
Insert of existing embedding ID: 86
Insert of existing embedding ID: 87
Insert of existing embedding ID: 88
Insert of existing embedding ID: 89
Insert of existing embedding ID: 90
Insert of existing embedding ID: 91
Insert of existing embedding ID: 92
Insert of existing embedding ID: 93
Insert of existing embedding ID: 94
Insert of existing embedding ID: 95
Insert of existing embedding ID: 96
Insert of existing embedding ID: 97
Insert of existing embedding ID: 98
Insert of existing embedding ID: 99
Insert of existing embedding ID: 100
Insert of existing embedding ID: 101
Insert of existing embedding ID: 102
Insert of existing embedding ID: 103
Insert of existing embedding ID: 104
Insert of existing embedding ID: 105
Insert of existing embedding ID: 106
Insert of existing embedding ID: 107
Insert of existing embedding ID: 108
Insert of existing embedding ID: 109
Insert of existing embedding ID: 110
Insert of existing embedding ID: 111
Insert of existing embedding ID: 112
Insert of existing embedding ID: 113
Insert of existing embedding ID: 114
Insert of existing embedding ID: 115
Insert of existing embedding ID: 116
Insert of existing embedding ID: 117
Insert of existing embedding ID: 118
Insert of existing embedding ID: 119
Insert of existing embedding ID: 120
Insert of existing embedding ID: 121
Insert of existing embedding ID: 122
Insert of existing embedding ID: 123
Insert of existing embedding ID: 124
Insert of existing embedding ID: 125
Insert of existing embedding ID: 126
Insert of existing embedding ID: 127
Insert of existing embedding ID: 128
Insert of existing embedding ID: 129
Insert of existing embedding ID: 130
Insert of existing embedding ID: 131
Insert of existing embedding ID: 132
Insert of existing embedding ID: 133
Insert of existing embedding ID: 134
Insert of existing embedding ID: 135
Insert of existing embedding ID: 136
Insert of existing embedding ID: 137
Insert of existing embedding ID: 138
Insert of existing embedding ID: 139
Insert of existing embedding ID: 140
Insert of existing embedding ID: 141
Insert of existing embedding ID: 142
Insert of existing embedding ID: 143
Insert of existing embedding ID: 144
Insert of existing embedding ID: 145
Insert of existing embedding ID: 146
Insert of existing embedding ID: 147
Insert of existing embedding ID: 148
Insert of existing embedding ID: 149
Insert of existing embedding ID: 150
Insert of existing embedding ID: 151
Insert of existing embedding ID: 152
Insert of existing embedding ID: 153
Insert of existing embedding ID: 154
Insert of existing embedding ID: 155
Insert of existing embedding ID: 156
Insert of existing embedding ID: 157
Insert of existing embedding ID: 158
Insert of existing embedding ID: 159
Insert of existing embedding ID: 160
Insert of existing embedding ID: 161
Insert of existing embedding ID: 162
Insert of existing embedding ID: 163
Insert of existing embedding ID: 164
Insert of existing embedding ID: 165
Insert of existing embedding ID: 166
Insert of existing embedding ID: 167
Insert of existing embedding ID: 168
Insert of existing embedding ID: 169
Insert of existing embedding ID: 170
Insert of existing embedding ID: 171
Insert of existing embedding ID: 172
Insert of existing embedding ID: 173
Insert of existing embedding ID: 174
Insert of existing embedding ID: 175
Insert of existing embedding ID: 176
Insert of existing embedding ID: 177
Insert of existing embedding ID: 178
Insert of existing embedding ID: 179
Insert of existing embedding ID: 180
Insert of existing embedding ID: 181
Insert of existing embedding ID: 182
Insert of existing embedding ID: 183
Insert of existing embedding ID: 184
Insert of existing embedding ID: 185
Insert of existing embedding ID: 186
Insert of existing embedding ID: 187
Insert of existing embedding ID: 188
Insert of existing embedding ID: 189
Insert of existing embedding ID: 190
Insert of existing embedding ID: 191
Insert of existing embedding ID: 192
Insert of existing embedding ID: 193
Insert of existing embedding ID: 194
Insert of existing embedding ID: 195
Insert of existing embedding ID: 196
Insert of existing embedding ID: 197
Insert of existing embedding ID: 198
Insert of existing embedding ID: 199
Insert of existing embedding ID: 200
Insert of existing embedding ID: 201
Insert of existing embedding ID: 202
Insert of existing embedding ID: 203
Insert of existing embedding ID: 204
Insert of existing embedding ID: 205
Insert of existing embedding ID: 206
Insert of existing embedding ID: 207
Insert of existing embedding ID: 208
Insert of existing embedding ID: 209
Insert of existing embedding ID: 210
Insert of existing embedding ID: 211
Insert of existing embedding ID: 212
Insert of existing embedding ID: 213
Insert of existing embedding ID: 214
Insert of existing embedding ID: 215
Insert of existing embedding ID: 216
Insert of existing embedding ID: 217
Insert of existing embedding ID: 218
Insert of existing embedding ID: 219
Insert of existing embedding ID: 220
Insert of existing embedding ID: 221
Insert of existing embedding ID: 222
Insert of existing embedding ID: 223
Insert of existing embedding ID: 224
Insert of existing embedding ID: 225
Insert of existing embedding ID: 226
Insert of existing embedding ID: 227
Insert of existing embedding ID: 228
Insert of existing embedding ID: 229
Insert of existing embedding ID: 230
Insert of existing embedding ID: 231
Insert of existing embedding ID: 232
Insert of existing embedding ID: 233
Insert of existing embedding ID: 234
Insert of existing embedding ID: 235
Insert of existing embedding ID: 236
Insert of existing embedding ID: 237
Insert of existing embedding ID: 238
Insert of existing embedding ID: 239
Insert of existing embedding ID: 240
Insert of existing embedding ID: 241
Insert of existing embedding ID: 242
Insert of existing embedding ID: 243
Insert of existing embedding ID: 244
Insert of existing embedding ID: 245
Insert of existing embedding ID: 246
Insert of existing embedding ID: 247
Insert of existing embedding ID: 248
Insert of existing embedding ID: 249
Insert of existing embedding ID: 250
Insert of existing embedding ID: 251
Insert of existing embedding ID: 252
Insert of existing embedding ID: 253
Insert of existing embedding ID: 254
Insert of existing embedding ID: 255
Insert of existing embedding ID: 256
Insert of existing embedding ID: 257
Insert of existing embedding ID: 258
Insert of existing embedding ID: 259
Insert of existing embedding ID: 260
Insert of existing embedding ID: 261
Insert of existing embedding ID: 262
Insert of existing embedding ID: 263
Insert of existing embedding ID: 264
Insert of existing embedding ID: 265
Insert of existing embedding ID: 266
Insert of existing embedding ID: 267
Insert of existing embedding ID: 268
Insert of existing embedding ID: 269
Insert of existing embedding ID: 270
Insert of existing embedding ID: 271
Insert of existing embedding ID: 272
Insert of existing embedding ID: 273
Insert of existing embedding ID: 274
Insert of existing embedding ID: 275
Insert of existing embedding ID: 276
Insert of existing embedding ID: 277
Insert of existing embedding ID: 278
Insert of existing embedding ID: 279
Insert of existing embedding ID: 280
Insert of existing embedding ID: 281
Insert of existing embedding ID: 282
Insert of existing embedding ID: 283
Insert of existing embedding ID: 284
Insert of existing embedding ID: 285
Insert of existing embedding ID: 286
Insert of existing embedding ID: 287
Insert of existing embedding ID: 288
Insert of existing embedding ID: 289
Insert of existing embedding ID: 290
Insert of existing embedding ID: 291
Insert of existing embedding ID: 292
Insert of existing embedding ID: 293
Insert of existing embedding ID: 294
Insert of existing embedding ID: 295
Insert of existing embedding ID: 296
Insert of existing embedding ID: 297
Insert of existing embedding ID: 298
Insert of existing embedding ID: 299
Insert of existing embedding ID: 300
Insert of existing embedding ID: 301
Insert of existing embedding ID: 302
Insert of existing embedding ID: 303
Insert of existing embedding ID: 304
Insert of existing embedding ID: 305
Insert of existing embedding ID: 306
Insert of existing embedding ID: 307
Insert of existing embedding ID: 308
Insert of existing embedding ID: 309
Insert of existing embedding ID: 310
Insert of existing embedding ID: 311
Insert of existing embedding ID: 312
Insert of existing embedding ID: 313
Insert of existing embedding ID: 314
Insert of existing embedding ID: 315
Insert of existing embedding ID: 316
Insert of existing embedding ID: 317
Insert of existing embedding ID: 318
Insert of existing embedding ID: 319
Insert of existing embedding ID: 320
Insert of existing embedding ID: 321
Insert of existing embedding ID: 322
Insert of existing embedding ID: 323
Insert of existing embedding ID: 324
Insert of existing embedding ID: 325
Insert of existing embedding ID: 326
Insert of existing embedding ID: 327
Insert of existing embedding ID: 328
Insert of existing embedding ID: 329
Insert of existing embedding ID: 330
Insert of existing embedding ID: 331
Insert of existing embedding ID: 332
Insert of existing embedding ID: 333
Insert of existing embedding ID: 334
Insert of existing embedding ID: 335
Insert of existing embedding ID: 336
Insert of existing embedding ID: 337
Insert of existing embedding ID: 338
Insert of existing embedding ID: 339
Insert of existing embedding ID: 340
Insert of existing embedding ID: 341
Insert of existing embedding ID: 342
Insert of existing embedding ID: 343
Insert of existing embedding ID: 344
Insert of existing embedding ID: 345
Insert of existing embedding ID: 346
Insert of existing embedding ID: 347
Insert of existing embedding ID: 348
Insert of existing embedding ID: 349
Insert of existing embedding ID: 350
Insert of existing embedding ID: 351
Insert of existing embedding ID: 352
Insert of existing embedding ID: 353
Insert of existing embedding ID: 354
Insert of existing embedding ID: 355
Insert of existing embedding ID: 356
Insert of existing embedding ID: 357
Insert of existing embedding ID: 358
Insert of existing embedding ID: 359
Insert of existing embedding ID: 360
Insert of existing embedding ID: 361
Insert of existing embedding ID: 362
Insert of existing embedding ID: 363
Insert of existing embedding ID: 364
Insert of existing embedding ID: 365
Insert of existing embedding ID: 366
Insert of existing embedding ID: 367
Insert of existing embedding ID: 368
Insert of existing embedding ID: 369
Insert of existing embedding ID: 370
Insert of existing embedding ID: 371
Insert of existing embedding ID: 372
Insert of existing embedding ID: 373
Insert of existing embedding ID: 374
Insert of existing embedding ID: 375
Insert of existing embedding ID: 376
Insert of existing embedding ID: 377
Insert of existing embedding ID: 378
Insert of existing embedding ID: 379
Insert of existing embedding ID: 380
Insert of existing embedding ID: 381
Insert of existing embedding ID: 382
Insert of existing embedding ID: 383
Insert of existing embedding ID: 384
Insert of existing embedding ID: 385
Insert of existing embedding ID: 386
Insert of existing embedding ID: 387
Insert of existing embedding ID: 388
Insert of existing embedding ID: 389
Insert of existing embedding ID: 390
Insert of existing embedding ID: 391
Insert of existing embedding ID: 392
Insert of existing embedding ID: 393
Insert of existing embedding ID: 394
Insert of existing embedding ID: 395
Insert of existing embedding ID: 396
Insert of existing embedding ID: 397
Insert of existing embedding ID: 398
Insert of existing embedding ID: 399
Insert of existing embedding ID: 400
Insert of existing embedding ID: 401
Insert of existing embedding ID: 402
Insert of existing embedding ID: 403
Insert of existing embedding ID: 404
Insert of existing embedding ID: 405
Insert of existing embedding ID: 406
Insert of existing embedding ID: 407
Insert of existing embedding ID: 408
Insert of existing embedding ID: 409
Insert of existing embedding ID: 410
Insert of existing embedding ID: 411
Insert of existing embedding ID: 412
Insert of existing embedding ID: 413
Insert of existing embedding ID: 414
Insert of existing embedding ID: 415
Insert of existing embedding ID: 416
Insert of existing embedding ID: 417
Insert of existing embedding ID: 418
Insert of existing embedding ID: 419
Insert of existing embedding ID: 420
Insert of existing embedding ID: 421
Insert of existing embedding ID: 422
Insert of existing embedding ID: 423
Insert of existing embedding ID: 424
Insert of existing embedding ID: 425
Insert of existing embedding ID: 426
Insert of existing embedding ID: 427
Insert of existing embedding ID: 428
Insert of existing embedding ID: 429
Insert of existing embedding ID: 430
Insert of existing embedding ID: 431
Insert of existing embedding ID: 432
Insert of existing embedding ID: 433
Insert of existing embedding ID: 434
Insert of existing embedding ID: 435
Insert of existing embedding ID: 436
Insert of existing embedding ID: 437
Insert of existing embedding ID: 438
Insert of existing embedding ID: 439
Insert of existing embedding ID: 440
Insert of existing embedding ID: 441
Insert of existing embedding ID: 442
Insert of existing embedding ID: 443
Insert of existing embedding ID: 444
Insert of existing embedding ID: 445
Insert of existing embedding ID: 446
Insert of existing embedding ID: 447
Insert of existing embedding ID: 448
Insert of existing embedding ID: 449
Insert of existing embedding ID: 450
Insert of existing embedding ID: 451
Insert of existing embedding ID: 452
Insert of existing embedding ID: 453
Insert of existing embedding ID: 454
Insert of existing embedding ID: 455
Insert of existing embedding ID: 456
Insert of existing embedding ID: 457
Insert of existing embedding ID: 458
Insert of existing embedding ID: 459
Insert of existing embedding ID: 460
Insert of existing embedding ID: 461
Insert of existing embedding ID: 462
Insert of existing embedding ID: 463
Insert of existing embedding ID: 464
Insert of existing embedding ID: 465
Insert of existing embedding ID: 466
Insert of existing embedding ID: 467
Insert of existing embedding ID: 468
Insert of existing embedding ID: 469
Insert of existing embedding ID: 470
Insert of existing embedding ID: 471
Insert of existing embedding ID: 472
Insert of existing embedding ID: 473
Insert of existing embedding ID: 474
Insert of existing embedding ID: 475
Insert of existing embedding ID: 476
Insert of existing embedding ID: 477
Insert of existing embedding ID: 478
Insert of existing embedding ID: 479
Insert of existing embedding ID: 480
Insert of existing embedding ID: 481
Insert of existing embedding ID: 482
Insert of existing embedding ID: 483
Insert of existing embedding ID: 484
Insert of existing embedding ID: 485
Insert of existing embedding ID: 486
Insert of existing embedding ID: 487
Insert of existing embedding ID: 488
Insert of existing embedding ID: 489
Insert of existing embedding ID: 490
Insert of existing embedding ID: 491
Insert of existing embedding ID: 492
Insert of existing embedding ID: 493
Insert of existing embedding ID: 494
Insert of existing embedding ID: 495
Insert of existing embedding ID: 496
Insert of existing embedding ID: 497
Insert of existing embedding ID: 498
Insert of existing embedding ID: 499
Insert of existing embedding ID: 500
Insert of existing embedding ID: 501
Insert of existing embedding ID: 502
Insert of existing embedding ID: 503
Insert of existing embedding ID: 504
Insert of existing embedding ID: 505
Insert of existing embedding ID: 506
Insert of existing embedding ID: 507
Insert of existing embedding ID: 508
Insert of existing embedding ID: 509
Insert of existing embedding ID: 510
Insert of existing embedding ID: 511
Insert of existing embedding ID: 512
Insert of existing embedding ID: 513
Insert of existing embedding ID: 514
Insert of existing embedding ID: 515
Insert of existing embedding ID: 516
Insert of existing embedding ID: 517
Insert of existing embedding ID: 518
Insert of existing embedding ID: 519
Insert of existing embedding ID: 520
Insert of existing embedding ID: 521
Insert of existing embedding ID: 522
Insert of existing embedding ID: 523
Insert of existing embedding ID: 524
Insert of existing embedding ID: 525
Insert of existing embedding ID: 526
Insert of existing embedding ID: 527
Insert of existing embedding ID: 528
Insert of existing embedding ID: 529
Insert of existing embedding ID: 530
Insert of existing embedding ID: 531
Insert of existing embedding ID: 532
Insert of existing embedding ID: 533
Insert of existing embedding ID: 534
Insert of existing embedding ID: 535
Insert of existing embedding ID: 536
Insert of existing embedding ID: 537
Insert of existing embedding ID: 538
Insert of existing embedding ID: 539
Insert of existing embedding ID: 540
Insert of existing embedding ID: 541
Insert of existing embedding ID: 542
Insert of existing embedding ID: 543
Insert of existing embedding ID: 544
Insert of existing embedding ID: 545
Insert of existing embedding ID: 546
Insert of existing embedding ID: 547
Insert of existing embedding ID: 548
Insert of existing embedding ID: 549
Insert of existing embedding ID: 550
Insert of existing embedding ID: 551
Insert of existing embedding ID: 552
Insert of existing embedding ID: 553
Insert of existing embedding ID: 554
Insert of existing embedding ID: 555
Insert of existing embedding ID: 556
Insert of existing embedding ID: 557
Insert of existing embedding ID: 558
Insert of existing embedding ID: 559
Insert of existing embedding ID: 560
Insert of existing embedding ID: 561
Insert of existing embedding ID: 562
Insert of existing embedding ID: 563
Insert of existing embedding ID: 564
Insert of existing embedding ID: 565
Insert of existing embedding ID: 566
Insert of existing embedding ID: 567
Insert of existing embedding ID: 568
Insert of existing embedding ID: 569
Insert of existing embedding ID: 570
Insert of existing embedding ID: 571
Insert of existing embedding ID: 572
Insert of existing embedding ID: 573
Insert of existing embedding ID: 574
Insert of existing embedding ID: 575
Insert of existing embedding ID: 576
Insert of existing embedding ID: 577
Insert of existing embedding ID: 578
Insert of existing embedding ID: 579
Insert of existing embedding ID: 580
Insert of existing embedding ID: 581
Insert of existing embedding ID: 582
Insert of existing embedding ID: 583
Insert of existing embedding ID: 584
Insert of existing embedding ID: 585
Insert of existing embedding ID: 586
Insert of existing embedding ID: 587
Insert of existing embedding ID: 588
Insert of existing embedding ID: 589
Insert of existing embedding ID: 590
Insert of existing embedding ID: 591
Insert of existing embedding ID: 592
Insert of existing embedding ID: 593
Insert of existing embedding ID: 594
Insert of existing embedding ID: 595
Insert of existing embedding ID: 596
Insert of existing embedding ID: 597
Insert of existing embedding ID: 598
Insert of existing embedding ID: 599
Insert of existing embedding ID: 600
Insert of existing embedding ID: 601
Insert of existing embedding ID: 602
Insert of existing embedding ID: 603
Insert of existing embedding ID: 604
Insert of existing embedding ID: 605
Insert of existing embedding ID: 606
Insert of existing embedding ID: 607
Insert of existing embedding ID: 608
Insert of existing embedding ID: 609
Insert of existing embedding ID: 610
Insert of existing embedding ID: 611
Insert of existing embedding ID: 612
Insert of existing embedding ID: 613
Insert of existing embedding ID: 614
Insert of existing embedding ID: 615
Insert of existing embedding ID: 616
Insert of existing embedding ID: 617
Insert of existing embedding ID: 618
Insert of existing embedding ID: 619
Insert of existing embedding ID: 620
Insert of existing embedding ID: 621
Insert of existing embedding ID: 622
Insert of existing embedding ID: 623
Insert of existing embedding ID: 624
Insert of existing embedding ID: 625
Insert of existing embedding ID: 626
Insert of existing embedding ID: 627
Insert of existing embedding ID: 628
Insert of existing embedding ID: 629
Insert of existing embedding ID: 630
Insert of existing embedding ID: 631
Insert of existing embedding ID: 632
Insert of existing embedding ID: 633
Insert of existing embedding ID: 634
Insert of existing embedding ID: 635
Insert of existing embedding ID: 636
Insert of existing embedding ID: 637
Insert of existing embedding ID: 638
Insert of existing embedding ID: 639
Insert of existing embedding ID: 640
Insert of existing embedding ID: 641
Insert of existing embedding ID: 642
Insert of existing embedding ID: 643
Insert of existing embedding ID: 644
Insert of existing embedding ID: 645
Insert of existing embedding ID: 646
Insert of existing embedding ID: 647
Insert of existing embedding ID: 648
Insert of existing embedding ID: 649
Insert of existing embedding ID: 650
Insert of existing embedding ID: 651
Insert of existing embedding ID: 652
Insert of existing embedding ID: 653
Insert of existing embedding ID: 654
Insert of existing embedding ID: 655
Insert of existing embedding ID: 656
Insert of existing embedding ID: 657
Insert of existing embedding ID: 658
Insert of existing embedding ID: 659
Insert of existing embedding ID: 660
Insert of existing embedding ID: 661
Insert of existing embedding ID: 662
Insert of existing embedding ID: 663
Insert of existing embedding ID: 664
Insert of existing embedding ID: 665
Insert of existing embedding ID: 666
Insert of existing embedding ID: 667
Insert of existing embedding ID: 668
Insert of existing embedding ID: 669
Insert of existing embedding ID: 670
Insert of existing embedding ID: 671
Insert of existing embedding ID: 672
Insert of existing embedding ID: 673
Insert of existing embedding ID: 674
Insert of existing embedding ID: 675
Insert of existing embedding ID: 676
Insert of existing embedding ID: 677
Insert of existing embedding ID: 678
Insert of existing embedding ID: 679
Insert of existing embedding ID: 680
Insert of existing embedding ID: 681
Insert of existing embedding ID: 682
Insert of existing embedding ID: 683
Insert of existing embedding ID: 684
Insert of existing embedding ID: 685
Insert of existing embedding ID: 686
Insert of existing embedding ID: 687
Insert of existing embedding ID: 688
Insert of existing embedding ID: 689
Insert of existing embedding ID: 690
Insert of existing embedding ID: 691
Insert of existing embedding ID: 692
Insert of existing embedding ID: 693
Insert of existing embedding ID: 694
Insert of existing embedding ID: 695
Insert of existing embedding ID: 696
Insert of existing embedding ID: 697
Insert of existing embedding ID: 698
Insert of existing embedding ID: 699
Insert of existing embedding ID: 700
Insert of existing embedding ID: 701
Insert of existing embedding ID: 702
Insert of existing embedding ID: 703
Insert of existing embedding ID: 704
Insert of existing embedding ID: 705
Insert of existing embedding ID: 706
Insert of existing embedding ID: 707
Insert of existing embedding ID: 708
Insert of existing embedding ID: 709
Insert of existing embedding ID: 710
Insert of existing embedding ID: 711
Insert of existing embedding ID: 712
Insert of existing embedding ID: 713
Insert of existing embedding ID: 714
Insert of existing embedding ID: 715
Insert of existing embedding ID: 716
Insert of existing embedding ID: 717
Insert of existing embedding ID: 718
Insert of existing embedding ID: 719
Insert of existing embedding ID: 720
Insert of existing embedding ID: 721
Insert of existing embedding ID: 722
Insert of existing embedding ID: 723
Insert of existing embedding ID: 724
Insert of existing embedding ID: 725
Insert of existing embedding ID: 726
Insert of existing embedding ID: 727
Insert of existing embedding ID: 728
Insert of existing embedding ID: 729
Insert of existing embedding ID: 730
Insert of existing embedding ID: 731
Insert of existing embedding ID: 732
Insert of existing embedding ID: 733
Insert of existing embedding ID: 734
Insert of existing embedding ID: 735
Insert of existing embedding ID: 736
Insert of existing embedding ID: 737
Insert of existing embedding ID: 738
Insert of existing embedding ID: 739
Insert of existing embedding ID: 740
Insert of existing embedding ID: 741
Insert of existing embedding ID: 742
Insert of existing embedding ID: 743
Insert of existing embedding ID: 744
Insert of existing embedding ID: 745
Insert of existing embedding ID: 746
Insert of existing embedding ID: 747
Insert of existing embedding ID: 748
Insert of existing embedding ID: 749
Insert of existing embedding ID: 750
Insert of existing embedding ID: 751
Insert of existing embedding ID: 752
Insert of existing embedding ID: 753
Insert of existing embedding ID: 754
Insert of existing embedding ID: 755
Insert of existing embedding ID: 756
Insert of existing embedding ID: 757
Insert of existing embedding ID: 758
Insert of existing embedding ID: 759
Insert of existing embedding ID: 760
Insert of existing embedding ID: 761
Insert of existing embedding ID: 762
Insert of existing embedding ID: 763
Insert of existing embedding ID: 764
Insert of existing embedding ID: 765
Insert of existing embedding ID: 766
Insert of existing embedding ID: 767
Insert of existing embedding ID: 768
Insert of existing embedding ID: 769
Insert of existing embedding ID: 770
Insert of existing embedding ID: 771
Insert of existing embedding ID: 772
Insert of existing embedding ID: 773
Insert of existing embedding ID: 774
Insert of existing embedding ID: 775
Insert of existing embedding ID: 776
Insert of existing embedding ID: 777
Insert of existing embedding ID: 778
Insert of existing embedding ID: 779
Insert of existing embedding ID: 780
Insert of existing embedding ID: 781
Insert of existing embedding ID: 782
Insert of existing embedding ID: 783
Insert of existing embedding ID: 784
Insert of existing embedding ID: 785
Insert of existing embedding ID: 786
Insert of existing embedding ID: 787
Insert of existing embedding ID: 788
Insert of existing embedding ID: 789
Insert of existing embedding ID: 790
Insert of existing embedding ID: 791
Insert of existing embedding ID: 792
Insert of existing embedding ID: 793
Insert of existing embedding ID: 794
Insert of existing embedding ID: 795
Insert of existing embedding ID: 796
Insert of existing embedding ID: 797
Insert of existing embedding ID: 798
Insert of existing embedding ID: 799
Insert of existing embedding ID: 800
Insert of existing embedding ID: 801
Insert of existing embedding ID: 802
Insert of existing embedding ID: 803
Insert of existing embedding ID: 804
Insert of existing embedding ID: 805
Insert of existing embedding ID: 806
Insert of existing embedding ID: 807
Insert of existing embedding ID: 808
Insert of existing embedding ID: 809
Insert of existing embedding ID: 810
Insert of existing embedding ID: 811
Insert of existing embedding ID: 812
Insert of existing embedding ID: 813
Insert of existing embedding ID: 814
Insert of existing embedding ID: 815
Insert of existing embedding ID: 816
Insert of existing embedding ID: 817
Insert of existing embedding ID: 818
Insert of existing embedding ID: 819
Insert of existing embedding ID: 820
Insert of existing embedding ID: 821
Insert of existing embedding ID: 822
Insert of existing embedding ID: 823
Insert of existing embedding ID: 824
Insert of existing embedding ID: 825
Insert of existing embedding ID: 826
Insert of existing embedding ID: 827
Insert of existing embedding ID: 828
Insert of existing embedding ID: 829
Insert of existing embedding ID: 830
Insert of existing embedding ID: 831
Insert of existing embedding ID: 832
Insert of existing embedding ID: 833
Insert of existing embedding ID: 834
Insert of existing embedding ID: 835
Insert of existing embedding ID: 836
Insert of existing embedding ID: 837
Insert of existing embedding ID: 838
Insert of existing embedding ID: 839
Insert of existing embedding ID: 840
Insert of existing embedding ID: 841
Insert of existing embedding ID: 842
Insert of existing embedding ID: 843
Insert of existing embedding ID: 844
Insert of existing embedding ID: 845
Insert of existing embedding ID: 846
Insert of existing embedding ID: 847
Insert of existing embedding ID: 848
Insert of existing embedding ID: 849
Insert of existing embedding ID: 850
Insert of existing embedding ID: 851
Insert of existing embedding ID: 852
Insert of existing embedding ID: 853
Insert of existing embedding ID: 854
Insert of existing embedding ID: 855
Insert of existing embedding ID: 856
Insert of existing embedding ID: 857
Insert of existing embedding ID: 858
Insert of existing embedding ID: 859
Insert of existing embedding ID: 860
Insert of existing embedding ID: 861
Insert of existing embedding ID: 862
Insert of existing embedding ID: 863
Insert of existing embedding ID: 864
Insert of existing embedding ID: 865
Insert of existing embedding ID: 866
Insert of existing embedding ID: 867
Insert of existing embedding ID: 868
Insert of existing embedding ID: 869
Insert of existing embedding ID: 870
Insert of existing embedding ID: 871
Insert of existing embedding ID: 872
Insert of existing embedding ID: 873
Insert of existing embedding ID: 874
Insert of existing embedding ID: 875
Insert of existing embedding ID: 876
Insert of existing embedding ID: 877
Insert of existing embedding ID: 878
Insert of existing embedding ID: 879
Insert of existing embedding ID: 880
Insert of existing embedding ID: 881
Insert of existing embedding ID: 882
Insert of existing embedding ID: 883
Insert of existing embedding ID: 884
Insert of existing embedding ID: 885
Insert of existing embedding ID: 886
Insert of existing embedding ID: 887
Insert of existing embedding ID: 888
Insert of existing embedding ID: 889
Insert of existing embedding ID: 890
Insert of existing embedding ID: 891
Insert of existing embedding ID: 892
Insert of existing embedding ID: 893
Insert of existing embedding ID: 894
Insert of existing embedding ID: 895
Insert of existing embedding ID: 896
Insert of existing embedding ID: 897
Insert of existing embedding ID: 898
Insert of existing embedding ID: 899
Insert of existing embedding ID: 900
Insert of existing embedding ID: 901
Insert of existing embedding ID: 902
Insert of existing embedding ID: 903
Insert of existing embedding ID: 904
Insert of existing embedding ID: 905
Insert of existing embedding ID: 906
Insert of existing embedding ID: 907
Insert of existing embedding ID: 908
Insert of existing embedding ID: 909
Insert of existing embedding ID: 910
Insert of existing embedding ID: 911
Insert of existing embedding ID: 912
Insert of existing embedding ID: 913
Insert of existing embedding ID: 914
Insert of existing embedding ID: 915
Insert of existing embedding ID: 916
Insert of existing embedding ID: 917
Insert of existing embedding ID: 918
Insert of existing embedding ID: 919
Insert of existing embedding ID: 920
Insert of existing embedding ID: 921
Insert of existing embedding ID: 922
Insert of existing embedding ID: 923
Insert of existing embedding ID: 924
Insert of existing embedding ID: 925
Insert of existing embedding ID: 926
Insert of existing embedding ID: 927
Insert of existing embedding ID: 928
Insert of existing embedding ID: 929
Insert of existing embedding ID: 930
Insert of existing embedding ID: 931
Insert of existing embedding ID: 932
Insert of existing embedding ID: 933
Insert of existing embedding ID: 934
Insert of existing embedding ID: 935
Insert of existing embedding ID: 936
Insert of existing embedding ID: 937
Insert of existing embedding ID: 938
Insert of existing embedding ID: 939
Insert of existing embedding ID: 940
Insert of existing embedding ID: 941
Insert of existing embedding ID: 942
Insert of existing embedding ID: 943
Insert of existing embedding ID: 944
Insert of existing embedding ID: 945
Insert of existing embedding ID: 946
Insert of existing embedding ID: 947
Insert of existing embedding ID: 948
Insert of existing embedding ID: 949
Insert of existing embedding ID: 950
Insert of existing embedding ID: 951
Insert of existing embedding ID: 952
Insert of existing embedding ID: 953
Insert of existing embedding ID: 954
Insert of existing embedding ID: 955
Insert of existing embedding ID: 956
Insert of existing embedding ID: 957
Insert of existing embedding ID: 958
Insert of existing embedding ID: 959
Insert of existing embedding ID: 960
Insert of existing embedding ID: 961
Insert of existing embedding ID: 962
Insert of existing embedding ID: 963
Insert of existing embedding ID: 964
Insert of existing embedding ID: 965
Insert of existing embedding ID: 966
Insert of existing embedding ID: 967
Insert of existing embedding ID: 968
Insert of existing embedding ID: 969
Insert of existing embedding ID: 970
Insert of existing embedding ID: 971
Insert of existing embedding ID: 972
Insert of existing embedding ID: 973
Insert of existing embedding ID: 974
Insert of existing embedding ID: 975
Insert of existing embedding ID: 976
Insert of existing embedding ID: 977
Insert of existing embedding ID: 978
Insert of existing embedding ID: 979
Insert of existing embedding ID: 980
Insert of existing embedding ID: 981
Insert of existing embedding ID: 982
Insert of existing embedding ID: 983
Insert of existing embedding ID: 984
Insert of existing embedding ID: 985
Insert of existing embedding ID: 986
Insert of existing embedding ID: 987
Insert of existing embedding ID: 988
Insert of existing embedding ID: 989
Insert of existing embedding ID: 990
Insert of existing embedding ID: 991
Insert of existing embedding ID: 992
Insert of existing embedding ID: 993
Insert of existing embedding ID: 994
Insert of existing embedding ID: 995
Insert of existing embedding ID: 996
Insert of existing embedding ID: 997
Insert of existing embedding ID: 998
Insert of existing embedding ID: 999
Insert of existing embedding ID: 1000
Insert of existing embedding ID: 1001
Insert of existing embedding ID: 1002
Insert of existing embedding ID: 1003
Insert of existing embedding ID: 1004
Insert of existing embedding ID: 1005
Insert of existing embedding ID: 1006
Insert of existing embedding ID: 1007
Insert of existing embedding ID: 1008
Insert of existing embedding ID: 1009
Insert of existing embedding ID: 1010
Insert of existing embedding ID: 1011
Insert of existing embedding ID: 1012
Insert of existing embedding ID: 1013
Insert of existing embedding ID: 1014
Insert of existing embedding ID: 1015
Insert of existing embedding ID: 1016
Insert of existing embedding ID: 1017
Insert of existing embedding ID: 1018
Insert of existing embedding ID: 1019
Insert of existing embedding ID: 1020
Insert of existing embedding ID: 1021
Insert of existing embedding ID: 1022
Insert of existing embedding ID: 1023
Insert of existing embedding ID: 1024
Insert of existing embedding ID: 1025
Insert of existing embedding ID: 1026
Insert of existing embedding ID: 1027
Insert of existing embedding ID: 1028
Insert of existing embedding ID: 1029
Insert of existing embedding ID: 1030
Insert of existing embedding ID: 1031
Insert of existing embedding ID: 1032
Insert of existing embedding ID: 1033
Insert of existing embedding ID: 1034
Insert of existing embedding ID: 1035
Insert of existing embedding ID: 1036
Insert of existing embedding ID: 1037
Insert of existing embedding ID: 1038
Insert of existing embedding ID: 1039
Insert of existing embedding ID: 1040
Insert of existing embedding ID: 1041
Insert of existing embedding ID: 1042
Insert of existing embedding ID: 1043
Insert of existing embedding ID: 1044
Insert of existing embedding ID: 1045
Insert of existing embedding ID: 1046
Insert of existing embedding ID: 1047
Insert of existing embedding ID: 1048
Insert of existing embedding ID: 1049
Insert of existing embedding ID: 1050
Insert of existing embedding ID: 1051
Insert of existing embedding ID: 1052
Insert of existing embedding ID: 1053
Insert of existing embedding ID: 1054
Insert of existing embedding ID: 1055
Insert of existing embedding ID: 1056
Insert of existing embedding ID: 1057
Insert of existing embedding ID: 1058
Insert of existing embedding ID: 1059
Insert of existing embedding ID: 1060
Insert of existing embedding ID: 1061
Insert of existing embedding ID: 1062
Insert of existing embedding ID: 1063
Insert of existing embedding ID: 1064
Insert of existing embedding ID: 1065
Insert of existing embedding ID: 1066
Insert of existing embedding ID: 1067
Insert of existing embedding ID: 1068
Insert of existing embedding ID: 1069
Insert of existing embedding ID: 1070
Insert of existing embedding ID: 1071
Insert of existing embedding ID: 1072
Insert of existing embedding ID: 1073
Insert of existing embedding ID: 1074
Insert of existing embedding ID: 1075
Insert of existing embedding ID: 1076
Insert of existing embedding ID: 1077
Insert of existing embedding ID: 1078
Insert of existing embedding ID: 1079
Insert of existing embedding ID: 1080
Insert of existing embedding ID: 1081
Insert of existing embedding ID: 1082
Insert of existing embedding ID: 1083
Insert of existing embedding ID: 1084
Insert of existing embedding ID: 1085
Insert of existing embedding ID: 1086
Insert of existing embedding ID: 1087
Insert of existing embedding ID: 1088
Insert of existing embedding ID: 1089
Insert of existing embedding ID: 1090
Insert of existing embedding ID: 1091
Insert of existing embedding ID: 1092
Insert of existing embedding ID: 1093
Insert of existing embedding ID: 1094
Insert of existing embedding ID: 1095
Insert of existing embedding ID: 1096
Insert of existing embedding ID: 1097
Insert of existing embedding ID: 1098
Insert of existing embedding ID: 1099
Insert of existing embedding ID: 1100
Insert of existing embedding ID: 1101
Insert of existing embedding ID: 1102
Insert of existing embedding ID: 1103
Insert of existing embedding ID: 1104
Insert of existing embedding ID: 1105
Insert of existing embedding ID: 1106
Insert of existing embedding ID: 1107
Insert of existing embedding ID: 1108
Insert of existing embedding ID: 1109
Insert of existing embedding ID: 1110
Insert of existing embedding ID: 1111
Insert of existing embedding ID: 1112
Insert of existing embedding ID: 1113
Insert of existing embedding ID: 1114
Insert of existing embedding ID: 1115
Insert of existing embedding ID: 1116
Insert of existing embedding ID: 1117
Insert of existing embedding ID: 1118
Insert of existing embedding ID: 1119
Insert of existing embedding ID: 1120
Insert of existing embedding ID: 1121
Insert of existing embedding ID: 1122
Insert of existing embedding ID: 1123
Insert of existing embedding ID: 1124
Insert of existing embedding ID: 1125
Insert of existing embedding ID: 1126
Insert of existing embedding ID: 1127
Insert of existing embedding ID: 1128
Insert of existing embedding ID: 1129
Insert of existing embedding ID: 1130
Insert of existing embedding ID: 1131
Insert of existing embedding ID: 1132
Insert of existing embedding ID: 1133
Insert of existing embedding ID: 1134
Insert of existing embedding ID: 1135
Insert of existing embedding ID: 1136
Insert of existing embedding ID: 1137
Insert of existing embedding ID: 1138
Insert of existing embedding ID: 1139
Insert of existing embedding ID: 1140
Insert of existing embedding ID: 1141
Insert of existing embedding ID: 1142
Insert of existing embedding ID: 1143
Insert of existing embedding ID: 1144
Insert of existing embedding ID: 1145
Insert of existing embedding ID: 1146
Insert of existing embedding ID: 1147
Insert of existing embedding ID: 1148
Insert of existing embedding ID: 1149
Insert of existing embedding ID: 1150
Insert of existing embedding ID: 1151
Insert of existing embedding ID: 1152
Insert of existing embedding ID: 1153
Insert of existing embedding ID: 1154
Insert of existing embedding ID: 1155
Insert of existing embedding ID: 1156
Insert of existing embedding ID: 1157
Insert of existing embedding ID: 1158
Insert of existing embedding ID: 1159
Insert of existing embedding ID: 1160
Insert of existing embedding ID: 1161
Insert of existing embedding ID: 1162
Insert of existing embedding ID: 1163
Insert of existing embedding ID: 1164
Insert of existing embedding ID: 1165
Insert of existing embedding ID: 1166
Insert of existing embedding ID: 1167
Insert of existing embedding ID: 1168
Insert of existing embedding ID: 1169
Insert of existing embedding ID: 1170
Insert of existing embedding ID: 1171
Insert of existing embedding ID: 1172
Insert of existing embedding ID: 1173
Insert of existing embedding ID: 1174
Insert of existing embedding ID: 1175
Insert of existing embedding ID: 1176
Insert of existing embedding ID: 1177
Insert of existing embedding ID: 1178
Insert of existing embedding ID: 1179
Insert of existing embedding ID: 1180
Insert of existing embedding ID: 1181
Insert of existing embedding ID: 1182
Insert of existing embedding ID: 1183
Insert of existing embedding ID: 1184
Insert of existing embedding ID: 1185
Insert of existing embedding ID: 1186
Insert of existing embedding ID: 1187
Insert of existing embedding ID: 1188
Insert of existing embedding ID: 1189
Insert of existing embedding ID: 1190
Insert of existing embedding ID: 1191
Insert of existing embedding ID: 1192
Insert of existing embedding ID: 1193
Insert of existing embedding ID: 1194
Insert of existing embedding ID: 1195
Insert of existing embedding ID: 1196
Insert of existing embedding ID: 1197
Insert of existing embedding ID: 1198
Insert of existing embedding ID: 1199
Insert of existing embedding ID: 1200
Insert of existing embedding ID: 1201
Insert of existing embedding ID: 1202
Insert of existing embedding ID: 1203
Insert of existing embedding ID: 1204
Insert of existing embedding ID: 1205
Insert of existing embedding ID: 1206
Insert of existing embedding ID: 1207
Insert of existing embedding ID: 1208
Insert of existing embedding ID: 1209
Insert of existing embedding ID: 1210
Insert of existing embedding ID: 1211
Insert of existing embedding ID: 1212
Insert of existing embedding ID: 1213
Insert of existing embedding ID: 1214
Insert of existing embedding ID: 1215
Insert of existing embedding ID: 1216
Insert of existing embedding ID: 1217
Insert of existing embedding ID: 1218
Insert of existing embedding ID: 1219
Insert of existing embedding ID: 1220
Insert of existing embedding ID: 1221
Insert of existing embedding ID: 1222
Insert of existing embedding ID: 1223
Insert of existing embedding ID: 1224
Insert of existing embedding ID: 1225
Insert of existing embedding ID: 1226
Insert of existing embedding ID: 1227
Insert of existing embedding ID: 1228
Insert of existing embedding ID: 1229
Insert of existing embedding ID: 1230
Insert of existing embedding ID: 1231
Insert of existing embedding ID: 1232
Insert of existing embedding ID: 1233
Insert of existing embedding ID: 1234
Insert of existing embedding ID: 1235
Insert of existing embedding ID: 1236
Insert of existing embedding ID: 1237
Insert of existing embedding ID: 1238
Insert of existing embedding ID: 1239
Insert of existing embedding ID: 1240
Insert of existing embedding ID: 1241
Insert of existing embedding ID: 1242
Insert of existing embedding ID: 1243
Insert of existing embedding ID: 1244
Insert of existing embedding ID: 1245
Insert of existing embedding ID: 1246
Insert of existing embedding ID: 1247
Insert of existing embedding ID: 1248
Insert of existing embedding ID: 1249
Insert of existing embedding ID: 1250
Insert of existing embedding ID: 1251
Insert of existing embedding ID: 1252
Insert of existing embedding ID: 1253
Insert of existing embedding ID: 1254
Insert of existing embedding ID: 1255
Insert of existing embedding ID: 1256
Insert of existing embedding ID: 1257
Insert of existing embedding ID: 1258
Insert of existing embedding ID: 1259
Insert of existing embedding ID: 1260
Insert of existing embedding ID: 1261
Insert of existing embedding ID: 1262
Insert of existing embedding ID: 1263
Insert of existing embedding ID: 1264
Insert of existing embedding ID: 1265
Insert of existing embedding ID: 1266
Insert of existing embedding ID: 1267
Insert of existing embedding ID: 1268
Insert of existing embedding ID: 1269
Insert of existing embedding ID: 1270
Insert of existing embedding ID: 1271
Insert of existing embedding ID: 1272
Insert of existing embedding ID: 1273
Insert of existing embedding ID: 1274
Insert of existing embedding ID: 1275
Insert of existing embedding ID: 1276
Insert of existing embedding ID: 1277
Insert of existing embedding ID: 1278
Insert of existing embedding ID: 1279
Insert of existing embedding ID: 1280
Insert of existing embedding ID: 1281
Insert of existing embedding ID: 1282
Insert of existing embedding ID: 1283
Insert of existing embedding ID: 1284
Insert of existing embedding ID: 1285
Insert of existing embedding ID: 1286
Insert of existing embedding ID: 1287
Insert of existing embedding ID: 1288
Insert of existing embedding ID: 1289
Insert of existing embedding ID: 1290
Insert of existing embedding ID: 1291
Insert of existing embedding ID: 1292
Insert of existing embedding ID: 1293
Insert of existing embedding ID: 1294
Insert of existing embedding ID: 1295
Insert of existing embedding ID: 1296
Insert of existing embedding ID: 1297
Insert of existing embedding ID: 1298
Insert of existing embedding ID: 1299
Insert of existing embedding ID: 1300
Insert of existing embedding ID: 1301
Insert of existing embedding ID: 1302
Insert of existing embedding ID: 1303
Insert of existing embedding ID: 1304
Insert of existing embedding ID: 1305
Insert of existing embedding ID: 1306
Insert of existing embedding ID: 1307
Insert of existing embedding ID: 1308
Insert of existing embedding ID: 1309
Insert of existing embedding ID: 1310
Insert of existing embedding ID: 1311
Insert of existing embedding ID: 1312
Insert of existing embedding ID: 1313
Insert of existing embedding ID: 1314
Insert of existing embedding ID: 1315
Insert of existing embedding ID: 1316
Insert of existing embedding ID: 1317
Insert of existing embedding ID: 1318
Insert of existing embedding ID: 1319
Insert of existing embedding ID: 1320
Insert of existing embedding ID: 1321
Insert of existing embedding ID: 1322
Insert of existing embedding ID: 1323
Insert of existing embedding ID: 1324
Insert of existing embedding ID: 1325
Insert of existing embedding ID: 1326
Insert of existing embedding ID: 1327
Insert of existing embedding ID: 1328
Insert of existing embedding ID: 1329
Insert of existing embedding ID: 1330
Insert of existing embedding ID: 1331
Insert of existing embedding ID: 1332
Insert of existing embedding ID: 1333
Insert of existing embedding ID: 1334
Insert of existing embedding ID: 1335
Insert of existing embedding ID: 1336
Insert of existing embedding ID: 1337
Insert of existing embedding ID: 1338
Insert of existing embedding ID: 1339
Insert of existing embedding ID: 1340
Insert of existing embedding ID: 1341
Insert of existing embedding ID: 1342
Insert of existing embedding ID: 1343
Insert of existing embedding ID: 1344
Insert of existing embedding ID: 1345
Insert of existing embedding ID: 1346
Insert of existing embedding ID: 1347
Insert of existing embedding ID: 1348
Insert of existing embedding ID: 1349
Insert of existing embedding ID: 1350
Insert of existing embedding ID: 1351
Insert of existing embedding ID: 1352
Insert of existing embedding ID: 1353
Insert of existing embedding ID: 1354
Insert of existing embedding ID: 1355
Insert of existing embedding ID: 1356
Insert of existing embedding ID: 1357
Insert of existing embedding ID: 1358
Insert of existing embedding ID: 1359
Insert of existing embedding ID: 1360
Insert of existing embedding ID: 1361
Insert of existing embedding ID: 1362
Insert of existing embedding ID: 1363
Insert of existing embedding ID: 1364
Insert of existing embedding ID: 1365
Insert of existing embedding ID: 1366
Insert of existing embedding ID: 1367
Insert of existing embedding ID: 1368
Insert of existing embedding ID: 1369
Insert of existing embedding ID: 1370
Insert of existing embedding ID: 1371
Insert of existing embedding ID: 1372
Insert of existing embedding ID: 1373
Insert of existing embedding ID: 1374
Insert of existing embedding ID: 1375
Insert of existing embedding ID: 1376
Insert of existing embedding ID: 1377
Insert of existing embedding ID: 1378
Insert of existing embedding ID: 1379
Insert of existing embedding ID: 1380
Insert of existing embedding ID: 1381
Insert of existing embedding ID: 1382
Insert of existing embedding ID: 1383
Insert of existing embedding ID: 1384
Insert of existing embedding ID: 1385
Insert of existing embedding ID: 1386
Insert of existing embedding ID: 1387
Insert of existing embedding ID: 1388
Insert of existing embedding ID: 1389
Insert of existing embedding ID: 1390
Insert of existing embedding ID: 1391
Insert of existing embedding ID: 1392
Insert of existing embedding ID: 1393
Insert of existing embedding ID: 1394
Insert of existing embedding ID: 1395
Insert of existing embedding ID: 1396
Insert of existing embedding ID: 1397
Insert of existing embedding ID: 1398
Insert of existing embedding ID: 1399
Insert of existing embedding ID: 1400
Insert of existing embedding ID: 1401
Insert of existing embedding ID: 1402
Insert of existing embedding ID: 1403
Insert of existing embedding ID: 1404
Insert of existing embedding ID: 1405
Insert of existing embedding ID: 1406
Insert of existing embedding ID: 1407
Insert of existing embedding ID: 1408
Insert of existing embedding ID: 1409
Insert of existing embedding ID: 1410
Insert of existing embedding ID: 1411
Insert of existing embedding ID: 1412
Insert of existing embedding ID: 1413
Insert of existing embedding ID: 1414
Insert of existing embedding ID: 1415
Insert of existing embedding ID: 1416
Insert of existing embedding ID: 1417
Insert of existing embedding ID: 1418
Insert of existing embedding ID: 1419
Insert of existing embedding ID: 1420
Insert of existing embedding ID: 1421
Insert of existing embedding ID: 1422
Insert of existing embedding ID: 1423
Insert of existing embedding ID: 1424
Insert of existing embedding ID: 1425
Insert of existing embedding ID: 1426
Insert of existing embedding ID: 1427
Insert of existing embedding ID: 1428
Insert of existing embedding ID: 1429
Insert of existing embedding ID: 1430
Insert of existing embedding ID: 1431
Insert of existing embedding ID: 1432
Insert of existing embedding ID: 1433
Insert of existing embedding ID: 1434
Insert of existing embedding ID: 1435
Insert of existing embedding ID: 1436
Insert of existing embedding ID: 1437
Insert of existing embedding ID: 1438
Insert of existing embedding ID: 1439
Insert of existing embedding ID: 1440
Insert of existing embedding ID: 1441
Insert of existing embedding ID: 1442
Insert of existing embedding ID: 1443
Insert of existing embedding ID: 1444
Insert of existing embedding ID: 1445
Insert of existing embedding ID: 1446
Insert of existing embedding ID: 1447
Insert of existing embedding ID: 1448
Insert of existing embedding ID: 1449
Insert of existing embedding ID: 1450
Insert of existing embedding ID: 1451
Insert of existing embedding ID: 1452
Insert of existing embedding ID: 1453
Insert of existing embedding ID: 1454
Insert of existing embedding ID: 1455
Insert of existing embedding ID: 1456
Insert of existing embedding ID: 1457
Insert of existing embedding ID: 1458
Insert of existing embedding ID: 1459
Insert of existing embedding ID: 1460
Insert of existing embedding ID: 1461
Insert of existing embedding ID: 1462
Insert of existing embedding ID: 1463
Insert of existing embedding ID: 1464
Insert of existing embedding ID: 1465
Insert of existing embedding ID: 1466
Insert of existing embedding ID: 1467
Insert of existing embedding ID: 1468
Insert of existing embedding ID: 1469
Insert of existing embedding ID: 1470
Insert of existing embedding ID: 1471
Insert of existing embedding ID: 1472
Insert of existing embedding ID: 1473
Insert of existing embedding ID: 1474
Insert of existing embedding ID: 1475
Insert of existing embedding ID: 1476
Insert of existing embedding ID: 1477
Insert of existing embedding ID: 1478
Insert of existing embedding ID: 1479
Insert of existing embedding ID: 1480
Insert of existing embedding ID: 1481
Insert of existing embedding ID: 1482
Insert of existing embedding ID: 1483
Insert of existing embedding ID: 1484
Insert of existing embedding ID: 1485
Insert of existing embedding ID: 1486
Insert of existing embedding ID: 1487
Insert of existing embedding ID: 1488
Insert of existing embedding ID: 1489
Insert of existing embedding ID: 1490
Insert of existing embedding ID: 1491
Insert of existing embedding ID: 1492
Insert of existing embedding ID: 1493
Insert of existing embedding ID: 1494
Insert of existing embedding ID: 1495
Insert of existing embedding ID: 1496
Insert of existing embedding ID: 1497
Insert of existing embedding ID: 1498
Insert of existing embedding ID: 1499
Insert of existing embedding ID: 1500
Insert of existing embedding ID: 1501
Insert of existing embedding ID: 1502
Insert of existing embedding ID: 1503
Insert of existing embedding ID: 1504
Insert of existing embedding ID: 1505
Insert of existing embedding ID: 1506
Insert of existing embedding ID: 1507
Insert of existing embedding ID: 1508
Insert of existing embedding ID: 1509
Insert of existing embedding ID: 1510
Insert of existing embedding ID: 1511
Insert of existing embedding ID: 1512
Insert of existing embedding ID: 1513
Insert of existing embedding ID: 1514
Insert of existing embedding ID: 1515
Insert of existing embedding ID: 1516
Insert of existing embedding ID: 1517
Insert of existing embedding ID: 1518
Insert of existing embedding ID: 1519
Insert of existing embedding ID: 1520
Insert of existing embedding ID: 1521
Insert of existing embedding ID: 1522
Insert of existing embedding ID: 1523
Insert of existing embedding ID: 1524
Insert of existing embedding ID: 1525
Insert of existing embedding ID: 1526
Insert of existing embedding ID: 1527
Insert of existing embedding ID: 1528
Insert of existing embedding ID: 1529
Insert of existing embedding ID: 1530
Insert of existing embedding ID: 1531
Insert of existing embedding ID: 1532
Insert of existing embedding ID: 1533
Insert of existing embedding ID: 1534
Insert of existing embedding ID: 1535
Insert of existing embedding ID: 1536
Insert of existing embedding ID: 1537
Insert of existing embedding ID: 1538
Insert of existing embedding ID: 1539
Insert of existing embedding ID: 1540
Insert of existing embedding ID: 1541
Insert of existing embedding ID: 1542
Insert of existing embedding ID: 1543
Insert of existing embedding ID: 1544
Insert of existing embedding ID: 1545
Insert of existing embedding ID: 1546
Insert of existing embedding ID: 1547
Insert of existing embedding ID: 1548
Insert of existing embedding ID: 1549
Insert of existing embedding ID: 1550
Insert of existing embedding ID: 1551
Insert of existing embedding ID: 1552
Insert of existing embedding ID: 1553
Insert of existing embedding ID: 1554
Insert of existing embedding ID: 1555
Insert of existing embedding ID: 1556
Insert of existing embedding ID: 1557
Insert of existing embedding ID: 1558
Insert of existing embedding ID: 1559
Insert of existing embedding ID: 1560
Insert of existing embedding ID: 1561
Insert of existing embedding ID: 1562
Insert of existing embedding ID: 1563
Insert of existing embedding ID: 1564
Insert of existing embedding ID: 1565
Insert of existing embedding ID: 1566
Insert of existing embedding ID: 1567
Insert of existing embedding ID: 1568
Insert of existing embedding ID: 1569
Insert of existing embedding ID: 1570
Insert of existing embedding ID: 1571
Insert of existing embedding ID: 1572
Insert of existing embedding ID: 1573
Insert of existing embedding ID: 1574
Insert of existing embedding ID: 1575
Insert of existing embedding ID: 1576
Insert of existing embedding ID: 1577
Insert of existing embedding ID: 1578
Insert of existing embedding ID: 1579
Insert of existing embedding ID: 1580
Insert of existing embedding ID: 1581
Insert of existing embedding ID: 1582
Insert of existing embedding ID: 1583
Insert of existing embedding ID: 1584
Insert of existing embedding ID: 1585
Insert of existing embedding ID: 1586
Insert of existing embedding ID: 1587
Insert of existing embedding ID: 1588
Insert of existing embedding ID: 1589
Insert of existing embedding ID: 1590
Insert of existing embedding ID: 1591
Insert of existing embedding ID: 1592
Insert of existing embedding ID: 1593
Insert of existing embedding ID: 1594
Insert of existing embedding ID: 1595
Insert of existing embedding ID: 1596
Insert of existing embedding ID: 1597
Insert of existing embedding ID: 1598
Insert of existing embedding ID: 1599
Insert of existing embedding ID: 1600
Insert of existing embedding ID: 1601
Insert of existing embedding ID: 1602
Insert of existing embedding ID: 1603
Insert of existing embedding ID: 1604
Insert of existing embedding ID: 1605
Insert of existing embedding ID: 1606
Insert of existing embedding ID: 1607
Insert of existing embedding ID: 1608
Insert of existing embedding ID: 1609
Insert of existing embedding ID: 1610
Insert of existing embedding ID: 1611
Insert of existing embedding ID: 1612
Insert of existing embedding ID: 1613
Insert of existing embedding ID: 1614
Insert of existing embedding ID: 1615
Insert of existing embedding ID: 1616
Insert of existing embedding ID: 1617
Insert of existing embedding ID: 1618
Insert of existing embedding ID: 1619
Insert of existing embedding ID: 1620
Insert of existing embedding ID: 1621
Insert of existing embedding ID: 1622
Insert of existing embedding ID: 1623
Insert of existing embedding ID: 1624
Insert of existing embedding ID: 1625
Insert of existing embedding ID: 1626
Insert of existing embedding ID: 1627
Insert of existing embedding ID: 1628
Insert of existing embedding ID: 1629
Insert of existing embedding ID: 1630
Insert of existing embedding ID: 1631
Insert of existing embedding ID: 1632
Insert of existing embedding ID: 1633
Insert of existing embedding ID: 1634
Insert of existing embedding ID: 1635
Insert of existing embedding ID: 1636
Insert of existing embedding ID: 1637
Insert of existing embedding ID: 1638
Insert of existing embedding ID: 1639
Insert of existing embedding ID: 1640
Insert of existing embedding ID: 1641
Insert of existing embedding ID: 1642
Insert of existing embedding ID: 1643
Insert of existing embedding ID: 1644
Insert of existing embedding ID: 1645
Insert of existing embedding ID: 1646
Insert of existing embedding ID: 1647
Insert of existing embedding ID: 1648
Insert of existing embedding ID: 1649
Insert of existing embedding ID: 1650
Insert of existing embedding ID: 1651
Insert of existing embedding ID: 1652
Insert of existing embedding ID: 1653
Insert of existing embedding ID: 1654
Insert of existing embedding ID: 1655
Insert of existing embedding ID: 1656
Insert of existing embedding ID: 1657
Insert of existing embedding ID: 1658
Insert of existing embedding ID: 1659
Insert of existing embedding ID: 1660
Insert of existing embedding ID: 1661
Insert of existing embedding ID: 1662
Insert of existing embedding ID: 1663
Insert of existing embedding ID: 1664
Insert of existing embedding ID: 1665
Insert of existing embedding ID: 1666
Insert of existing embedding ID: 1667
Insert of existing embedding ID: 1668
Insert of existing embedding ID: 1669
Insert of existing embedding ID: 1670
Insert of existing embedding ID: 1671
Insert of existing embedding ID: 1672
Insert of existing embedding ID: 1673
Insert of existing embedding ID: 1674
Insert of existing embedding ID: 1675
Insert of existing embedding ID: 1676
Insert of existing embedding ID: 1677
Insert of existing embedding ID: 1678
Insert of existing embedding ID: 1679
Insert of existing embedding ID: 1680
Insert of existing embedding ID: 1681
Insert of existing embedding ID: 1682
Insert of existing embedding ID: 1683
Insert of existing embedding ID: 1684
Insert of existing embedding ID: 1685
Insert of existing embedding ID: 1686
Insert of existing embedding ID: 1687
Insert of existing embedding ID: 1688
Insert of existing embedding ID: 1689
Insert of existing embedding ID: 1690
Insert of existing embedding ID: 1691
Insert of existing embedding ID: 1692
Insert of existing embedding ID: 1693
Insert of existing embedding ID: 1694
Insert of existing embedding ID: 1695
Insert of existing embedding ID: 1696
Insert of existing embedding ID: 1697
Insert of existing embedding ID: 1698
Insert of existing embedding ID: 1699
Insert of existing embedding ID: 1700
Insert of existing embedding ID: 1701
Insert of existing embedding ID: 1702
Insert of existing embedding ID: 1703
Insert of existing embedding ID: 1704
Insert of existing embedding ID: 1705
Insert of existing embedding ID: 1706
Insert of existing embedding ID: 1707
Insert of existing embedding ID: 1708
Insert of existing embedding ID: 1709
Insert of existing embedding ID: 1710
Insert of existing embedding ID: 1711
Insert of existing embedding ID: 1712
Insert of existing embedding ID: 1713
Insert of existing embedding ID: 1714
Insert of existing embedding ID: 1715
Insert of existing embedding ID: 1716
Add of existing embedding ID: 1499
Add of existing embedding ID: 1500
Add of existing embedding ID: 1501
Add of existing embedding ID: 1502
Add of existing embedding ID: 1503
Add of existing embedding ID: 1504
Add of existing embedding ID: 1505
Add of existing embedding ID: 1506
Add of existing embedding ID: 1507
Add of existing embedding ID: 1508
Add of existing embedding ID: 1509
Add of existing embedding ID: 1510
Add of existing embedding ID: 1511
Add of existing embedding ID: 1512
Add of existing embedding ID: 1513
Add of existing embedding ID: 1514
Add of existing embedding ID: 1515
Add of existing embedding ID: 1516
Add of existing embedding ID: 1517
Add of existing embedding ID: 1518
Add of existing embedding ID: 1519
Add of existing embedding ID: 1520
Add of existing embedding ID: 1521
Add of existing embedding ID: 1522
Add of existing embedding ID: 1523
Add of existing embedding ID: 1524
Add of existing embedding ID: 1525
Add of existing embedding ID: 1526
Add of existing embedding ID: 1527
Add of existing embedding ID: 1528
Add of existing embedding ID: 1529
Add of existing embedding ID: 1530
Add of existing embedding ID: 1531
Add of existing embedding ID: 1532
Add of existing embedding ID: 1533
Add of existing embedding ID: 1534
Add of existing embedding ID: 1535
Add of existing embedding ID: 1536
Add of existing embedding ID: 1537
Add of existing embedding ID: 1538
Add of existing embedding ID: 1539
Add of existing embedding ID: 1540
Add of existing embedding ID: 1541
Add of existing embedding ID: 1542
Add of existing embedding ID: 1543
Add of existing embedding ID: 1544
Add of existing embedding ID: 1545
Add of existing embedding ID: 1546
Add of existing embedding ID: 1547
Add of existing embedding ID: 1548
Add of existing embedding ID: 1549
Add of existing embedding ID: 1550
Add of existing embedding ID: 1551
Add of existing embedding ID: 1552
Add of existing embedding ID: 1553
Add of existing embedding ID: 1554
Add of existing embedding ID: 1555
Add of existing embedding ID: 1556
Add of existing embedding ID: 1557
Add of existing embedding ID: 1558
Add of existing embedding ID: 1559
Add of existing embedding ID: 1560
Add of existing embedding ID: 1561
Add of existing embedding ID: 1562
Add of existing embedding ID: 1563
Add of existing embedding ID: 1564
Add of existing embedding ID: 1565
Add of existing embedding ID: 1566
Add of existing embedding ID: 1567
Add of existing embedding ID: 1568
Add of existing embedding ID: 1569
Add of existing embedding ID: 1570
Add of existing embedding ID: 1571
Add of existing embedding ID: 1572
Add of existing embedding ID: 1573
Add of existing embedding ID: 1574
Add of existing embedding ID: 1575
Add of existing embedding ID: 1576
Add of existing embedding ID: 1577
Add of existing embedding ID: 1578
Add of existing embedding ID: 1579
Add of existing embedding ID: 1580
Add of existing embedding ID: 1581
Add of existing embedding ID: 1582
Add of existing embedding ID: 1583
Add of existing embedding ID: 1584
Add of existing embedding ID: 1585
Add of existing embedding ID: 1586
Add of existing embedding ID: 1587
Add of existing embedding ID: 1588
Add of existing embedding ID: 1589
Add of existing embedding ID: 1590
Add of existing embedding ID: 1591
Add of existing embedding ID: 1592
Add of existing embedding ID: 1593
Add of existing embedding ID: 1594
Add of existing embedding ID: 1595
Add of existing embedding ID: 1596
Add of existing embedding ID: 1597
Add of existing embedding ID: 1598
Add of existing embedding ID: 1599
Add of existing embedding ID: 1600
Add of existing embedding ID: 1601
Add of existing embedding ID: 1602
Add of existing embedding ID: 1603
Add of existing embedding ID: 1604
Add of existing embedding ID: 1605
Add of existing embedding ID: 1606
Add of existing embedding ID: 1607
Add of existing embedding ID: 1608
Add of existing embedding ID: 1609
Add of existing embedding ID: 1610
Add of existing embedding ID: 1611
Add of existing embedding ID: 1612
Add of existing embedding ID: 1613
Add of existing embedding ID: 1614
Add of existing embedding ID: 1615
Add of existing embedding ID: 1616
Add of existing embedding ID: 1617
Add of existing embedding ID: 1618
Add of existing embedding ID: 1619
Add of existing embedding ID: 1620
Add of existing embedding ID: 1621
Add of existing embedding ID: 1622
Add of existing embedding ID: 1623
Add of existing embedding ID: 1624
Add of existing embedding ID: 1625
Add of existing embedding ID: 1626
Add of existing embedding ID: 1627
Add of existing embedding ID: 1628
Add of existing embedding ID: 1629
Add of existing embedding ID: 1630
Add of existing embedding ID: 1631
Add of existing embedding ID: 1632
Add of existing embedding ID: 1633
Add of existing embedding ID: 1634
Add of existing embedding ID: 1635
Add of existing embedding ID: 1636
Add of existing embedding ID: 1637
Add of existing embedding ID: 1638
Add of existing embedding ID: 1639
Add of existing embedding ID: 1640
Add of existing embedding ID: 1641
Add of existing embedding ID: 1642
Add of existing embedding ID: 1643
Add of existing embedding ID: 1644
Add of existing embedding ID: 1645
Add of existing embedding ID: 1646
Add of existing embedding ID: 1647
Add of existing embedding ID: 1648
Add of existing embedding ID: 1649
Add of existing embedding ID: 1650
Add of existing embedding ID: 1651
Add of existing embedding ID: 1652
Add of existing embedding ID: 1653
Add of existing embedding ID: 1654
Add of existing embedding ID: 1655
Add of existing embedding ID: 1656
Add of existing embedding ID: 1657
Add of existing embedding ID: 1658
Add of existing embedding ID: 1659
Add of existing embedding ID: 1660
Add of existing embedding ID: 1661
Add of existing embedding ID: 1662
Add of existing embedding ID: 1663
Add of existing embedding ID: 1664
Add of existing embedding ID: 1665
Add of existing embedding ID: 1666
Add of existing embedding ID: 1667
Add of existing embedding ID: 1668
Add of existing embedding ID: 1669
Add of existing embedding ID: 1670
Add of existing embedding ID: 1671
Add of existing embedding ID: 1672
Add of existing embedding ID: 1673
Add of existing embedding ID: 1674
Add of existing embedding ID: 1675
Add of existing embedding ID: 1676
Add of existing embedding ID: 1677
Add of existing embedding ID: 1678
Add of existing embedding ID: 1679
Add of existing embedding ID: 1680
Add of existing embedding ID: 1681
Add of existing embedding ID: 1682
Add of existing embedding ID: 1683
Add of existing embedding ID: 1684
Add of existing embedding ID: 1685
Add of existing embedding ID: 1686
Add of existing embedding ID: 1687
Add of existing embedding ID: 1688
Add of existing embedding ID: 1689
Add of existing embedding ID: 1690
Add of existing embedding ID: 1691
Add of existing embedding ID: 1692
Add of existing embedding ID: 1693
Add of existing embedding ID: 1694
Add of existing embedding ID: 1695
Add of existing embedding ID: 1696
Add of existing embedding ID: 1697
Add of existing embedding ID: 1698
Add of existing embedding ID: 1699
Add of existing embedding ID: 1700
Add of existing embedding ID: 1701
Add of existing embedding ID: 1702
Add of existing embedding ID: 1703
Add of existing embedding ID: 1704
Add of existing embedding ID: 1705
Add of existing embedding ID: 1706
Add of existing embedding ID: 1707
Add of existing embedding ID: 1708
Add of existing embedding ID: 1709
Add of existing embedding ID: 1710
Add of existing embedding ID: 1711
Add of existing embedding ID: 1712
Add of existing embedding ID: 1713
Add of existing embedding ID: 1714
Add of existing embedding ID: 1715
Add of existing embedding ID: 1716
Added batch 1 to ChromaDB. Time taken: 296.45 seconds.
Total of 50 documents out of 5164 documents.
Insert of existing embedding ID: 1717
Insert of existing embedding ID: 1718
Insert of existing embedding ID: 1719
Insert of existing embedding ID: 1720
Insert of existing embedding ID: 1721
Insert of existing embedding ID: 1722
Insert of existing embedding ID: 1723
Insert of existing embedding ID: 1724
Insert of existing embedding ID: 1725
Insert of existing embedding ID: 1726
Insert of existing embedding ID: 1727
Insert of existing embedding ID: 1728
Insert of existing embedding ID: 1729
Insert of existing embedding ID: 1730
Insert of existing embedding ID: 1731
Insert of existing embedding ID: 1732
Insert of existing embedding ID: 1733
Insert of existing embedding ID: 1734
Insert of existing embedding ID: 1735
Insert of existing embedding ID: 1736
Insert of existing embedding ID: 1737
Insert of existing embedding ID: 1738
Insert of existing embedding ID: 1739
Insert of existing embedding ID: 1740
Insert of existing embedding ID: 1741
Insert of existing embedding ID: 1742
Insert of existing embedding ID: 1743
Insert of existing embedding ID: 1744
Insert of existing embedding ID: 1745
Insert of existing embedding ID: 1746
Insert of existing embedding ID: 1747
Insert of existing embedding ID: 1748
Insert of existing embedding ID: 1749
Insert of existing embedding ID: 1750
Insert of existing embedding ID: 1751
Insert of existing embedding ID: 1752
Insert of existing embedding ID: 1753
Insert of existing embedding ID: 1754
Insert of existing embedding ID: 1755
Insert of existing embedding ID: 1756
Insert of existing embedding ID: 1757
Insert of existing embedding ID: 1758
Insert of existing embedding ID: 1759
Insert of existing embedding ID: 1760
Insert of existing embedding ID: 1761
Insert of existing embedding ID: 1762
Insert of existing embedding ID: 1763
Insert of existing embedding ID: 1764
Insert of existing embedding ID: 1765
Insert of existing embedding ID: 1766
Insert of existing embedding ID: 1767
Insert of existing embedding ID: 1768
Insert of existing embedding ID: 1769
Insert of existing embedding ID: 1770
Insert of existing embedding ID: 1771
Insert of existing embedding ID: 1772
Insert of existing embedding ID: 1773
Insert of existing embedding ID: 1774
Insert of existing embedding ID: 1775
Insert of existing embedding ID: 1776
Insert of existing embedding ID: 1777
Insert of existing embedding ID: 1778
Insert of existing embedding ID: 1779
Insert of existing embedding ID: 1780
Insert of existing embedding ID: 1781
Insert of existing embedding ID: 1782
Insert of existing embedding ID: 1783
Insert of existing embedding ID: 1784
Insert of existing embedding ID: 1785
Insert of existing embedding ID: 1786
Insert of existing embedding ID: 1787
Insert of existing embedding ID: 1788
Insert of existing embedding ID: 1789
Insert of existing embedding ID: 1790
Insert of existing embedding ID: 1791
Insert of existing embedding ID: 1792
Insert of existing embedding ID: 1793
Insert of existing embedding ID: 1794
Insert of existing embedding ID: 1795
Insert of existing embedding ID: 1796
Insert of existing embedding ID: 1797
Insert of existing embedding ID: 1798
Insert of existing embedding ID: 1799
Insert of existing embedding ID: 1800
Insert of existing embedding ID: 1801
Insert of existing embedding ID: 1802
Insert of existing embedding ID: 1803
Insert of existing embedding ID: 1804
Insert of existing embedding ID: 1805
Insert of existing embedding ID: 1806
Insert of existing embedding ID: 1807
Insert of existing embedding ID: 1808
Insert of existing embedding ID: 1809
Insert of existing embedding ID: 1810
Insert of existing embedding ID: 1811
Insert of existing embedding ID: 1812
Insert of existing embedding ID: 1813
Insert of existing embedding ID: 1814
Insert of existing embedding ID: 1815
Insert of existing embedding ID: 1816
Insert of existing embedding ID: 1817
Insert of existing embedding ID: 1818
Insert of existing embedding ID: 1819
Insert of existing embedding ID: 1820
Insert of existing embedding ID: 1821
Insert of existing embedding ID: 1822
Insert of existing embedding ID: 1823
Insert of existing embedding ID: 1824
Insert of existing embedding ID: 1825
Insert of existing embedding ID: 1826
Insert of existing embedding ID: 1827
Insert of existing embedding ID: 1828
Insert of existing embedding ID: 1829
Insert of existing embedding ID: 1830
Insert of existing embedding ID: 1831
Insert of existing embedding ID: 1832
Insert of existing embedding ID: 1833
Insert of existing embedding ID: 1834
Insert of existing embedding ID: 1835
Insert of existing embedding ID: 1836
Insert of existing embedding ID: 1837
Insert of existing embedding ID: 1838
Insert of existing embedding ID: 1839
Insert of existing embedding ID: 1840
Insert of existing embedding ID: 1841
Insert of existing embedding ID: 1842
Insert of existing embedding ID: 1843
Insert of existing embedding ID: 1844
Insert of existing embedding ID: 1845
Insert of existing embedding ID: 1846
Insert of existing embedding ID: 1847
Insert of existing embedding ID: 1848
Insert of existing embedding ID: 1849
Insert of existing embedding ID: 1850
Insert of existing embedding ID: 1851
Insert of existing embedding ID: 1852
Insert of existing embedding ID: 1853
Insert of existing embedding ID: 1854
Insert of existing embedding ID: 1855
Insert of existing embedding ID: 1856
Insert of existing embedding ID: 1857
Insert of existing embedding ID: 1858
Insert of existing embedding ID: 1859
Insert of existing embedding ID: 1860
Insert of existing embedding ID: 1861
Insert of existing embedding ID: 1862
Insert of existing embedding ID: 1863
Insert of existing embedding ID: 1864
Insert of existing embedding ID: 1865
Insert of existing embedding ID: 1866
Insert of existing embedding ID: 1867
Insert of existing embedding ID: 1868
Insert of existing embedding ID: 1869
Insert of existing embedding ID: 1870
Insert of existing embedding ID: 1871
Insert of existing embedding ID: 1872
Insert of existing embedding ID: 1873
Insert of existing embedding ID: 1874
Insert of existing embedding ID: 1875
Insert of existing embedding ID: 1876
Insert of existing embedding ID: 1877
Insert of existing embedding ID: 1878
Insert of existing embedding ID: 1879
Insert of existing embedding ID: 1880
Insert of existing embedding ID: 1881
Insert of existing embedding ID: 1882
Insert of existing embedding ID: 1883
Insert of existing embedding ID: 1884
Insert of existing embedding ID: 1885
Insert of existing embedding ID: 1886
Insert of existing embedding ID: 1887
Insert of existing embedding ID: 1888
Insert of existing embedding ID: 1889
Insert of existing embedding ID: 1890
Insert of existing embedding ID: 1891
Insert of existing embedding ID: 1892
Insert of existing embedding ID: 1893
Insert of existing embedding ID: 1894
Insert of existing embedding ID: 1895
Insert of existing embedding ID: 1896
Insert of existing embedding ID: 1897
Insert of existing embedding ID: 1898
Insert of existing embedding ID: 1899
Insert of existing embedding ID: 1900
Insert of existing embedding ID: 1901
Insert of existing embedding ID: 1902
Insert of existing embedding ID: 1903
Insert of existing embedding ID: 1904
Insert of existing embedding ID: 1905
Insert of existing embedding ID: 1906
Insert of existing embedding ID: 1907
Insert of existing embedding ID: 1908
Insert of existing embedding ID: 1909
Insert of existing embedding ID: 1910
Insert of existing embedding ID: 1911
Insert of existing embedding ID: 1912
Insert of existing embedding ID: 1913
Insert of existing embedding ID: 1914
Insert of existing embedding ID: 1915
Insert of existing embedding ID: 1916
Insert of existing embedding ID: 1917
Insert of existing embedding ID: 1918
Insert of existing embedding ID: 1919
Insert of existing embedding ID: 1920
Insert of existing embedding ID: 1921
Insert of existing embedding ID: 1922
Insert of existing embedding ID: 1923
Insert of existing embedding ID: 1924
Insert of existing embedding ID: 1925
Insert of existing embedding ID: 1926
Insert of existing embedding ID: 1927
Insert of existing embedding ID: 1928
Insert of existing embedding ID: 1929
Insert of existing embedding ID: 1930
Insert of existing embedding ID: 1931
Insert of existing embedding ID: 1932
Insert of existing embedding ID: 1933
Insert of existing embedding ID: 1934
Insert of existing embedding ID: 1935
Insert of existing embedding ID: 1936
Insert of existing embedding ID: 1937
Insert of existing embedding ID: 1938
Insert of existing embedding ID: 1939
Insert of existing embedding ID: 1940
Insert of existing embedding ID: 1941
Insert of existing embedding ID: 1942
Insert of existing embedding ID: 1943
Insert of existing embedding ID: 1944
Insert of existing embedding ID: 1945
Insert of existing embedding ID: 1946
Insert of existing embedding ID: 1947
Insert of existing embedding ID: 1948
Insert of existing embedding ID: 1949
Insert of existing embedding ID: 1950
Insert of existing embedding ID: 1951
Insert of existing embedding ID: 1952
Insert of existing embedding ID: 1953
Insert of existing embedding ID: 1954
Insert of existing embedding ID: 1955
Insert of existing embedding ID: 1956
Insert of existing embedding ID: 1957
Insert of existing embedding ID: 1958
Insert of existing embedding ID: 1959
Insert of existing embedding ID: 1960
Insert of existing embedding ID: 1961
Insert of existing embedding ID: 1962
Insert of existing embedding ID: 1963
Insert of existing embedding ID: 1964
Insert of existing embedding ID: 1965
Insert of existing embedding ID: 1966
Insert of existing embedding ID: 1967
Insert of existing embedding ID: 1968
Insert of existing embedding ID: 1969
Insert of existing embedding ID: 1970
Insert of existing embedding ID: 1971
Insert of existing embedding ID: 1972
Insert of existing embedding ID: 1973
Insert of existing embedding ID: 1974
Insert of existing embedding ID: 1975
Insert of existing embedding ID: 1976
Insert of existing embedding ID: 1977
Insert of existing embedding ID: 1978
Insert of existing embedding ID: 1979
Insert of existing embedding ID: 1980
Insert of existing embedding ID: 1981
Insert of existing embedding ID: 1982
Insert of existing embedding ID: 1983
Insert of existing embedding ID: 1984
Insert of existing embedding ID: 1985
Insert of existing embedding ID: 1986
Insert of existing embedding ID: 1987
Insert of existing embedding ID: 1988
Insert of existing embedding ID: 1989
Insert of existing embedding ID: 1990
Insert of existing embedding ID: 1991
Insert of existing embedding ID: 1992
Insert of existing embedding ID: 1993
Insert of existing embedding ID: 1994
Insert of existing embedding ID: 1995
Insert of existing embedding ID: 1996
Insert of existing embedding ID: 1997
Insert of existing embedding ID: 1998
Insert of existing embedding ID: 1999
Insert of existing embedding ID: 2000
Insert of existing embedding ID: 2001
Insert of existing embedding ID: 2002
Insert of existing embedding ID: 2003
Insert of existing embedding ID: 2004
Insert of existing embedding ID: 2005
Insert of existing embedding ID: 2006
Insert of existing embedding ID: 2007
Insert of existing embedding ID: 2008
Insert of existing embedding ID: 2009
Insert of existing embedding ID: 2010
Insert of existing embedding ID: 2011
Insert of existing embedding ID: 2012
Insert of existing embedding ID: 2013
Insert of existing embedding ID: 2014
Insert of existing embedding ID: 2015
Insert of existing embedding ID: 2016
Insert of existing embedding ID: 2017
Insert of existing embedding ID: 2018
Insert of existing embedding ID: 2019
Insert of existing embedding ID: 2020
Insert of existing embedding ID: 2021
Insert of existing embedding ID: 2022
Insert of existing embedding ID: 2023
Insert of existing embedding ID: 2024
Insert of existing embedding ID: 2025
Insert of existing embedding ID: 2026
Insert of existing embedding ID: 2027
Insert of existing embedding ID: 2028
Insert of existing embedding ID: 2029
Insert of existing embedding ID: 2030
Insert of existing embedding ID: 2031
Insert of existing embedding ID: 2032
Insert of existing embedding ID: 2033
Insert of existing embedding ID: 2034
Insert of existing embedding ID: 2035
Insert of existing embedding ID: 2036
Insert of existing embedding ID: 2037
Insert of existing embedding ID: 2038
Insert of existing embedding ID: 2039
Insert of existing embedding ID: 2040
Insert of existing embedding ID: 2041
Insert of existing embedding ID: 2042
Insert of existing embedding ID: 2043
Insert of existing embedding ID: 2044
Insert of existing embedding ID: 2045
Insert of existing embedding ID: 2046
Insert of existing embedding ID: 2047
Insert of existing embedding ID: 2048
Insert of existing embedding ID: 2049
Insert of existing embedding ID: 2050
Insert of existing embedding ID: 2051
Insert of existing embedding ID: 2052
Insert of existing embedding ID: 2053
Insert of existing embedding ID: 2054
Insert of existing embedding ID: 2055
Insert of existing embedding ID: 2056
Insert of existing embedding ID: 2057
Insert of existing embedding ID: 2058
Insert of existing embedding ID: 2059
Insert of existing embedding ID: 2060
Insert of existing embedding ID: 2061
Insert of existing embedding ID: 2062
Insert of existing embedding ID: 2063
Insert of existing embedding ID: 2064
Insert of existing embedding ID: 2065
Insert of existing embedding ID: 2066
Insert of existing embedding ID: 2067
Insert of existing embedding ID: 2068
Insert of existing embedding ID: 2069
Insert of existing embedding ID: 2070
Insert of existing embedding ID: 2071
Insert of existing embedding ID: 2072
Insert of existing embedding ID: 2073
Insert of existing embedding ID: 2074
Insert of existing embedding ID: 2075
Insert of existing embedding ID: 2076
Insert of existing embedding ID: 2077
Insert of existing embedding ID: 2078
Insert of existing embedding ID: 2079
Insert of existing embedding ID: 2080
Insert of existing embedding ID: 2081
Insert of existing embedding ID: 2082
Insert of existing embedding ID: 2083
Insert of existing embedding ID: 2084
Insert of existing embedding ID: 2085
Insert of existing embedding ID: 2086
Insert of existing embedding ID: 2087
Insert of existing embedding ID: 2088
Insert of existing embedding ID: 2089
Insert of existing embedding ID: 2090
Insert of existing embedding ID: 2091
Insert of existing embedding ID: 2092
Insert of existing embedding ID: 2093
Insert of existing embedding ID: 2094
Insert of existing embedding ID: 2095
Insert of existing embedding ID: 2096
Insert of existing embedding ID: 2097
Insert of existing embedding ID: 2098
Insert of existing embedding ID: 2099
Insert of existing embedding ID: 2100
Insert of existing embedding ID: 2101
Insert of existing embedding ID: 2102
Insert of existing embedding ID: 2103
Insert of existing embedding ID: 2104
Insert of existing embedding ID: 2105
Insert of existing embedding ID: 2106
Insert of existing embedding ID: 2107
Insert of existing embedding ID: 2108
Insert of existing embedding ID: 2109
Insert of existing embedding ID: 2110
Insert of existing embedding ID: 2111
Insert of existing embedding ID: 2112
Insert of existing embedding ID: 2113
Insert of existing embedding ID: 2114
Insert of existing embedding ID: 2115
Insert of existing embedding ID: 2116
Insert of existing embedding ID: 2117
Insert of existing embedding ID: 2118
Insert of existing embedding ID: 2119
Insert of existing embedding ID: 2120
Insert of existing embedding ID: 2121
Insert of existing embedding ID: 2122
Insert of existing embedding ID: 2123
Insert of existing embedding ID: 2124
Insert of existing embedding ID: 2125
Insert of existing embedding ID: 2126
Insert of existing embedding ID: 2127
Insert of existing embedding ID: 2128
Insert of existing embedding ID: 2129
Insert of existing embedding ID: 2130
Insert of existing embedding ID: 2131
Insert of existing embedding ID: 2132
Insert of existing embedding ID: 2133
Insert of existing embedding ID: 2134
Insert of existing embedding ID: 2135
Insert of existing embedding ID: 2136
Insert of existing embedding ID: 2137
Insert of existing embedding ID: 2138
Insert of existing embedding ID: 2139
Insert of existing embedding ID: 2140
Insert of existing embedding ID: 2141
Insert of existing embedding ID: 2142
Insert of existing embedding ID: 2143
Insert of existing embedding ID: 2144
Insert of existing embedding ID: 2145
Insert of existing embedding ID: 2146
Insert of existing embedding ID: 2147
Insert of existing embedding ID: 2148
Insert of existing embedding ID: 2149
Insert of existing embedding ID: 2150
Insert of existing embedding ID: 2151
Insert of existing embedding ID: 2152
Insert of existing embedding ID: 2153
Insert of existing embedding ID: 2154
Insert of existing embedding ID: 2155
Insert of existing embedding ID: 2156
Insert of existing embedding ID: 2157
Insert of existing embedding ID: 2158
Insert of existing embedding ID: 2159
Insert of existing embedding ID: 2160
Insert of existing embedding ID: 2161
Insert of existing embedding ID: 2162
Insert of existing embedding ID: 2163
Insert of existing embedding ID: 2164
Insert of existing embedding ID: 2165
Insert of existing embedding ID: 2166
Insert of existing embedding ID: 2167
Insert of existing embedding ID: 2168
Insert of existing embedding ID: 2169
Insert of existing embedding ID: 2170
Insert of existing embedding ID: 2171
Insert of existing embedding ID: 2172
Insert of existing embedding ID: 2173
Insert of existing embedding ID: 2174
Insert of existing embedding ID: 2175
Insert of existing embedding ID: 2176
Insert of existing embedding ID: 2177
Insert of existing embedding ID: 2178
Insert of existing embedding ID: 2179
Insert of existing embedding ID: 2180
Insert of existing embedding ID: 2181
Insert of existing embedding ID: 2182
Insert of existing embedding ID: 2183
Insert of existing embedding ID: 2184
Insert of existing embedding ID: 2185
Insert of existing embedding ID: 2186
Insert of existing embedding ID: 2187
Insert of existing embedding ID: 2188
Insert of existing embedding ID: 2189
Insert of existing embedding ID: 2190
Insert of existing embedding ID: 2191
Insert of existing embedding ID: 2192
Insert of existing embedding ID: 2193
Insert of existing embedding ID: 2194
Insert of existing embedding ID: 2195
Insert of existing embedding ID: 2196
Insert of existing embedding ID: 2197
Insert of existing embedding ID: 2198
Insert of existing embedding ID: 2199
Insert of existing embedding ID: 2200
Insert of existing embedding ID: 2201
Insert of existing embedding ID: 2202
Insert of existing embedding ID: 2203
Insert of existing embedding ID: 2204
Insert of existing embedding ID: 2205
Insert of existing embedding ID: 2206
Insert of existing embedding ID: 2207
Insert of existing embedding ID: 2208
Insert of existing embedding ID: 2209
Insert of existing embedding ID: 2210
Insert of existing embedding ID: 2211
Insert of existing embedding ID: 2212
Insert of existing embedding ID: 2213
Insert of existing embedding ID: 2214
Insert of existing embedding ID: 2215
Insert of existing embedding ID: 2216
Insert of existing embedding ID: 2217
Insert of existing embedding ID: 2218
Insert of existing embedding ID: 2219
Insert of existing embedding ID: 2220
Insert of existing embedding ID: 2221
Insert of existing embedding ID: 2222
Insert of existing embedding ID: 2223
Insert of existing embedding ID: 2224
Insert of existing embedding ID: 2225
Insert of existing embedding ID: 2226
Insert of existing embedding ID: 2227
Insert of existing embedding ID: 2228
Insert of existing embedding ID: 2229
Insert of existing embedding ID: 2230
Insert of existing embedding ID: 2231
Insert of existing embedding ID: 2232
Insert of existing embedding ID: 2233
Insert of existing embedding ID: 2234
Insert of existing embedding ID: 2235
Insert of existing embedding ID: 2236
Insert of existing embedding ID: 2237
Insert of existing embedding ID: 2238
Insert of existing embedding ID: 2239
Insert of existing embedding ID: 2240
Insert of existing embedding ID: 2241
Insert of existing embedding ID: 2242
Insert of existing embedding ID: 2243
Insert of existing embedding ID: 2244
Insert of existing embedding ID: 2245
Insert of existing embedding ID: 2246
Insert of existing embedding ID: 2247
Insert of existing embedding ID: 2248
Insert of existing embedding ID: 2249
Insert of existing embedding ID: 2250
Insert of existing embedding ID: 2251
Insert of existing embedding ID: 2252
Insert of existing embedding ID: 2253
Insert of existing embedding ID: 2254
Insert of existing embedding ID: 2255
Insert of existing embedding ID: 2256
Insert of existing embedding ID: 2257
Insert of existing embedding ID: 2258
Insert of existing embedding ID: 2259
Insert of existing embedding ID: 2260
Insert of existing embedding ID: 2261
Insert of existing embedding ID: 2262
Insert of existing embedding ID: 2263
Insert of existing embedding ID: 2264
Insert of existing embedding ID: 2265
Insert of existing embedding ID: 2266
Insert of existing embedding ID: 2267
Insert of existing embedding ID: 2268
Insert of existing embedding ID: 2269
Insert of existing embedding ID: 2270
Insert of existing embedding ID: 2271
Insert of existing embedding ID: 2272
Insert of existing embedding ID: 2273
Insert of existing embedding ID: 2274
Insert of existing embedding ID: 2275
Insert of existing embedding ID: 2276
Insert of existing embedding ID: 2277
Insert of existing embedding ID: 2278
Insert of existing embedding ID: 2279
Insert of existing embedding ID: 2280
Insert of existing embedding ID: 2281
Insert of existing embedding ID: 2282
Insert of existing embedding ID: 2283
Insert of existing embedding ID: 2284
Insert of existing embedding ID: 2285
Insert of existing embedding ID: 2286
Insert of existing embedding ID: 2287
Insert of existing embedding ID: 2288
Insert of existing embedding ID: 2289
Insert of existing embedding ID: 2290
Insert of existing embedding ID: 2291
Insert of existing embedding ID: 2292
Insert of existing embedding ID: 2293
Insert of existing embedding ID: 2294
Insert of existing embedding ID: 2295
Insert of existing embedding ID: 2296
Insert of existing embedding ID: 2297
Insert of existing embedding ID: 2298
Insert of existing embedding ID: 2299
Insert of existing embedding ID: 2300
Insert of existing embedding ID: 2301
Insert of existing embedding ID: 2302
Insert of existing embedding ID: 2303
Insert of existing embedding ID: 2304
Insert of existing embedding ID: 2305
Insert of existing embedding ID: 2306
Insert of existing embedding ID: 2307
Insert of existing embedding ID: 2308
Insert of existing embedding ID: 2309
Insert of existing embedding ID: 2310
Insert of existing embedding ID: 2311
Insert of existing embedding ID: 2312
Insert of existing embedding ID: 2313
Insert of existing embedding ID: 2314
Insert of existing embedding ID: 2315
Insert of existing embedding ID: 2316
Insert of existing embedding ID: 2317
Insert of existing embedding ID: 2318
Insert of existing embedding ID: 2319
Insert of existing embedding ID: 2320
Insert of existing embedding ID: 2321
Insert of existing embedding ID: 2322
Insert of existing embedding ID: 2323
Insert of existing embedding ID: 2324
Insert of existing embedding ID: 2325
Insert of existing embedding ID: 2326
Insert of existing embedding ID: 2327
Insert of existing embedding ID: 2328
Insert of existing embedding ID: 2329
Insert of existing embedding ID: 2330
Insert of existing embedding ID: 2331
Insert of existing embedding ID: 2332
Insert of existing embedding ID: 2333
Insert of existing embedding ID: 2334
Insert of existing embedding ID: 2335
Insert of existing embedding ID: 2336
Insert of existing embedding ID: 2337
Insert of existing embedding ID: 2338
Insert of existing embedding ID: 2339
Insert of existing embedding ID: 2340
Insert of existing embedding ID: 2341
Insert of existing embedding ID: 2342
Insert of existing embedding ID: 2343
Insert of existing embedding ID: 2344
Insert of existing embedding ID: 2345
Insert of existing embedding ID: 2346
Insert of existing embedding ID: 2347
Insert of existing embedding ID: 2348
Insert of existing embedding ID: 2349
Insert of existing embedding ID: 2350
Insert of existing embedding ID: 2351
Insert of existing embedding ID: 2352
Insert of existing embedding ID: 2353
Insert of existing embedding ID: 2354
Insert of existing embedding ID: 2355
Insert of existing embedding ID: 2356
Insert of existing embedding ID: 2357
Insert of existing embedding ID: 2358
Insert of existing embedding ID: 2359
Insert of existing embedding ID: 2360
Insert of existing embedding ID: 2361
Insert of existing embedding ID: 2362
Insert of existing embedding ID: 2363
Insert of existing embedding ID: 2364
Insert of existing embedding ID: 2365
Insert of existing embedding ID: 2366
Insert of existing embedding ID: 2367
Insert of existing embedding ID: 2368
Insert of existing embedding ID: 2369
Insert of existing embedding ID: 2370
Insert of existing embedding ID: 2371
Insert of existing embedding ID: 2372
Insert of existing embedding ID: 2373
Insert of existing embedding ID: 2374
Insert of existing embedding ID: 2375
Insert of existing embedding ID: 2376
Insert of existing embedding ID: 2377
Insert of existing embedding ID: 2378
Insert of existing embedding ID: 2379
Insert of existing embedding ID: 2380
Insert of existing embedding ID: 2381
Insert of existing embedding ID: 2382
Insert of existing embedding ID: 2383
Insert of existing embedding ID: 2384
Insert of existing embedding ID: 2385
Insert of existing embedding ID: 2386
Insert of existing embedding ID: 2387
Insert of existing embedding ID: 2388
Insert of existing embedding ID: 2389
Insert of existing embedding ID: 2390
Insert of existing embedding ID: 2391
Insert of existing embedding ID: 2392
Insert of existing embedding ID: 2393
Insert of existing embedding ID: 2394
Insert of existing embedding ID: 2395
Insert of existing embedding ID: 2396
Insert of existing embedding ID: 2397
Insert of existing embedding ID: 2398
Insert of existing embedding ID: 2399
Insert of existing embedding ID: 2400
Insert of existing embedding ID: 2401
Insert of existing embedding ID: 2402
Insert of existing embedding ID: 2403
Insert of existing embedding ID: 2404
Insert of existing embedding ID: 2405
Insert of existing embedding ID: 2406
Insert of existing embedding ID: 2407
Insert of existing embedding ID: 2408
Insert of existing embedding ID: 2409
Insert of existing embedding ID: 2410
Insert of existing embedding ID: 2411
Insert of existing embedding ID: 2412
Insert of existing embedding ID: 2413
Insert of existing embedding ID: 2414
Insert of existing embedding ID: 2415
Insert of existing embedding ID: 2416
Insert of existing embedding ID: 2417
Insert of existing embedding ID: 2418
Insert of existing embedding ID: 2419
Insert of existing embedding ID: 2420
Insert of existing embedding ID: 2421
Insert of existing embedding ID: 2422
Insert of existing embedding ID: 2423
Insert of existing embedding ID: 2424
Insert of existing embedding ID: 2425
Insert of existing embedding ID: 2426
Insert of existing embedding ID: 2427
Insert of existing embedding ID: 2428
Insert of existing embedding ID: 2429
Insert of existing embedding ID: 2430
Insert of existing embedding ID: 2431
Insert of existing embedding ID: 2432
Insert of existing embedding ID: 2433
Insert of existing embedding ID: 2434
Insert of existing embedding ID: 2435
Insert of existing embedding ID: 2436
Insert of existing embedding ID: 2437
Insert of existing embedding ID: 2438
Insert of existing embedding ID: 2439
Insert of existing embedding ID: 2440
Insert of existing embedding ID: 2441
Insert of existing embedding ID: 2442
Insert of existing embedding ID: 2443
Insert of existing embedding ID: 2444
Insert of existing embedding ID: 2445
Insert of existing embedding ID: 2446
Insert of existing embedding ID: 2447
Insert of existing embedding ID: 2448
Insert of existing embedding ID: 2449
Insert of existing embedding ID: 2450
Insert of existing embedding ID: 2451
Insert of existing embedding ID: 2452
Insert of existing embedding ID: 2453
Insert of existing embedding ID: 2454
Insert of existing embedding ID: 2455
Insert of existing embedding ID: 2456
Insert of existing embedding ID: 2457
Insert of existing embedding ID: 2458
Insert of existing embedding ID: 2459
Insert of existing embedding ID: 2460
Insert of existing embedding ID: 2461
Insert of existing embedding ID: 2462
Insert of existing embedding ID: 2463
Insert of existing embedding ID: 2464
Insert of existing embedding ID: 2465
Insert of existing embedding ID: 2466
Insert of existing embedding ID: 2467
Insert of existing embedding ID: 2468
Insert of existing embedding ID: 2469
Insert of existing embedding ID: 2470
Insert of existing embedding ID: 2471
Insert of existing embedding ID: 2472
Insert of existing embedding ID: 2473
Insert of existing embedding ID: 2474
Insert of existing embedding ID: 2475
Insert of existing embedding ID: 2476
Insert of existing embedding ID: 2477
Insert of existing embedding ID: 2478
Insert of existing embedding ID: 2479
Insert of existing embedding ID: 2480
Insert of existing embedding ID: 2481
Insert of existing embedding ID: 2482
Insert of existing embedding ID: 2483
Insert of existing embedding ID: 2484
Insert of existing embedding ID: 2485
Insert of existing embedding ID: 2486
Insert of existing embedding ID: 2487
Insert of existing embedding ID: 2488
Insert of existing embedding ID: 2489
Insert of existing embedding ID: 2490
Insert of existing embedding ID: 2491
Insert of existing embedding ID: 2492
Insert of existing embedding ID: 2493
Insert of existing embedding ID: 2494
Insert of existing embedding ID: 2495
Insert of existing embedding ID: 2496
Insert of existing embedding ID: 2497
Insert of existing embedding ID: 2498
Insert of existing embedding ID: 2499
Insert of existing embedding ID: 2500
Insert of existing embedding ID: 2501
Insert of existing embedding ID: 2502
Insert of existing embedding ID: 2503
Insert of existing embedding ID: 2504
Insert of existing embedding ID: 2505
Insert of existing embedding ID: 2506
Insert of existing embedding ID: 2507
Insert of existing embedding ID: 2508
Insert of existing embedding ID: 2509
Insert of existing embedding ID: 2510
Insert of existing embedding ID: 2511
Insert of existing embedding ID: 2512
Insert of existing embedding ID: 2513
Insert of existing embedding ID: 2514
Insert of existing embedding ID: 2515
Insert of existing embedding ID: 2516
Insert of existing embedding ID: 2517
Insert of existing embedding ID: 2518
Insert of existing embedding ID: 2519
Insert of existing embedding ID: 2520
Insert of existing embedding ID: 2521
Insert of existing embedding ID: 2522
Insert of existing embedding ID: 2523
Insert of existing embedding ID: 2524
Insert of existing embedding ID: 2525
Insert of existing embedding ID: 2526
Insert of existing embedding ID: 2527
Insert of existing embedding ID: 2528
Insert of existing embedding ID: 2529
Insert of existing embedding ID: 2530
Insert of existing embedding ID: 2531
Insert of existing embedding ID: 2532
Insert of existing embedding ID: 2533
Insert of existing embedding ID: 2534
Insert of existing embedding ID: 2535
Insert of existing embedding ID: 2536
Insert of existing embedding ID: 2537
Insert of existing embedding ID: 2538
Insert of existing embedding ID: 2539
Insert of existing embedding ID: 2540
Insert of existing embedding ID: 2541
Insert of existing embedding ID: 2542
Insert of existing embedding ID: 2543
Insert of existing embedding ID: 2544
Insert of existing embedding ID: 2545
Insert of existing embedding ID: 2546
Insert of existing embedding ID: 2547
Insert of existing embedding ID: 2548
Insert of existing embedding ID: 2549
Insert of existing embedding ID: 2550
Insert of existing embedding ID: 2551
Insert of existing embedding ID: 2552
Insert of existing embedding ID: 2553
Insert of existing embedding ID: 2554
Insert of existing embedding ID: 2555
Insert of existing embedding ID: 2556
Insert of existing embedding ID: 2557
Insert of existing embedding ID: 2558
Insert of existing embedding ID: 2559
Insert of existing embedding ID: 2560
Insert of existing embedding ID: 2561
Insert of existing embedding ID: 2562
Insert of existing embedding ID: 2563
Insert of existing embedding ID: 2564
Insert of existing embedding ID: 2565
Insert of existing embedding ID: 2566
Insert of existing embedding ID: 2567
Insert of existing embedding ID: 2568
Insert of existing embedding ID: 2569
Insert of existing embedding ID: 2570
Insert of existing embedding ID: 2571
Insert of existing embedding ID: 2572
Insert of existing embedding ID: 2573
Insert of existing embedding ID: 2574
Insert of existing embedding ID: 2575
Insert of existing embedding ID: 2576
Insert of existing embedding ID: 2577
Insert of existing embedding ID: 2578
Insert of existing embedding ID: 2579
Insert of existing embedding ID: 2580
Insert of existing embedding ID: 2581
Insert of existing embedding ID: 2582
Insert of existing embedding ID: 2583
Insert of existing embedding ID: 2584
Insert of existing embedding ID: 2585
Insert of existing embedding ID: 2586
Insert of existing embedding ID: 2587
Insert of existing embedding ID: 2588
Insert of existing embedding ID: 2589
Insert of existing embedding ID: 2590
Insert of existing embedding ID: 2591
Insert of existing embedding ID: 2592
Insert of existing embedding ID: 2593
Insert of existing embedding ID: 2594
Insert of existing embedding ID: 2595
Insert of existing embedding ID: 2596
Insert of existing embedding ID: 2597
Insert of existing embedding ID: 2598
Insert of existing embedding ID: 2599
Insert of existing embedding ID: 2600
Insert of existing embedding ID: 2601
Insert of existing embedding ID: 2602
Insert of existing embedding ID: 2603
Insert of existing embedding ID: 2604
Insert of existing embedding ID: 2605
Insert of existing embedding ID: 2606
Insert of existing embedding ID: 2607
Insert of existing embedding ID: 2608
Insert of existing embedding ID: 2609
Insert of existing embedding ID: 2610
Insert of existing embedding ID: 2611
Insert of existing embedding ID: 2612
Insert of existing embedding ID: 2613
Insert of existing embedding ID: 2614
Insert of existing embedding ID: 2615
Insert of existing embedding ID: 2616
Insert of existing embedding ID: 2617
Insert of existing embedding ID: 2618
Insert of existing embedding ID: 2619
Insert of existing embedding ID: 2620
Insert of existing embedding ID: 2621
Insert of existing embedding ID: 2622
Insert of existing embedding ID: 2623
Insert of existing embedding ID: 2624
Insert of existing embedding ID: 2625
Insert of existing embedding ID: 2626
Insert of existing embedding ID: 2627
Insert of existing embedding ID: 2628
Insert of existing embedding ID: 2629
Insert of existing embedding ID: 2630
Insert of existing embedding ID: 2631
Insert of existing embedding ID: 2632
Insert of existing embedding ID: 2633
Insert of existing embedding ID: 2634
Insert of existing embedding ID: 2635
Insert of existing embedding ID: 2636
Insert of existing embedding ID: 2637
Insert of existing embedding ID: 2638
Insert of existing embedding ID: 2639
Insert of existing embedding ID: 2640
Insert of existing embedding ID: 2641
Insert of existing embedding ID: 2642
Insert of existing embedding ID: 2643
Insert of existing embedding ID: 2644
Insert of existing embedding ID: 2645
Insert of existing embedding ID: 2646
Insert of existing embedding ID: 2647
Insert of existing embedding ID: 2648
Insert of existing embedding ID: 2649
Insert of existing embedding ID: 2650
Insert of existing embedding ID: 2651
Insert of existing embedding ID: 2652
Insert of existing embedding ID: 2653
Insert of existing embedding ID: 2654
Insert of existing embedding ID: 2655
Insert of existing embedding ID: 2656
Insert of existing embedding ID: 2657
Insert of existing embedding ID: 2658
Insert of existing embedding ID: 2659
Insert of existing embedding ID: 2660
Insert of existing embedding ID: 2661
Insert of existing embedding ID: 2662
Insert of existing embedding ID: 2663
Insert of existing embedding ID: 2664
Insert of existing embedding ID: 2665
Insert of existing embedding ID: 2666
Insert of existing embedding ID: 2667
Insert of existing embedding ID: 2668
Insert of existing embedding ID: 2669
Insert of existing embedding ID: 2670
Insert of existing embedding ID: 2671
Insert of existing embedding ID: 2672
Insert of existing embedding ID: 2673
Insert of existing embedding ID: 2674
Insert of existing embedding ID: 2675
Insert of existing embedding ID: 2676
Insert of existing embedding ID: 2677
Insert of existing embedding ID: 2678
Insert of existing embedding ID: 2679
Insert of existing embedding ID: 2680
Insert of existing embedding ID: 2681
Insert of existing embedding ID: 2682
Insert of existing embedding ID: 2683
Insert of existing embedding ID: 2684
Insert of existing embedding ID: 2685
Insert of existing embedding ID: 2686
Insert of existing embedding ID: 2687
Insert of existing embedding ID: 2688
Insert of existing embedding ID: 2689
Insert of existing embedding ID: 2690
Insert of existing embedding ID: 2691
Insert of existing embedding ID: 2692
Insert of existing embedding ID: 2693
Insert of existing embedding ID: 2694
Insert of existing embedding ID: 2695
Insert of existing embedding ID: 2696
Insert of existing embedding ID: 2697
Insert of existing embedding ID: 2698
Insert of existing embedding ID: 2699
Insert of existing embedding ID: 2700
Insert of existing embedding ID: 2701
Insert of existing embedding ID: 2702
Insert of existing embedding ID: 2703
Insert of existing embedding ID: 2704
Insert of existing embedding ID: 2705
Insert of existing embedding ID: 2706
Insert of existing embedding ID: 2707
Insert of existing embedding ID: 2708
Insert of existing embedding ID: 2709
Insert of existing embedding ID: 2710
Insert of existing embedding ID: 2711
Insert of existing embedding ID: 2712
Insert of existing embedding ID: 2713
Insert of existing embedding ID: 2714
Insert of existing embedding ID: 2715
Insert of existing embedding ID: 2716
Insert of existing embedding ID: 2717
Insert of existing embedding ID: 2718
Insert of existing embedding ID: 2719
Insert of existing embedding ID: 2720
Insert of existing embedding ID: 2721
Insert of existing embedding ID: 2722
Insert of existing embedding ID: 2723
Insert of existing embedding ID: 2724
Insert of existing embedding ID: 2725
Insert of existing embedding ID: 2726
Insert of existing embedding ID: 2727
Insert of existing embedding ID: 2728
Insert of existing embedding ID: 2729
Insert of existing embedding ID: 2730
Insert of existing embedding ID: 2731
Insert of existing embedding ID: 2732
Insert of existing embedding ID: 2733
Insert of existing embedding ID: 2734
Insert of existing embedding ID: 2735
Insert of existing embedding ID: 2736
Insert of existing embedding ID: 2737
Insert of existing embedding ID: 2738
Insert of existing embedding ID: 2739
Insert of existing embedding ID: 2740
Insert of existing embedding ID: 2741
Insert of existing embedding ID: 2742
Insert of existing embedding ID: 2743
Insert of existing embedding ID: 2744
Insert of existing embedding ID: 2745
Insert of existing embedding ID: 2746
Insert of existing embedding ID: 2747
Insert of existing embedding ID: 2748
Insert of existing embedding ID: 2749
Insert of existing embedding ID: 2750
Insert of existing embedding ID: 2751
Insert of existing embedding ID: 2752
Insert of existing embedding ID: 2753
Insert of existing embedding ID: 2754
Insert of existing embedding ID: 2755
Insert of existing embedding ID: 2756
Insert of existing embedding ID: 2757
Insert of existing embedding ID: 2758
Insert of existing embedding ID: 2759
Insert of existing embedding ID: 2760
Insert of existing embedding ID: 2761
Insert of existing embedding ID: 2762
Insert of existing embedding ID: 2763
Insert of existing embedding ID: 2764
Insert of existing embedding ID: 2765
Insert of existing embedding ID: 2766
Insert of existing embedding ID: 2767
Insert of existing embedding ID: 2768
Insert of existing embedding ID: 2769
Insert of existing embedding ID: 2770
Insert of existing embedding ID: 2771
Insert of existing embedding ID: 2772
Insert of existing embedding ID: 2773
Insert of existing embedding ID: 2774
Insert of existing embedding ID: 2775
Insert of existing embedding ID: 2776
Insert of existing embedding ID: 2777
Insert of existing embedding ID: 2778
Insert of existing embedding ID: 2779
Insert of existing embedding ID: 2780
Insert of existing embedding ID: 2781
Insert of existing embedding ID: 2782
Insert of existing embedding ID: 2783
Insert of existing embedding ID: 2784
Insert of existing embedding ID: 2785
Insert of existing embedding ID: 2786
Insert of existing embedding ID: 2787
Insert of existing embedding ID: 2788
Insert of existing embedding ID: 2789
Insert of existing embedding ID: 2790
Insert of existing embedding ID: 2791
Insert of existing embedding ID: 2792
Insert of existing embedding ID: 2793
Insert of existing embedding ID: 2794
Insert of existing embedding ID: 2795
Insert of existing embedding ID: 2796
Insert of existing embedding ID: 2797
Insert of existing embedding ID: 2798
Insert of existing embedding ID: 2799
Insert of existing embedding ID: 2800
Insert of existing embedding ID: 2801
Insert of existing embedding ID: 2802
Insert of existing embedding ID: 2803
Insert of existing embedding ID: 2804
Insert of existing embedding ID: 2805
Insert of existing embedding ID: 2806
Insert of existing embedding ID: 2807
Insert of existing embedding ID: 2808
Insert of existing embedding ID: 2809
Insert of existing embedding ID: 2810
Insert of existing embedding ID: 2811
Insert of existing embedding ID: 2812
Insert of existing embedding ID: 2813
Insert of existing embedding ID: 2814
Insert of existing embedding ID: 2815
Insert of existing embedding ID: 2816
Insert of existing embedding ID: 2817
Insert of existing embedding ID: 2818
Insert of existing embedding ID: 2819
Insert of existing embedding ID: 2820
Insert of existing embedding ID: 2821
Insert of existing embedding ID: 2822
Insert of existing embedding ID: 2823
Insert of existing embedding ID: 2824
Insert of existing embedding ID: 2825
Insert of existing embedding ID: 2826
Insert of existing embedding ID: 2827
Insert of existing embedding ID: 2828
Insert of existing embedding ID: 2829
Insert of existing embedding ID: 2830
Insert of existing embedding ID: 2831
Insert of existing embedding ID: 2832
Insert of existing embedding ID: 2833
Insert of existing embedding ID: 2834
Insert of existing embedding ID: 2835
Insert of existing embedding ID: 2836
Insert of existing embedding ID: 2837
Insert of existing embedding ID: 2838
Insert of existing embedding ID: 2839
Insert of existing embedding ID: 2840
Insert of existing embedding ID: 2841
Insert of existing embedding ID: 2842
Insert of existing embedding ID: 2843
Insert of existing embedding ID: 2844
Insert of existing embedding ID: 2845
Insert of existing embedding ID: 2846
Insert of existing embedding ID: 2847
Insert of existing embedding ID: 2848
Insert of existing embedding ID: 2849
Insert of existing embedding ID: 2850
Insert of existing embedding ID: 2851
Insert of existing embedding ID: 2852
Insert of existing embedding ID: 2853
Insert of existing embedding ID: 2854
Insert of existing embedding ID: 2855
Insert of existing embedding ID: 2856
Insert of existing embedding ID: 2857
Insert of existing embedding ID: 2858
Insert of existing embedding ID: 2859
Insert of existing embedding ID: 2860
Insert of existing embedding ID: 2861
Insert of existing embedding ID: 2862
Insert of existing embedding ID: 2863
Insert of existing embedding ID: 2864
Insert of existing embedding ID: 2865
Insert of existing embedding ID: 2866
Insert of existing embedding ID: 2867
Insert of existing embedding ID: 2868
Insert of existing embedding ID: 2869
Insert of existing embedding ID: 2870
Insert of existing embedding ID: 2871
Insert of existing embedding ID: 2872
Insert of existing embedding ID: 2873
Insert of existing embedding ID: 2874
Insert of existing embedding ID: 2875
Insert of existing embedding ID: 2876
Insert of existing embedding ID: 2877
Insert of existing embedding ID: 2878
Insert of existing embedding ID: 2879
Insert of existing embedding ID: 2880
Insert of existing embedding ID: 2881
Insert of existing embedding ID: 2882
Insert of existing embedding ID: 2883
Insert of existing embedding ID: 2884
Insert of existing embedding ID: 2885
Insert of existing embedding ID: 2886
Insert of existing embedding ID: 2887
Insert of existing embedding ID: 2888
Insert of existing embedding ID: 2889
Insert of existing embedding ID: 2890
Insert of existing embedding ID: 2891
Insert of existing embedding ID: 2892
Insert of existing embedding ID: 2893
Insert of existing embedding ID: 2894
Insert of existing embedding ID: 2895
Insert of existing embedding ID: 2896
Insert of existing embedding ID: 2897
Insert of existing embedding ID: 2898
Insert of existing embedding ID: 2899
Insert of existing embedding ID: 2900
Insert of existing embedding ID: 2901
Insert of existing embedding ID: 2902
Insert of existing embedding ID: 2903
Insert of existing embedding ID: 2904
Insert of existing embedding ID: 2905
Insert of existing embedding ID: 2906
Insert of existing embedding ID: 2907
Insert of existing embedding ID: 2908
Insert of existing embedding ID: 2909
Insert of existing embedding ID: 2910
Insert of existing embedding ID: 2911
Insert of existing embedding ID: 2912
Insert of existing embedding ID: 2913
Insert of existing embedding ID: 2914
Insert of existing embedding ID: 2915
Insert of existing embedding ID: 2916
Insert of existing embedding ID: 2917
Insert of existing embedding ID: 2918
Insert of existing embedding ID: 2919
Insert of existing embedding ID: 2920
Insert of existing embedding ID: 2921
Insert of existing embedding ID: 2922
Insert of existing embedding ID: 2923
Insert of existing embedding ID: 2924
Insert of existing embedding ID: 2925
Insert of existing embedding ID: 2926
Insert of existing embedding ID: 2927
Insert of existing embedding ID: 2928
Insert of existing embedding ID: 2929
Insert of existing embedding ID: 2930
Insert of existing embedding ID: 2931
Insert of existing embedding ID: 2932
Insert of existing embedding ID: 2933
Insert of existing embedding ID: 2934
Insert of existing embedding ID: 2935
Insert of existing embedding ID: 2936
Insert of existing embedding ID: 2937
Insert of existing embedding ID: 2938
Insert of existing embedding ID: 2939
Insert of existing embedding ID: 2940
Insert of existing embedding ID: 2941
Insert of existing embedding ID: 2942
Insert of existing embedding ID: 2943
Insert of existing embedding ID: 2944
Insert of existing embedding ID: 2945
Insert of existing embedding ID: 2946
Insert of existing embedding ID: 2947
Insert of existing embedding ID: 2948
Insert of existing embedding ID: 2949
Insert of existing embedding ID: 2950
Insert of existing embedding ID: 2951
Insert of existing embedding ID: 2952
Insert of existing embedding ID: 2953
Insert of existing embedding ID: 2954
Insert of existing embedding ID: 2955
Insert of existing embedding ID: 2956
Insert of existing embedding ID: 2957
Insert of existing embedding ID: 2958
Insert of existing embedding ID: 2959
Insert of existing embedding ID: 2960
Insert of existing embedding ID: 2961
Insert of existing embedding ID: 2962
Insert of existing embedding ID: 2963
Insert of existing embedding ID: 2964
Insert of existing embedding ID: 2965
Insert of existing embedding ID: 2966
Insert of existing embedding ID: 2967
Insert of existing embedding ID: 2968
Insert of existing embedding ID: 2969
Insert of existing embedding ID: 2970
Insert of existing embedding ID: 2971
Insert of existing embedding ID: 2972
Insert of existing embedding ID: 2973
Insert of existing embedding ID: 2974
Insert of existing embedding ID: 2975
Insert of existing embedding ID: 2976
Insert of existing embedding ID: 2977
Insert of existing embedding ID: 2978
Insert of existing embedding ID: 2979
Insert of existing embedding ID: 2980
Insert of existing embedding ID: 2981
Insert of existing embedding ID: 2982
Insert of existing embedding ID: 2983
Insert of existing embedding ID: 2984
Insert of existing embedding ID: 2985
Insert of existing embedding ID: 2986
Insert of existing embedding ID: 2987
Insert of existing embedding ID: 2988
Insert of existing embedding ID: 2989
Insert of existing embedding ID: 2990
Insert of existing embedding ID: 2991
Insert of existing embedding ID: 2992
Insert of existing embedding ID: 2993
Insert of existing embedding ID: 2994
Insert of existing embedding ID: 2995
Insert of existing embedding ID: 2996
Insert of existing embedding ID: 2997
Insert of existing embedding ID: 2998
Insert of existing embedding ID: 2999
Insert of existing embedding ID: 3000
Insert of existing embedding ID: 3001
Insert of existing embedding ID: 3002
Insert of existing embedding ID: 3003
Insert of existing embedding ID: 3004
Insert of existing embedding ID: 3005
Insert of existing embedding ID: 3006
Insert of existing embedding ID: 3007
Insert of existing embedding ID: 3008
Insert of existing embedding ID: 3009
Insert of existing embedding ID: 3010
Insert of existing embedding ID: 3011
Insert of existing embedding ID: 3012
Insert of existing embedding ID: 3013
Insert of existing embedding ID: 3014
Insert of existing embedding ID: 3015
Insert of existing embedding ID: 3016
Insert of existing embedding ID: 3017
Insert of existing embedding ID: 3018
Insert of existing embedding ID: 3019
Insert of existing embedding ID: 3020
Insert of existing embedding ID: 3021
Insert of existing embedding ID: 3022
Insert of existing embedding ID: 3023
Insert of existing embedding ID: 3024
Insert of existing embedding ID: 3025
Insert of existing embedding ID: 3026
Insert of existing embedding ID: 3027
Insert of existing embedding ID: 3028
Insert of existing embedding ID: 3029
Insert of existing embedding ID: 3030
Insert of existing embedding ID: 3031
Insert of existing embedding ID: 3032
Insert of existing embedding ID: 3033
Insert of existing embedding ID: 3034
Insert of existing embedding ID: 3035
Insert of existing embedding ID: 3036
Insert of existing embedding ID: 3037
Insert of existing embedding ID: 3038
Insert of existing embedding ID: 3039
Insert of existing embedding ID: 3040
Insert of existing embedding ID: 3041
Insert of existing embedding ID: 3042
Insert of existing embedding ID: 3043
Insert of existing embedding ID: 3044
Insert of existing embedding ID: 3045
Insert of existing embedding ID: 3046
Insert of existing embedding ID: 3047
Insert of existing embedding ID: 3048
Insert of existing embedding ID: 3049
Insert of existing embedding ID: 3050
Insert of existing embedding ID: 3051
Insert of existing embedding ID: 3052
Insert of existing embedding ID: 3053
Insert of existing embedding ID: 3054
Insert of existing embedding ID: 3055
Insert of existing embedding ID: 3056
Insert of existing embedding ID: 3057
Insert of existing embedding ID: 3058
Insert of existing embedding ID: 3059
Insert of existing embedding ID: 3060
Insert of existing embedding ID: 3061
Insert of existing embedding ID: 3062
Insert of existing embedding ID: 3063
Insert of existing embedding ID: 3064
Insert of existing embedding ID: 3065
Insert of existing embedding ID: 3066
Insert of existing embedding ID: 3067
Insert of existing embedding ID: 3068
Insert of existing embedding ID: 3069
Insert of existing embedding ID: 3070
Insert of existing embedding ID: 3071
Insert of existing embedding ID: 3072
Insert of existing embedding ID: 3073
Insert of existing embedding ID: 3074
Insert of existing embedding ID: 3075
Insert of existing embedding ID: 3076
Insert of existing embedding ID: 3077
Insert of existing embedding ID: 3078
Insert of existing embedding ID: 3079
Insert of existing embedding ID: 3080
Insert of existing embedding ID: 3081
Insert of existing embedding ID: 3082
Insert of existing embedding ID: 3083
Insert of existing embedding ID: 3084
Insert of existing embedding ID: 3085
Insert of existing embedding ID: 3086
Insert of existing embedding ID: 3087
Insert of existing embedding ID: 3088
Insert of existing embedding ID: 3089
Insert of existing embedding ID: 3090
Insert of existing embedding ID: 3091
Insert of existing embedding ID: 3092
Insert of existing embedding ID: 3093
Insert of existing embedding ID: 3094
Insert of existing embedding ID: 3095
Insert of existing embedding ID: 3096
Insert of existing embedding ID: 3097
Insert of existing embedding ID: 3098
Insert of existing embedding ID: 3099
Insert of existing embedding ID: 3100
Insert of existing embedding ID: 3101
Insert of existing embedding ID: 3102
Insert of existing embedding ID: 3103
Insert of existing embedding ID: 3104
Insert of existing embedding ID: 3105
Insert of existing embedding ID: 3106
Insert of existing embedding ID: 3107
Insert of existing embedding ID: 3108
Insert of existing embedding ID: 3109
Insert of existing embedding ID: 3110
Insert of existing embedding ID: 3111
Insert of existing embedding ID: 3112
Insert of existing embedding ID: 3113
Insert of existing embedding ID: 3114
Insert of existing embedding ID: 3115
Insert of existing embedding ID: 3116
Insert of existing embedding ID: 3117
Insert of existing embedding ID: 3118
Insert of existing embedding ID: 3119
Insert of existing embedding ID: 3120
Insert of existing embedding ID: 3121
Insert of existing embedding ID: 3122
Insert of existing embedding ID: 3123
Insert of existing embedding ID: 3124
Insert of existing embedding ID: 3125
Insert of existing embedding ID: 3126
Insert of existing embedding ID: 3127
Insert of existing embedding ID: 3128
Insert of existing embedding ID: 3129
Insert of existing embedding ID: 3130
Insert of existing embedding ID: 3131
Insert of existing embedding ID: 3132
Insert of existing embedding ID: 3133
Insert of existing embedding ID: 3134
Insert of existing embedding ID: 3135
Insert of existing embedding ID: 3136
Insert of existing embedding ID: 3137
Insert of existing embedding ID: 3138
Insert of existing embedding ID: 3139
Insert of existing embedding ID: 3140
Insert of existing embedding ID: 3141
Insert of existing embedding ID: 3142
Insert of existing embedding ID: 3143
Insert of existing embedding ID: 3144
Insert of existing embedding ID: 3145
Insert of existing embedding ID: 3146
Insert of existing embedding ID: 3147
Insert of existing embedding ID: 3148
Insert of existing embedding ID: 3149
Insert of existing embedding ID: 3150
Insert of existing embedding ID: 3151
Insert of existing embedding ID: 3152
Insert of existing embedding ID: 3153
Insert of existing embedding ID: 3154
Insert of existing embedding ID: 3155
Insert of existing embedding ID: 3156
Insert of existing embedding ID: 3157
Insert of existing embedding ID: 3158
Insert of existing embedding ID: 3159
Insert of existing embedding ID: 3160
Insert of existing embedding ID: 3161
Insert of existing embedding ID: 3162
Insert of existing embedding ID: 3163
Insert of existing embedding ID: 3164
Insert of existing embedding ID: 3165
Insert of existing embedding ID: 3166
Insert of existing embedding ID: 3167
Insert of existing embedding ID: 3168
Insert of existing embedding ID: 3169
Insert of existing embedding ID: 3170
Insert of existing embedding ID: 3171
Insert of existing embedding ID: 3172
Insert of existing embedding ID: 3173
Insert of existing embedding ID: 3174
Insert of existing embedding ID: 3175
Insert of existing embedding ID: 3176
Insert of existing embedding ID: 3177
Insert of existing embedding ID: 3178
Insert of existing embedding ID: 3179
Insert of existing embedding ID: 3180
Insert of existing embedding ID: 3181
Insert of existing embedding ID: 3182
Insert of existing embedding ID: 3183
Insert of existing embedding ID: 3184
Insert of existing embedding ID: 3185
Insert of existing embedding ID: 3186
Insert of existing embedding ID: 3187
Insert of existing embedding ID: 3188
Insert of existing embedding ID: 3189
Insert of existing embedding ID: 3190
Insert of existing embedding ID: 3191
Insert of existing embedding ID: 3192
Insert of existing embedding ID: 3193
Insert of existing embedding ID: 3194
Insert of existing embedding ID: 3195
Insert of existing embedding ID: 3196
Insert of existing embedding ID: 3197
Insert of existing embedding ID: 3198
Insert of existing embedding ID: 3199
Insert of existing embedding ID: 3200
Insert of existing embedding ID: 3201
Insert of existing embedding ID: 3202
Insert of existing embedding ID: 3203
Insert of existing embedding ID: 3204
Insert of existing embedding ID: 3205
Insert of existing embedding ID: 3206
Insert of existing embedding ID: 3207
Insert of existing embedding ID: 3208
Insert of existing embedding ID: 3209
Insert of existing embedding ID: 3210
Insert of existing embedding ID: 3211
Insert of existing embedding ID: 3212
Insert of existing embedding ID: 3213
Insert of existing embedding ID: 3214
Insert of existing embedding ID: 3215
Insert of existing embedding ID: 3216
Insert of existing embedding ID: 3217
Insert of existing embedding ID: 3218
Insert of existing embedding ID: 3219
Insert of existing embedding ID: 3220
Insert of existing embedding ID: 3221
Insert of existing embedding ID: 3222
Insert of existing embedding ID: 3223
Insert of existing embedding ID: 3224
Insert of existing embedding ID: 3225
Insert of existing embedding ID: 3226
Insert of existing embedding ID: 3227
Insert of existing embedding ID: 3228
Insert of existing embedding ID: 3229
Insert of existing embedding ID: 3230
Insert of existing embedding ID: 3231
Insert of existing embedding ID: 3232
Insert of existing embedding ID: 3233
Insert of existing embedding ID: 3234
Insert of existing embedding ID: 3235
Insert of existing embedding ID: 3236
Insert of existing embedding ID: 3237
Insert of existing embedding ID: 3238
Insert of existing embedding ID: 3239
Insert of existing embedding ID: 3240
Insert of existing embedding ID: 3241
Insert of existing embedding ID: 3242
Insert of existing embedding ID: 3243
Insert of existing embedding ID: 3244
Insert of existing embedding ID: 3245
Insert of existing embedding ID: 3246
Insert of existing embedding ID: 3247
Insert of existing embedding ID: 3248
Insert of existing embedding ID: 3249
Insert of existing embedding ID: 3250
Insert of existing embedding ID: 3251
Insert of existing embedding ID: 3252
Insert of existing embedding ID: 3253
Insert of existing embedding ID: 3254
Insert of existing embedding ID: 3255
Insert of existing embedding ID: 3256
Insert of existing embedding ID: 3257
Insert of existing embedding ID: 3258
Insert of existing embedding ID: 3259
Insert of existing embedding ID: 3260
Insert of existing embedding ID: 3261
Insert of existing embedding ID: 3262
Insert of existing embedding ID: 3263
Insert of existing embedding ID: 3264
Insert of existing embedding ID: 3265
Insert of existing embedding ID: 3266
Insert of existing embedding ID: 3267
Insert of existing embedding ID: 3268
Insert of existing embedding ID: 3269
Insert of existing embedding ID: 3270
Insert of existing embedding ID: 3271
Insert of existing embedding ID: 3272
Insert of existing embedding ID: 3273
Insert of existing embedding ID: 3274
Insert of existing embedding ID: 3275
Insert of existing embedding ID: 3276
Insert of existing embedding ID: 3277
Insert of existing embedding ID: 3278
Insert of existing embedding ID: 3279
Insert of existing embedding ID: 3280
Insert of existing embedding ID: 3281
Insert of existing embedding ID: 3282
Insert of existing embedding ID: 3283
Insert of existing embedding ID: 3284
Insert of existing embedding ID: 3285
Insert of existing embedding ID: 3286
Insert of existing embedding ID: 3287
Insert of existing embedding ID: 3288
Insert of existing embedding ID: 3289
Insert of existing embedding ID: 3290
Insert of existing embedding ID: 3291
Insert of existing embedding ID: 3292
Insert of existing embedding ID: 3293
Insert of existing embedding ID: 3294
Insert of existing embedding ID: 3295
Insert of existing embedding ID: 3296
Insert of existing embedding ID: 3297
Insert of existing embedding ID: 3298
Insert of existing embedding ID: 3299
Insert of existing embedding ID: 3300
Insert of existing embedding ID: 3301
Insert of existing embedding ID: 3302
Insert of existing embedding ID: 3303
Insert of existing embedding ID: 3304
Insert of existing embedding ID: 3305
Insert of existing embedding ID: 3306
Insert of existing embedding ID: 3307
Insert of existing embedding ID: 3308
Insert of existing embedding ID: 3309
Insert of existing embedding ID: 3310
Insert of existing embedding ID: 3311
Insert of existing embedding ID: 3312
Insert of existing embedding ID: 3313
Insert of existing embedding ID: 3314
Insert of existing embedding ID: 3315
Insert of existing embedding ID: 3316
Insert of existing embedding ID: 3317
Insert of existing embedding ID: 3318
Insert of existing embedding ID: 3319
Insert of existing embedding ID: 3320
Insert of existing embedding ID: 3321
Insert of existing embedding ID: 3322
Insert of existing embedding ID: 3323
Insert of existing embedding ID: 3324
Insert of existing embedding ID: 3325
Insert of existing embedding ID: 3326
Insert of existing embedding ID: 3327
Insert of existing embedding ID: 3328
Insert of existing embedding ID: 3329
Insert of existing embedding ID: 3330
Insert of existing embedding ID: 3331
Insert of existing embedding ID: 3332
Insert of existing embedding ID: 3333
Insert of existing embedding ID: 3334
Insert of existing embedding ID: 3335
Insert of existing embedding ID: 3336
Insert of existing embedding ID: 3337
Insert of existing embedding ID: 3338
Insert of existing embedding ID: 3339
Insert of existing embedding ID: 3340
Insert of existing embedding ID: 3341
Insert of existing embedding ID: 3342
Insert of existing embedding ID: 3343
Insert of existing embedding ID: 3344
Insert of existing embedding ID: 3345
Insert of existing embedding ID: 3346
Insert of existing embedding ID: 3347
Insert of existing embedding ID: 3348
Insert of existing embedding ID: 3349
Insert of existing embedding ID: 3350
Insert of existing embedding ID: 3351
Insert of existing embedding ID: 3352
Insert of existing embedding ID: 3353
Insert of existing embedding ID: 3354
Insert of existing embedding ID: 3355
Insert of existing embedding ID: 3356
Insert of existing embedding ID: 3357
Insert of existing embedding ID: 3358
Insert of existing embedding ID: 3359
Insert of existing embedding ID: 3360
Insert of existing embedding ID: 3361
Insert of existing embedding ID: 3362
Insert of existing embedding ID: 3363
Insert of existing embedding ID: 3364
Insert of existing embedding ID: 3365
Insert of existing embedding ID: 3366
Insert of existing embedding ID: 3367
Insert of existing embedding ID: 3368
Insert of existing embedding ID: 3369
Insert of existing embedding ID: 3370
Insert of existing embedding ID: 3371
Insert of existing embedding ID: 3372
Insert of existing embedding ID: 3373
Insert of existing embedding ID: 3374
Insert of existing embedding ID: 3375
Insert of existing embedding ID: 3376
Insert of existing embedding ID: 3377
Insert of existing embedding ID: 3378
Insert of existing embedding ID: 3379
Insert of existing embedding ID: 3380
Insert of existing embedding ID: 3381
Insert of existing embedding ID: 3382
Insert of existing embedding ID: 3383
Insert of existing embedding ID: 3384
Insert of existing embedding ID: 3385
Insert of existing embedding ID: 3386
Insert of existing embedding ID: 3387
Insert of existing embedding ID: 3388
Insert of existing embedding ID: 3389
Insert of existing embedding ID: 3390
Insert of existing embedding ID: 3391
Insert of existing embedding ID: 3392
Insert of existing embedding ID: 3393
Insert of existing embedding ID: 3394
Insert of existing embedding ID: 3395
Insert of existing embedding ID: 3396
Insert of existing embedding ID: 3397
Insert of existing embedding ID: 3398
Insert of existing embedding ID: 3399
Insert of existing embedding ID: 3400
Insert of existing embedding ID: 3401
Insert of existing embedding ID: 3402
Insert of existing embedding ID: 3403
Insert of existing embedding ID: 3404
Insert of existing embedding ID: 3405
Insert of existing embedding ID: 3406
Insert of existing embedding ID: 3407
Insert of existing embedding ID: 3408
Insert of existing embedding ID: 3409
Insert of existing embedding ID: 3410
Insert of existing embedding ID: 3411
Insert of existing embedding ID: 3412
Insert of existing embedding ID: 3413
Insert of existing embedding ID: 3414
Insert of existing embedding ID: 3415
Insert of existing embedding ID: 3416
Insert of existing embedding ID: 3417
Insert of existing embedding ID: 3418
Insert of existing embedding ID: 3419
Insert of existing embedding ID: 3420
Insert of existing embedding ID: 3421
Insert of existing embedding ID: 3422
Insert of existing embedding ID: 3423
Insert of existing embedding ID: 3424
Insert of existing embedding ID: 3425
Insert of existing embedding ID: 3426
Insert of existing embedding ID: 3427
Insert of existing embedding ID: 3428
Insert of existing embedding ID: 3429
Insert of existing embedding ID: 3430
Insert of existing embedding ID: 3431
Insert of existing embedding ID: 3432
Insert of existing embedding ID: 3433
Insert of existing embedding ID: 3434
Insert of existing embedding ID: 3435
Insert of existing embedding ID: 3436
Insert of existing embedding ID: 3437
Insert of existing embedding ID: 3438
Insert of existing embedding ID: 3439
Insert of existing embedding ID: 3440
Insert of existing embedding ID: 3441
Insert of existing embedding ID: 3442
Insert of existing embedding ID: 3443
Insert of existing embedding ID: 3444
Insert of existing embedding ID: 3445
Insert of existing embedding ID: 3446
Insert of existing embedding ID: 3447
Insert of existing embedding ID: 3448
Insert of existing embedding ID: 3449
Insert of existing embedding ID: 3450
Insert of existing embedding ID: 3451
Insert of existing embedding ID: 3452
Insert of existing embedding ID: 3453
Insert of existing embedding ID: 3454
Insert of existing embedding ID: 3455
Insert of existing embedding ID: 3456
Insert of existing embedding ID: 3457
Insert of existing embedding ID: 3458
Insert of existing embedding ID: 3459
Insert of existing embedding ID: 3460
Insert of existing embedding ID: 3461
Insert of existing embedding ID: 3462
Insert of existing embedding ID: 3463
Insert of existing embedding ID: 3464
Insert of existing embedding ID: 3465
Insert of existing embedding ID: 3466
Insert of existing embedding ID: 3467
Insert of existing embedding ID: 3468
Insert of existing embedding ID: 3469
Insert of existing embedding ID: 3470
Insert of existing embedding ID: 3471
Insert of existing embedding ID: 3472
Insert of existing embedding ID: 3473
Insert of existing embedding ID: 3474
Insert of existing embedding ID: 3475
Insert of existing embedding ID: 3476
Insert of existing embedding ID: 3477
Insert of existing embedding ID: 3478
Insert of existing embedding ID: 3479
Insert of existing embedding ID: 3480
Insert of existing embedding ID: 3481
Insert of existing embedding ID: 3482
Insert of existing embedding ID: 3483
Insert of existing embedding ID: 3484
Insert of existing embedding ID: 3485
Insert of existing embedding ID: 3486
Insert of existing embedding ID: 3487
Insert of existing embedding ID: 3488
Insert of existing embedding ID: 3489
Insert of existing embedding ID: 3490
Insert of existing embedding ID: 3491
Insert of existing embedding ID: 3492
Insert of existing embedding ID: 3493
Insert of existing embedding ID: 3494
Insert of existing embedding ID: 3495
Insert of existing embedding ID: 3496
Insert of existing embedding ID: 3497
Insert of existing embedding ID: 3498
Insert of existing embedding ID: 3499
Insert of existing embedding ID: 3500
Added batch 2 to ChromaDB. Time taken: 300.81 seconds.
Total of 100 documents out of 5164 documents.
Added batch 3 to ChromaDB. Time taken: 322.45 seconds.
Total of 150 documents out of 5164 documents.
Added batch 4 to ChromaDB. Time taken: 319.45 seconds.
Total of 200 documents out of 5164 documents.
Added batch 5 to ChromaDB. Time taken: 274.29 seconds.
Total of 250 documents out of 5164 documents.
Added batch 6 to ChromaDB. Time taken: 312.30 seconds.
Total of 300 documents out of 5164 documents.
Added batch 7 to ChromaDB. Time taken: 314.06 seconds.
Total of 350 documents out of 5164 documents.
Added batch 8 to ChromaDB. Time taken: 300.28 seconds.
Total of 400 documents out of 5164 documents.
Added batch 9 to ChromaDB. Time taken: 297.81 seconds.
Total of 450 documents out of 5164 documents.
Added batch 10 to ChromaDB. Time taken: 273.34 seconds.
Total of 500 documents out of 5164 documents.
Added batch 11 to ChromaDB. Time taken: 288.37 seconds.
Total of 550 documents out of 5164 documents.
Added batch 12 to ChromaDB. Time taken: 305.95 seconds.
Total of 600 documents out of 5164 documents.
Added batch 13 to ChromaDB. Time taken: 320.22 seconds.
Total of 650 documents out of 5164 documents.
Added batch 14 to ChromaDB. Time taken: 279.64 seconds.
Total of 700 documents out of 5164 documents.
Added batch 15 to ChromaDB. Time taken: 338.62 seconds.
Total of 750 documents out of 5164 documents.
Added batch 16 to ChromaDB. Time taken: 306.49 seconds.
Total of 800 documents out of 5164 documents.
Added batch 17 to ChromaDB. Time taken: 271.01 seconds.
Total of 850 documents out of 5164 documents.
Added batch 18 to ChromaDB. Time taken: 262.95 seconds.
Total of 900 documents out of 5164 documents.
Added batch 19 to ChromaDB. Time taken: 296.61 seconds.
Total of 950 documents out of 5164 documents.
Added batch 20 to ChromaDB. Time taken: 312.49 seconds.
Total of 1000 documents out of 5164 documents.
Added batch 21 to ChromaDB. Time taken: 310.83 seconds.
Total of 1050 documents out of 5164 documents.
Added batch 22 to ChromaDB. Time taken: 299.72 seconds.
Total of 1100 documents out of 5164 documents.
Added batch 23 to ChromaDB. Time taken: 298.65 seconds.
Total of 1150 documents out of 5164 documents.
Added batch 24 to ChromaDB. Time taken: 269.25 seconds.
Total of 1200 documents out of 5164 documents.
Added batch 25 to ChromaDB. Time taken: 294.54 seconds.
Total of 1250 documents out of 5164 documents.
Added batch 26 to ChromaDB. Time taken: 297.78 seconds.
Total of 1300 documents out of 5164 documents.
Added batch 27 to ChromaDB. Time taken: 281.52 seconds.
Total of 1350 documents out of 5164 documents.
Added batch 28 to ChromaDB. Time taken: 282.96 seconds.
Total of 1400 documents out of 5164 documents.
Added batch 29 to ChromaDB. Time taken: 267.19 seconds.
Total of 1450 documents out of 5164 documents.
Added batch 30 to ChromaDB. Time taken: 258.13 seconds.
Total of 1500 documents out of 5164 documents.
Added batch 31 to ChromaDB. Time taken: 281.08 seconds.
Total of 1550 documents out of 5164 documents.
Added batch 32 to ChromaDB. Time taken: 285.82 seconds.
Total of 1600 documents out of 5164 documents.
Added batch 33 to ChromaDB. Time taken: 292.21 seconds.
Total of 1650 documents out of 5164 documents.
Added batch 34 to ChromaDB. Time taken: 287.04 seconds.
Total of 1700 documents out of 5164 documents.
Added batch 35 to ChromaDB. Time taken: 273.58 seconds.
Total of 1750 documents out of 5164 documents.
Added batch 36 to ChromaDB. Time taken: 273.01 seconds.
Total of 1800 documents out of 5164 documents.
Added batch 37 to ChromaDB. Time taken: 272.83 seconds.
Total of 1850 documents out of 5164 documents.
Added batch 38 to ChromaDB. Time taken: 267.51 seconds.
Total of 1900 documents out of 5164 documents.
Added batch 39 to ChromaDB. Time taken: 258.51 seconds.
Total of 1950 documents out of 5164 documents.
Added batch 40 to ChromaDB. Time taken: 310.97 seconds.
Total of 2000 documents out of 5164 documents.
Added batch 41 to ChromaDB. Time taken: 244.41 seconds.
Total of 2050 documents out of 5164 documents.
Added batch 42 to ChromaDB. Time taken: 293.22 seconds.
Total of 2100 documents out of 5164 documents.
Added batch 43 to ChromaDB. Time taken: 317.95 seconds.
Total of 2150 documents out of 5164 documents.
Added batch 44 to ChromaDB. Time taken: 291.66 seconds.
Total of 2200 documents out of 5164 documents.
Added batch 45 to ChromaDB. Time taken: 261.11 seconds.
Total of 2250 documents out of 5164 documents.
Added batch 46 to ChromaDB. Time taken: 310.49 seconds.
Total of 2300 documents out of 5164 documents.
Added batch 47 to ChromaDB. Time taken: 252.02 seconds.
Total of 2350 documents out of 5164 documents.
Added batch 48 to ChromaDB. Time taken: 288.29 seconds.
Total of 2400 documents out of 5164 documents.
Added batch 49 to ChromaDB. Time taken: 295.81 seconds.
Total of 2450 documents out of 5164 documents.
Added batch 50 to ChromaDB. Time taken: 267.13 seconds.
Total of 2500 documents out of 5164 documents.
Added batch 51 to ChromaDB. Time taken: 258.91 seconds.
Total of 2550 documents out of 5164 documents.
Added batch 52 to ChromaDB. Time taken: 286.22 seconds.
Total of 2600 documents out of 5164 documents.
Added batch 53 to ChromaDB. Time taken: 281.07 seconds.
Total of 2650 documents out of 5164 documents.
Added batch 54 to ChromaDB. Time taken: 277.14 seconds.
Total of 2700 documents out of 5164 documents.
Added batch 55 to ChromaDB. Time taken: 265.65 seconds.
Total of 2750 documents out of 5164 documents.
Added batch 56 to ChromaDB. Time taken: 295.56 seconds.
Total of 2800 documents out of 5164 documents.
Added batch 57 to ChromaDB. Time taken: 286.92 seconds.
Total of 2850 documents out of 5164 documents.
Added batch 58 to ChromaDB. Time taken: 265.74 seconds.
Total of 2900 documents out of 5164 documents.
Added batch 59 to ChromaDB. Time taken: 255.35 seconds.
Total of 2950 documents out of 5164 documents.
Added batch 60 to ChromaDB. Time taken: 270.82 seconds.
Total of 3000 documents out of 5164 documents.
Added batch 61 to ChromaDB. Time taken: 274.99 seconds.
Total of 3050 documents out of 5164 documents.
Added batch 62 to ChromaDB. Time taken: 277.45 seconds.
Total of 3100 documents out of 5164 documents.
Added batch 63 to ChromaDB. Time taken: 270.01 seconds.
Total of 3150 documents out of 5164 documents.
Added batch 64 to ChromaDB. Time taken: 253.80 seconds.
Total of 3200 documents out of 5164 documents.
Added batch 65 to ChromaDB. Time taken: 256.34 seconds.
Total of 3250 documents out of 5164 documents.
Added batch 66 to ChromaDB. Time taken: 302.70 seconds.
Total of 3300 documents out of 5164 documents.
Added batch 67 to ChromaDB. Time taken: 265.05 seconds.
Total of 3350 documents out of 5164 documents.
Added batch 68 to ChromaDB. Time taken: 255.08 seconds.
Total of 3400 documents out of 5164 documents.
Added batch 69 to ChromaDB. Time taken: 262.32 seconds.
Total of 3450 documents out of 5164 documents.
Added batch 70 to ChromaDB. Time taken: 258.93 seconds.
Total of 3500 documents out of 5164 documents.
Added batch 71 to ChromaDB. Time taken: 265.80 seconds.
Total of 3550 documents out of 5164 documents.
Added batch 72 to ChromaDB. Time taken: 274.23 seconds.
Total of 3600 documents out of 5164 documents.
Added batch 73 to ChromaDB. Time taken: 254.28 seconds.
Total of 3650 documents out of 5164 documents.
Added batch 74 to ChromaDB. Time taken: 247.14 seconds.
Total of 3700 documents out of 5164 documents.
Added batch 75 to ChromaDB. Time taken: 267.87 seconds.
Total of 3750 documents out of 5164 documents.
Added batch 76 to ChromaDB. Time taken: 227.40 seconds.
Total of 3800 documents out of 5164 documents.
Added batch 77 to ChromaDB. Time taken: 308.23 seconds.
Total of 3850 documents out of 5164 documents.
Added batch 78 to ChromaDB. Time taken: 241.25 seconds.
Total of 3900 documents out of 5164 documents.
Added batch 79 to ChromaDB. Time taken: 256.01 seconds.
Total of 3950 documents out of 5164 documents.
Added batch 80 to ChromaDB. Time taken: 293.23 seconds.
Total of 4000 documents out of 5164 documents.
Added batch 81 to ChromaDB. Time taken: 263.53 seconds.
Total of 4050 documents out of 5164 documents.
Added batch 82 to ChromaDB. Time taken: 274.42 seconds.
Total of 4100 documents out of 5164 documents.
Added batch 83 to ChromaDB. Time taken: 262.88 seconds.
Total of 4150 documents out of 5164 documents.
Added batch 84 to ChromaDB. Time taken: 260.78 seconds.
Total of 4200 documents out of 5164 documents.
Added batch 85 to ChromaDB. Time taken: 274.68 seconds.
Total of 4250 documents out of 5164 documents.
Added batch 86 to ChromaDB. Time taken: 251.20 seconds.
Total of 4300 documents out of 5164 documents.
Added batch 87 to ChromaDB. Time taken: 236.54 seconds.
Total of 4350 documents out of 5164 documents.
Added batch 88 to ChromaDB. Time taken: 256.15 seconds.
Total of 4400 documents out of 5164 documents.
Added batch 89 to ChromaDB. Time taken: 259.56 seconds.
Total of 4450 documents out of 5164 documents.
Added batch 90 to ChromaDB. Time taken: 258.04 seconds.
Total of 4500 documents out of 5164 documents.
Added batch 91 to ChromaDB. Time taken: 268.90 seconds.
Total of 4550 documents out of 5164 documents.
Added batch 92 to ChromaDB. Time taken: 251.58 seconds.
Total of 4600 documents out of 5164 documents.
Added batch 93 to ChromaDB. Time taken: 267.87 seconds.
Total of 4650 documents out of 5164 documents.
Added batch 94 to ChromaDB. Time taken: 280.16 seconds.
Total of 4700 documents out of 5164 documents.
Added batch 95 to ChromaDB. Time taken: 240.47 seconds.
Total of 4750 documents out of 5164 documents.
Added batch 96 to ChromaDB. Time taken: 207.38 seconds.
Total of 4800 documents out of 5164 documents.
Added batch 97 to ChromaDB. Time taken: 260.83 seconds.
Total of 4850 documents out of 5164 documents.
Added batch 98 to ChromaDB. Time taken: 261.84 seconds.
Total of 4900 documents out of 5164 documents.
Added batch 99 to ChromaDB. Time taken: 286.09 seconds.
Total of 4950 documents out of 5164 documents.
Added batch 100 to ChromaDB. Time taken: 262.53 seconds.
Total of 5000 documents out of 5164 documents.
Added batch 101 to ChromaDB. Time taken: 241.54 seconds.
Total of 5050 documents out of 5164 documents.
Added batch 102 to ChromaDB. Time taken: 251.77 seconds.
Total of 5100 documents out of 5164 documents.
Added batch 103 to ChromaDB. Time taken: 232.03 seconds.
Total of 5150 documents out of 5164 documents.
Added batch 104 to ChromaDB. Time taken: 73.12 seconds.
Total of 5200 documents out of 5164 documents.
Total documents stored in ChromaDB: 166547
Total execution time: 28518.68 seconds.
